time,uniswap_volume,bybit_volume,uniswap_min_price,uniswap_max_price,bybit_min_price,bybit_max_price
2025-07-01 00:00:00+00:00,0.0,0.0,1.0001786116927605,1.000379188704617,0.9995,0.9996
2025-07-01 01:00:00+00:00,0.0,0.0,1.000177635034593,1.0003788218670042,0.9995,0.9996
2025-07-01 02:00:00+00:00,0.0,0.0,1.0000438938322116,1.000372800758287,0.9996,0.9996
2025-07-01 03:00:00+00:00,0.0,0.0,1.000066369107322,1.0002866558696255,0.9995,0.9996
2025-07-01 04:00:00+00:00,0.0,0.0,1.000092906061916,1.0002997940090204,0.9995,0.9996
2025-07-01 05:00:00+00:00,0.0,0.0,1.0001002240285817,1.0003140743935035,0.9995,0.9998
2025-07-01 06:00:00+00:00,0.0,0.0,1.0001138448130489,1.0003246717176264,0.9997,0.9998
2025-07-01 07:00:00+00:00,0.0,0.0,1.000124,1.0003273945175513,0.9997,0.9998
2025-07-01 08:00:00+00:00,0.0,0.0,1.0001256700664136,1.0003323518881448,0.9997,0.9998
2025-07-01 09:00:00+00:00,0.0,0.0,1.0001327366666668,1.0003450586506175,0.9997,0.9998
2025-07-01 10:00:00+00:00,0.0,0.0,1.0001444112791391,1.0003523694859222,0.9997,0.9998
2025-07-01 11:00:00+00:00,0.0,0.0,1.000151810589796,1.0003572730269998,0.9997,0.9998
2025-07-01 12:00:00+00:00,0.0,0.0,1.000157346258875,1.000359942283479,0.9997,0.9998
2025-07-01 13:00:00+00:00,0.0,0.0,1.0001599472222222,1.000367173381863,0.9997,0.9998
2025-07-01 14:00:00+00:00,0.0,0.0,1.0001669835,1.000396808029925,0.9997,0.9998
2025-07-01 15:00:00+00:00,0.0,0.0,1.0001985245627163,1.000399337765912,0.9997,0.9998
2025-07-01 16:00:00+00:00,0.0,0.0,1.000199070300752,1.000400978084048,0.9997,0.9998
2025-07-01 17:00:00+00:00,0.0,0.0,1.0002002695300056,1.0004049281719514,0.9997,0.9998
2025-07-01 18:00:00+00:00,0.0,0.0,1.0001976428091397,1.000404507505641,0.9997,0.9998
2025-07-01 19:00:00+00:00,0.0,0.0,1.0001801358,1.0004164318287552,0.9997,0.9998
2025-07-01 20:00:00+00:00,0.0,0.0,1.0001579743333333,1.000384245185052,0.9997,0.9998
2025-07-01 21:00:00+00:00,0.0,0.0,1.000157971458945,1.0003772971512297,0.9997,0.9999
2025-07-01 22:00:00+00:00,0.0,0.0,1.0001652200000002,1.000374340723636,0.9998,0.9999
2025-07-01 23:00:00+00:00,0.0,0.0,1.000163336807743,1.0003908479166663,0.9998,0.9999
2025-07-02 00:00:00+00:00,0.0,0.0,1.0001823080266212,1.0003888912646672,0.9998,0.9999
2025-07-02 01:00:00+00:00,0.0,0.0,1.0001671282431737,1.0004202704499248,0.9998,0.9999
2025-07-02 02:00:00+00:00,0.0,0.0,1.0001642528299688,1.000373335545692,0.9998,0.9999
2025-07-02 03:00:00+00:00,0.0,0.0,1.0001637630526752,1.0003760520799143,0.9998,0.9999
2025-07-02 04:00:00+00:00,0.0,0.0,1.0001588499181115,1.000370828642105,0.9998,0.9999
2025-07-02 05:00:00+00:00,0.0,0.0,1.000156068657321,1.0003625214997662,0.9998,0.9999
2025-07-02 06:00:00+00:00,0.0,0.0,1.000155,1.0003623998362798,0.9998,0.9999
2025-07-02 07:00:00+00:00,0.0,0.0,1.0001547866911378,1.0003655313143198,0.9998,0.9999
2025-07-02 08:00:00+00:00,0.0,0.0,1.0001694595343034,1.0003710984841805,0.9998,0.9999
2025-07-02 09:00:00+00:00,0.0,0.0,1.000170223037559,1.0003774066735422,0.9998,0.9999
2025-07-02 10:00:00+00:00,0.0,0.0,1.0001772008662866,1.0003778455341694,0.9998,0.9999
2025-07-02 11:00:00+00:00,0.0,0.0,1.000177234,1.0003790913963937,0.9998,0.9999
2025-07-02 12:00:00+00:00,0.0,0.0,1.000177,1.0003785702612082,0.9998,0.9999
2025-07-02 13:00:00+00:00,0.0,0.0,1.000176,1.0003779555896155,0.9998,0.9999
2025-07-02 14:00:00+00:00,0.0,0.0,1.000177,1.000403324461251,0.9998,0.9999
2025-07-02 15:00:00+00:00,0.0,0.0,1.0002031149193549,1.0004354766729011,0.9998,0.9999
2025-07-02 16:00:00+00:00,0.0,0.0,1.0002345352,1.0004946420102034,0.9998,0.9999
2025-07-02 17:00:00+00:00,0.0,0.0,1.0002936566705325,1.0005696208527373,0.9998,0.9999
2025-07-02 18:00:00+00:00,0.0,0.0,1.000367649122807,1.0006406823885272,0.9998,0.9999
2025-07-02 19:00:00+00:00,0.0,0.0,1.0004404586834734,1.000680604452901,0.9998,0.9999
2025-07-02 20:00:00+00:00,0.0,0.0,1.0004805141901083,1.0007377812395306,0.9998,0.9999
2025-07-02 21:00:00+00:00,0.0,0.0,1.000414989473228,1.0007099788181637,0.9998,0.9999
2025-07-02 22:00:00+00:00,0.0,0.0,1.0004146486666667,1.0006196775436187,0.9998,0.9999
2025-07-02 23:00:00+00:00,0.0,0.0,1.0004048362185372,1.0006233779841278,0.9998,0.9999
2025-07-03 00:00:00+00:00,0.0,0.0,1.0004057102048705,1.000609352249976,0.9998,0.9999
2025-07-03 01:00:00+00:00,0.0,0.0,1.0004081388507726,1.0006185179657807,0.9998,0.9999
2025-07-03 02:00:00+00:00,0.0,0.0,1.0003677926092365,1.0006186110209143,0.9998,0.9999
2025-07-03 03:00:00+00:00,0.0,0.0,1.000363344394088,1.0005653920124922,0.9998,0.9999
2025-07-03 04:00:00+00:00,0.0,0.0,1.0003663665001503,1.000576292557211,0.9998,0.9999
2025-07-03 05:00:00+00:00,0.0,0.0,1.000323811509857,1.0005842875441922,0.9998,0.9999
2025-07-03 06:00:00+00:00,0.0,0.0,1.000324,1.000528857273185,0.9998,0.9999
2025-07-03 07:00:00+00:00,0.0,0.0,1.0003205938924322,1.0005294832208176,0.9998,0.9999
2025-07-03 08:00:00+00:00,0.0,0.0,1.00032093,1.000521641226494,0.9998,0.9999
2025-07-03 09:00:00+00:00,0.0,0.0,1.0002983386152549,1.000524154427732,0.9998,0.9999
2025-07-03 10:00:00+00:00,0.0,0.0,1.0003029844472469,1.0005055554571725,0.9998,0.9999
2025-07-03 11:00:00+00:00,0.0,0.0,1.0003055714285711,1.0005106867329825,0.9998,0.9999
2025-07-03 12:00:00+00:00,0.0,0.0,1.000310290245083,1.0005167163158943,0.999,0.9999
2025-07-03 13:00:00+00:00,0.0,0.0,1.0003055451367424,1.0005171729434963,0.9997,0.9998
2025-07-03 14:00:00+00:00,0.0,0.0,1.000305291085454,1.0005188130578404,0.9997,0.9998
2025-07-03 15:00:00+00:00,0.0,0.0,1.0003185483870969,1.0005204710204605,0.9997,0.9998
2025-07-03 16:00:00+00:00,0.0,0.0,1.0003202306920762,1.0005264757642136,0.9997,0.9998
2025-07-03 17:00:00+00:00,0.0,0.0,1.000326423780047,1.0005289463029454,0.9997,0.9998
2025-07-03 18:00:00+00:00,0.0,0.0,1.000327620967742,1.0005322546306152,0.9998,0.9998
2025-07-03 19:00:00+00:00,0.0,0.0,1.0003290322821692,1.0005493910014682,0.9997,0.9998
2025-07-03 20:00:00+00:00,0.0,0.0,1.0003480155689073,1.0005496153626692,0.9997,0.9998
2025-07-03 21:00:00+00:00,0.0,0.0,1.000347763546798,1.0005545760682568,0.9997,0.9998
2025-07-03 22:00:00+00:00,0.0,0.0,1.0003535916978614,1.0005553500863944,0.9997,0.9998
2025-07-03 23:00:00+00:00,0.0,0.0,1.0003535806666668,1.000559992926405,0.9997,0.9998
2025-07-04 00:00:00+00:00,0.0,0.0,1.000351742138225,1.0005549720884894,0.9997,0.9998
2025-07-04 01:00:00+00:00,0.0,0.0,1.0003501108967767,1.0005520897830908,0.9997,0.9998
2025-07-04 02:00:00+00:00,0.0,0.0,1.0003498810094025,1.0005519297792285,0.9997,0.9998
2025-07-04 03:00:00+00:00,0.0,0.0,1.0003515018986662,1.0005559054744717,0.9997,0.9998
2025-07-04 04:00:00+00:00,0.0,0.0,1.00035568,1.0005617613624007,0.9997,0.9998
2025-07-04 05:00:00+00:00,0.0,0.0,1.0003518115407457,1.0005563564279554,0.9997,0.9998
2025-07-04 06:00:00+00:00,0.0,0.0,1.0003300197703433,1.0005542700724408,0.9997,0.9998
2025-07-04 07:00:00+00:00,0.0,0.0,1.000332356922452,1.0006040731791508,0.9997,0.9998
2025-07-04 08:00:00+00:00,0.0,0.0,1.000323557907,1.0005397558921376,0.9997,0.9998
2025-07-04 09:00:00+00:00,0.0,0.0,1.0003148793392695,1.0005169727894363,0.9997,0.9998
2025-07-04 10:00:00+00:00,0.0,0.0,1.000316348064708,1.000518797489684,0.9997,0.9998
2025-07-04 11:00:00+00:00,0.0,0.0,1.0002586318375792,1.0005239277318028,0.9997,0.9998
2025-07-04 12:00:00+00:00,0.0,0.0,1.000318,1.0005247575010885,0.9997,0.9998
2025-07-04 13:00:00+00:00,0.0,0.0,1.0003205630395005,1.0005227254361853,0.9997,0.9998
2025-07-04 14:00:00+00:00,0.0,0.0,1.0003149389877288,1.0005298052481084,0.9997,0.9998
2025-07-04 15:00:00+00:00,0.0,0.0,1.000318184110971,1.0005197527500231,0.9997,0.9998
2025-07-04 16:00:00+00:00,0.0,0.0,1.0003186085213032,1.0005323735425116,0.9997,0.9998
2025-07-04 17:00:00+00:00,0.0,0.0,1.000299205566631,1.0005296523201843,0.9997,0.9998
2025-07-04 18:00:00+00:00,0.0,0.0,1.0002496575871245,1.0005147290487166,0.9997,0.9998
2025-07-04 19:00:00+00:00,0.0,0.0,1.0001733528981769,1.0004365863709537,0.9997,0.9998
2025-07-04 20:00:00+00:00,0.0,0.0,1.0001703011571634,1.000375695262464,0.9997,0.9998
2025-07-04 21:00:00+00:00,0.0,0.0,1.0001709778240069,1.0003724835849117,0.9997,0.9998
2025-07-04 22:00:00+00:00,0.0,0.0,1.0001718474314918,1.0003835366217213,0.9997,0.9998
2025-07-04 23:00:00+00:00,0.0,0.0,1.0001842645842445,1.0003864891714065,0.9997,0.9998
2025-07-05 00:00:00+00:00,0.0,0.0,1.0001833928647668,1.00038675806226,0.9997,0.9998
2025-07-05 01:00:00+00:00,0.0,0.0,1.00018191680779,1.0003844865289304,0.9997,0.9998
2025-07-05 02:00:00+00:00,0.0,0.0,1.000183383923432,1.0003843476663734,0.9997,0.9998
2025-07-05 03:00:00+00:00,0.0,0.0,1.00018284600011,1.0003890781756235,0.9997,0.9998
2025-07-05 04:00:00+00:00,0.0,0.0,1.0001866130008847,1.0003887590999168,0.9997,0.9998
2025-07-05 05:00:00+00:00,0.0,0.0,1.0001875999999998,1.0003938768534042,0.9997,0.9998
2025-07-05 06:00:00+00:00,0.0,0.0,1.0001976492733229,1.0004060260132912,0.9997,0.9998
2025-07-05 07:00:00+00:00,0.0,0.0,1.000205740661484,1.0004069522626424,0.9997,0.9998
2025-07-05 08:00:00+00:00,0.0,0.0,1.0002066267204337,1.0004108618748035,0.9997,0.9998
2025-07-05 09:00:00+00:00,0.0,0.0,1.000210035455928,1.0004115910597506,0.9997,0.9998
2025-07-05 10:00:00+00:00,0.0,0.0,1.0002113413010836,1.000419693768271,0.9997,0.9998
2025-07-05 11:00:00+00:00,0.0,0.0,1.0002120187240289,1.000413259333413,0.9997,0.9998
2025-07-05 12:00:00+00:00,0.0,0.0,1.000212737341468,1.0004169553281326,0.9997,0.9998
2025-07-05 13:00:00+00:00,0.0,0.0,1.000218528566806,1.0004196755377155,0.9997,0.9998
2025-07-05 14:00:00+00:00,0.0,0.0,1.0002016129032258,1.0004198804330653,0.9997,0.9998
2025-07-05 15:00:00+00:00,0.0,0.0,1.0002196180225484,1.0004311407375144,0.9997,0.9998
2025-07-05 16:00:00+00:00,0.0,0.0,1.000219204852237,1.0004294796274664,0.9997,0.9998
2025-07-05 17:00:00+00:00,0.0,0.0,1.000218814497985,1.0004193641448804,0.9997,0.9998
2025-07-05 18:00:00+00:00,0.0,0.0,1.0002191435857148,1.000419944342305,0.9997,0.9998
2025-07-05 19:00:00+00:00,0.0,0.0,1.000219019630306,1.0004211670554974,0.9997,0.9998
2025-07-05 20:00:00+00:00,0.0,0.0,1.000218621684209,1.0004193427432757,0.9997,0.9998
2025-07-05 21:00:00+00:00,0.0,0.0,1.000217970596737,1.0004188000079135,0.9997,0.9998
2025-07-05 22:00:00+00:00,0.0,0.0,1.0002174902455512,1.0004207476645506,0.9997,0.9998
2025-07-05 23:00:00+00:00,0.0,0.0,1.0002148969019935,1.0004174091651024,0.9997,0.9998
2025-07-06 00:00:00+00:00,0.0,0.0,1.0002168765006705,1.0004173897216997,0.9997,0.9998
2025-07-06 01:00:00+00:00,0.0,0.0,1.0002089128833278,1.000419177984867,0.9997,0.9998
2025-07-06 02:00:00+00:00,0.0,0.0,1.000217950528209,1.000491378540159,0.9997,0.9998
2025-07-06 03:00:00+00:00,0.0,0.0,1.0002177692545642,1.0004187003377765,0.9997,0.9998
2025-07-06 04:00:00+00:00,0.0,0.0,1.0002179368624542,1.0004187421978208,0.9997,0.9998
2025-07-06 05:00:00+00:00,0.0,0.0,1.0002178447493086,1.0004222081486172,0.9997,0.9998
2025-07-06 06:00:00+00:00,0.0,0.0,1.0002167338709678,1.0004427812091712,0.9997,0.9998
2025-07-06 07:00:00+00:00,0.0,0.0,1.0002141162113571,1.0004427875154212,0.9997,0.9998
2025-07-06 08:00:00+00:00,0.0,0.0,1.000215094891712,1.000430179567935,0.9997,0.9998
2025-07-06 09:00:00+00:00,0.0,0.0,1.0002284678924829,1.0004329758718042,,
2025-07-06 10:00:00+00:00,0.0,0.0,1.0002319690553154,1.0004333893926989,0.9997,0.9998
2025-07-06 11:00:00+00:00,0.0,0.0,1.0002320453784013,1.00043449222391,0.9997,0.9998
2025-07-06 12:00:00+00:00,0.0,0.0,1.000234106334579,1.0004376258093992,0.9997,0.9998
2025-07-06 13:00:00+00:00,0.0,0.0,1.0002346384523115,1.000438078328586,0.9997,0.9998
2025-07-06 14:00:00+00:00,0.0,0.0,1.000234968730556,1.0004378865083314,0.9997,0.9998
2025-07-06 15:00:00+00:00,0.0,0.0,1.000234722957717,1.000441338242947,0.9997,0.9998
2025-07-06 16:00:00+00:00,0.0,0.0,1.000233741453331,1.0004409046654132,0.9997,0.9998
2025-07-06 17:00:00+00:00,0.0,0.0,1.0001861428837346,1.0004363793063478,0.9997,0.9998
2025-07-06 18:00:00+00:00,0.0,0.0,1.0001862,1.000388176538254,0.9997,0.9998
2025-07-06 19:00:00+00:00,0.0,0.0,1.000177930338213,1.0003892883130767,0.9997,0.9998
2025-07-06 20:00:00+00:00,0.0,0.0,1.000177,1.0003780920541137,0.9997,0.9998
2025-07-06 21:00:00+00:00,0.0,0.0,1.000176682514001,1.0003791931930457,0.9997,0.9998
2025-07-06 22:00:00+00:00,0.0,0.0,1.0001702191454374,1.0003774364044908,0.9997,0.9998
2025-07-06 23:00:00+00:00,0.0,0.0,1.0001706002094437,1.0003716341932642,0.9997,0.9998
2025-07-07 00:00:00+00:00,0.0,0.0,1.000171475186641,1.000373430844661,0.9997,0.9998
2025-07-07 01:00:00+00:00,0.0,0.0,1.000172812105927,1.0003738054862843,0.9997,0.9998
2025-07-07 02:00:00+00:00,0.0,0.0,1.0001725318389023,1.0003748148753675,0.9997,0.9998
2025-07-07 03:00:00+00:00,0.0,0.0,1.0001541701398275,1.0003728651979922,0.9997,0.9998
2025-07-07 04:00:00+00:00,0.0,0.0,1.0001529921386123,1.0003559830100055,0.9997,0.9998
2025-07-07 05:00:00+00:00,0.0,0.0,1.000107705969291,1.000357021673247,0.9997,0.9998
2025-07-07 06:00:00+00:00,0.0,0.0,1.0000993178913509,1.0003009340548803,0.9997,0.9998
2025-07-07 07:00:00+00:00,0.0001020408163265,0.0,1.0000997576885744,1.020408163265306,0.9997,0.9998
2025-07-07 08:00:00+00:00,0.0,0.0,1.0001018226249871,1.000311529504757,0.9997,1.0003
2025-07-07 09:00:00+00:00,0.0,0.0,1.0001030586927655,1.0003110547249552,0.9998,0.9999
2025-07-07 10:00:00+00:00,0.0,0.0,1.0000651172690995,1.000305468251975,0.9998,0.9999
2025-07-07 11:00:00+00:00,0.0,0.0,1.000066459666645,1.0002686371465352,0.9998,0.9999
2025-07-07 12:00:00+00:00,0.0,0.0,1.0,1.0002687369540526,0.9998,0.9999
2025-07-07 13:00:00+00:00,0.0,0.0,1.000056288803091,1.0002593473285,0.9998,0.9999
2025-07-07 14:00:00+00:00,0.0,0.0,1.0000582927123638,1.0002668059927546,0.9998,0.9999
2025-07-07 15:00:00+00:00,0.0,0.0,1.0000482675133855,1.00026972552946,0.9998,0.9999
2025-07-07 16:00:00+00:00,0.0,0.0,0.9999407683809132,1.000252392662623,0.9998,0.9999
2025-07-07 17:00:00+00:00,0.0,0.0,0.9999467045780152,1.0001593365841024,0.9998,0.9999
2025-07-07 18:00:00+00:00,0.0,0.0,0.9999598198852782,1.000171341410542,0.9998,0.9999
2025-07-07 19:00:00+00:00,0.0,0.0,0.9999723343653252,1.0001749862631557,0.9998,0.9999
2025-07-07 20:00:00+00:00,0.0,0.0,0.9999743489294348,1.000192243096399,0.9998,0.9999
2025-07-07 21:00:00+00:00,0.0,0.0,0.9999926024952916,1.0001951220988194,0.9998,0.9999
2025-07-07 22:00:00+00:00,0.0,0.0,0.999993810974792,1.0001960137667696,0.9999,1.0
2025-07-07 23:00:00+00:00,0.0,0.0,0.9999958158138574,1.0001990314469686,0.9999,1.0
2025-07-08 00:00:00+00:00,0.0,0.0,0.9999445145018916,1.0002307447752463,0.9999,1.0
2025-07-08 01:00:00+00:00,0.0,0.0,0.9999450261144912,1.000147218685808,0.9999,1.0
2025-07-08 02:00:00+00:00,0.0,0.0,0.9999431459767656,1.0001472679178522,0.9999,1.0
2025-07-08 03:00:00+00:00,0.0,0.0,0.999945564516129,1.0001542375006358,0.9999,1.0
2025-07-08 04:00:00+00:00,0.0,0.0,0.999953538021233,1.0002000400080016,0.9999,1.0
2025-07-08 05:00:00+00:00,0.0,0.0,0.9999543562821646,1.0001584049053442,0.9999,1.0
2025-07-08 06:00:00+00:00,0.0,0.0,0.999959458673792,1.0001653842484646,0.9999,1.0
2025-07-08 07:00:00+00:00,0.0,0.0,0.9999653225806452,1.000170974330316,0.9999,1.0
2025-07-08 08:00:00+00:00,0.0,0.0,0.9999704996244124,1.0001766920845818,0.9999,1.0
2025-07-08 09:00:00+00:00,0.0,0.0,0.9999,1.0001825675977447,0.9999,1.0
2025-07-08 10:00:00+00:00,0.0,0.0,0.9999583453341014,1.000167152727378,0.9999,1.0
2025-07-08 11:00:00+00:00,0.0,0.0,0.9999576209682972,1.0001887033803754,0.9999,1.0
2025-07-08 12:00:00+00:00,0.0,0.0,0.9999881912442397,1.0001890100318982,0.9999,1.0
2025-07-08 13:00:00+00:00,0.0,0.0,0.9999865503782296,1.0001921992927212,0.9999,1.0
2025-07-08 14:00:00+00:00,0.0,0.0,0.9999870985,1.0001925730133536,0.9999,1.0
2025-07-08 15:00:00+00:00,0.0,0.0,0.9999861734456232,1.0001935607513448,0.9999,1.0
2025-07-08 16:00:00+00:00,0.0,0.0,0.9999859315206376,1.0001923588515766,0.9999,1.0
2025-07-08 17:00:00+00:00,0.0,0.0,0.999985009257597,1.0001932960530655,0.9999,1.0
2025-07-08 18:00:00+00:00,0.0,0.0,0.9999919627909368,1.000199190591827,1.0,1.0
2025-07-08 19:00:00+00:00,0.0,0.0,0.999998146446484,1.0002060181475207,0.9999,1.0
2025-07-08 20:00:00+00:00,0.0,0.0,1.0000072833400333,1.0002114100124757,0.9999,1.0
2025-07-08 21:00:00+00:00,0.0,0.0,1.000007952226761,1.0002350272448264,0.9999,1.0
2025-07-08 22:00:00+00:00,0.0,0.0,1.0000423106866023,1.0002447596926478,0.9999,1.0
2025-07-08 23:00:00+00:00,0.0,0.0,1.000044947976592,1.0002471128771886,0.9999,1.0
2025-07-09 00:00:00+00:00,0.0,0.0,1.0000459733124922,1.0002518679574646,0.9999,1.0
2025-07-09 01:00:00+00:00,0.0,0.0,1.0000509593514366,1.000253363841204,0.9999,0.9999
2025-07-09 02:00:00+00:00,0.0,0.0,1.000049097877532,1.0002575661887996,0.9999,1.0
2025-07-09 03:00:00+00:00,0.0,0.0,1.000057,1.0002585643652993,0.9999,1.0
2025-07-09 04:00:00+00:00,0.0,0.0,1.000039645568617,1.000260226396965,1.0,1.0
2025-07-09 05:00:00+00:00,0.0,0.0,1.00005575741806,1.000259234030702,0.9999,1.0
2025-07-09 06:00:00+00:00,0.0,0.0,1.000058361729201,1.0002592130261203,0.9999,1.0
2025-07-09 07:00:00+00:00,0.0,0.0,1.0000585353699971,1.000261970426836,0.9999,1.0
2025-07-09 08:00:00+00:00,0.0,0.0,1.000067668012273,1.000285598920633,0.9999,1.0
2025-07-09 09:00:00+00:00,0.0,0.0,1.0000708241670409,1.0002736672189243,0.9999,1.0
2025-07-09 10:00:00+00:00,0.0,0.0,1.0000718133329385,1.0002816613568155,0.9999,1.0001
2025-07-09 11:00:00+00:00,0.0,0.0,1.0000808344532826,1.0002847097229337,1.0,1.0001
2025-07-09 12:00:00+00:00,0.0,0.0,1.0000837785142167,1.000289652266811,1.0,1.0001
2025-07-09 13:00:00+00:00,0.0,0.0,1.000040415459206,1.0002849513445782,1.0,1.0001
2025-07-09 14:00:00+00:00,0.0,0.0,1.000037543888345,1.0002533755625935,1.0,1.0001
2025-07-09 15:00:00+00:00,0.0,0.0,1.0000382480930374,1.0002456864575433,0.9999,1.0001
2025-07-09 16:00:00+00:00,0.0,0.0,1.000036196998545,1.0002575828600009,0.9999,1.0
2025-07-09 17:00:00+00:00,0.0,0.0,1.0000337286545802,1.0002572238020817,0.9999,1.0
2025-07-09 18:00:00+00:00,0.0,0.0,0.9999724370394434,1.0002508340332936,0.9999,1.0
2025-07-09 19:00:00+00:00,0.0,0.0,0.9999917981795888,1.000211583020141,0.9994,1.0
2025-07-09 20:00:00+00:00,0.0,0.0,0.9999983724031108,1.0002248132385994,0.9998,0.9999
2025-07-09 21:00:00+00:00,0.0,0.0,1.0000246636363637,1.0002526469502653,0.9998,0.9999
2025-07-09 22:00:00+00:00,0.0,0.0,1.0000680328,1.0002958231655703,0.9998,0.9999
2025-07-09 23:00:00+00:00,0.0,0.0,1.0000785092168665,1.0003278949086334,0.9998,0.9999
2025-07-10 00:00:00+00:00,0.0,0.0,1.0001222496089364,1.0003314664156926,0.9998,0.9999
2025-07-10 01:00:00+00:00,0.0,0.0,1.0001318424589587,1.0003579324264091,0.9998,0.9999
2025-07-10 02:00:00+00:00,0.0,0.0,1.0001575828931637,1.000361840111522,0.9998,0.9999
2025-07-10 03:00:00+00:00,0.0,0.0,1.0001608076722934,1.0003693594521847,0.9996,0.9999
2025-07-10 04:00:00+00:00,0.0,0.0,1.0001670307430712,1.000369044704071,0.9997,0.9998
2025-07-10 05:00:00+00:00,0.0,0.0,1.0001670911859144,1.0003720837843744,0.9997,0.9998
2025-07-10 06:00:00+00:00,0.0,0.0,1.0001399133606566,1.0003738286784771,0.9997,0.9998
2025-07-10 07:00:00+00:00,0.0,0.0,1.0001401460604815,1.000363077958594,0.9997,0.9998
2025-07-10 08:00:00+00:00,0.0,0.0,1.0001576872888898,1.0003631314649162,0.9997,0.9998
2025-07-10 09:00:00+00:00,0.0,0.0,1.0001605170944925,1.0003668803694978,0.9997,0.9998
2025-07-10 10:00:00+00:00,0.0,0.0,1.0001632466792951,1.000368228940531,0.9997,0.9998
2025-07-10 11:00:00+00:00,0.0,0.0,1.0001679555121457,1.0003812097815188,0.9997,0.9998
2025-07-10 12:00:00+00:00,0.0,0.0,1.0001810525052266,1.0003865744772424,0.9997,0.9998
2025-07-10 13:00:00+00:00,0.0,0.0,1.00018649594479,1.0003987795742617,0.9997,0.9999
2025-07-10 14:00:00+00:00,0.0,0.0,1.0001922693925869,1.0004442141568917,0.9997,0.9998
2025-07-10 15:00:00+00:00,0.0,0.0,1.0002438852550133,1.0005232841128522,0.9997,0.9998
2025-07-10 16:00:00+00:00,0.0,0.0,1.0003217441413754,1.000687295321809,0.9997,0.9998
2025-07-10 17:00:00+00:00,0.0,0.0,1.000449296273237,1.000674210022676,0.9996,0.9998
2025-07-10 18:00:00+00:00,0.0,0.0,1.0004532605,1.0006627537647317,0.9996,0.9997
2025-07-10 19:00:00+00:00,0.0,0.0,1.0004602494045116,1.0006653434157544,0.9996,0.9997
2025-07-10 20:00:00+00:00,0.0,0.0,1.0004650915651443,1.0007488032237677,0.9996,0.9997
2025-07-10 21:00:00+00:00,0.0,0.0,1.0003508492513633,1.0007640031019267,0.9996,0.9997
2025-07-10 22:00:00+00:00,0.0,0.0,1.0002893547795435,1.000516896274293,0.9996,0.9997
2025-07-10 23:00:00+00:00,0.0,0.0,1.0002564133735794,1.0005209955583696,0.9996,0.9997
2025-07-11 00:00:00+00:00,0.0,0.0,1.000247116463066,1.000471863395238,0.9996,0.9997
2025-07-11 01:00:00+00:00,0.0,0.0,1.0002229934678988,1.0004464953639922,0.9996,0.9997
2025-07-11 02:00:00+00:00,0.0,0.0,1.0002132952696683,1.0004584166750827,0.9996,0.9997
2025-07-11 03:00:00+00:00,0.0,0.0,1.0001764816584031,1.0004182952419391,0.9996,0.9997
2025-07-11 04:00:00+00:00,0.0,0.0,1.0001743474913198,1.0003895169688968,0.9996,0.9997
2025-07-11 05:00:00+00:00,0.0,0.0,1.000177900581456,1.000408799714286,0.9996,0.9998
2025-07-11 06:00:00+00:00,0.0,0.0,1.0002049531013617,1.0004338507292574,0.9997,0.9998
2025-07-11 07:00:00+00:00,0.0,0.0,1.0002224653116167,1.000435215910688,0.9997,0.9998
2025-07-11 08:00:00+00:00,0.0,0.0,0.9995814148179154,1.0004315318851829,0.9997,0.9999
2025-07-11 09:00:00+00:00,0.0,0.0,1.0002287801724137,1.0004390377070893,0.9998,0.9999
2025-07-11 10:00:00+00:00,0.0,0.0,1.0002385142442798,1.0004599857575027,0.9998,0.9999
2025-07-11 11:00:00+00:00,0.0,0.0,1.0002583402297038,1.0004732368213205,0.9998,0.9999
2025-07-11 12:00:00+00:00,0.0,0.0,1.00022,1.0004763247557142,0.9998,0.9999
2025-07-11 13:00:00+00:00,0.0,0.0,1.0002145146926271,1.000422977421401,0.9998,0.9999
2025-07-11 14:00:00+00:00,0.0,0.0,1.0002093930607774,1.000416860815715,0.9998,0.9999
2025-07-11 15:00:00+00:00,0.0,0.0,1.0002094220737188,1.000431527544318,0.9998,0.9999
2025-07-11 16:00:00+00:00,0.0,0.0,1.0002267407407406,1.0004395335840166,0.9998,0.9999
2025-07-11 17:00:00+00:00,0.0,0.0,1.0002387313432837,1.000439925359381,0.9998,0.9999
2025-07-11 18:00:00+00:00,0.0,0.0,1.0002390693929548,1.0004443060049155,0.9998,0.9999
2025-07-11 19:00:00+00:00,0.0,0.0,1.000190192099799,1.000450024949787,0.9998,0.9999
2025-07-11 20:00:00+00:00,0.0,0.0,1.000188141588433,1.0003961698496813,0.9998,0.9999
2025-07-11 21:00:00+00:00,0.0,0.0,1.000192183823292,1.0004294625732586,0.9998,0.9999
2025-07-11 22:00:00+00:00,0.0,0.0,1.0002294208013287,1.0004461357367145,0.9998,0.9999
2025-07-11 23:00:00+00:00,0.0,0.0,1.00024765993266,1.0004508865148367,0.9998,0.9999
2025-07-12 00:00:00+00:00,0.0,0.0,1.0002482140778284,1.00045189090845,0.9998,0.9999
2025-07-12 01:00:00+00:00,0.0,0.0,1.000251294680088,1.0004651878978794,0.9998,0.9999
2025-07-12 02:00:00+00:00,0.0,0.0,1.0002648512655845,1.000468887399168,0.9998,0.9999
2025-07-12 03:00:00+00:00,0.0,0.0,1.0002688448079118,1.000471602570899,0.9998,0.9999
2025-07-12 04:00:00+00:00,0.0,0.0,1.000271364037065,1.0004813019376144,0.9998,0.9999
2025-07-12 05:00:00+00:00,0.0,0.0,1.0002804618460943,1.0004892401462406,0.9998,0.9999
2025-07-12 06:00:00+00:00,0.0,0.0,1.0002622864824104,1.000481062723862,0.9998,0.9999
2025-07-12 07:00:00+00:00,0.0,0.0,1.0002742207099895,1.000475225732223,0.9998,0.9999
2025-07-12 08:00:00+00:00,0.0,0.0,1.0002745274450475,1.0004766958989708,0.9998,0.9999
2025-07-12 09:00:00+00:00,0.0,0.0,1.0002745999361389,1.000475523360441,0.9998,0.9999
2025-07-12 10:00:00+00:00,0.0,0.0,1.0002779111189712,1.0004844078707067,0.9998,0.9999
2025-07-12 11:00:00+00:00,0.0,0.0,1.0002772759049663,1.0004855324407371,0.9998,0.9999
2025-07-12 12:00:00+00:00,0.0,0.0,1.000279693822513,1.0004811424361626,0.9998,1.0
2025-07-12 13:00:00+00:00,0.0,175223.17808,1.0002773037382793,1.00049552604429,0.9984,1.0004
2025-07-12 14:00:00+00:00,0.0,412564.39872,1.0002908358509568,1.0004996512446818,0.9976,1.0008
2025-07-12 15:00:00+00:00,0.0,128039.64192,1.0002851350523063,1.0004939216460935,0.9976,0.9995
2025-07-12 16:00:00+00:00,0.0,0.0,1.0002895063395314,1.000531810579215,0.9991,1.0003
2025-07-12 17:00:00+00:00,0.0,0.0,1.000329815447826,1.0005472125241124,0.9992,0.9993
2025-07-12 18:00:00+00:00,0.0,0.0,1.000338815630868,1.0005461808571712,0.9992,0.9993
2025-07-12 19:00:00+00:00,0.0,0.0,1.0003266797423964,1.0005407678904044,0.9992,0.9993
2025-07-12 20:00:00+00:00,0.0,0.0,1.000321578772322,1.000522962573159,0.9992,0.9994
2025-07-12 21:00:00+00:00,0.0,0.0,1.0003214875910658,1.0005221313874464,0.9993,0.9994
2025-07-12 22:00:00+00:00,0.0,0.0,1.0003194077803976,1.0005222976546844,0.9993,0.9994
2025-07-12 23:00:00+00:00,0.0,0.0,1.0003210933963207,1.000524413383718,0.9993,0.9994
2025-07-13 00:00:00+00:00,0.0,0.0,1.0003238849985308,1.0005271406804617,0.9993,0.9994
2025-07-13 01:00:00+00:00,0.0,0.0,1.0003249537825345,1.0005276956424471,0.9993,0.9994
2025-07-13 02:00:00+00:00,0.0,0.0,1.0003191655970665,1.000521602947413,0.9993,0.9994
2025-07-13 03:00:00+00:00,0.0,0.0,1.000317262416858,1.0005546311702718,0.9993,0.9994
2025-07-13 04:00:00+00:00,0.0,0.0,1.0003434301909382,1.0005459752463357,0.9993,0.9994
2025-07-13 05:00:00+00:00,0.0,0.0,1.0003417360189764,1.0005459294138084,0.9993,0.9994
2025-07-13 06:00:00+00:00,0.0,0.0,1.0003014112903226,1.0005424073534643,0.9993,0.9996
2025-07-13 07:00:00+00:00,0.0,0.0,1.000293482772214,1.000512253774646,0.9995,0.9997
2025-07-13 08:00:00+00:00,0.0,0.0,1.000312028913771,1.0005141569835798,0.9996,0.9997
2025-07-13 09:00:00+00:00,0.0,0.0,1.0003120971191937,1.0005141474470698,0.9996,0.9997
2025-07-13 10:00:00+00:00,0.0,0.0,1.0003110263331447,1.000514134998976,0.9996,0.9997
2025-07-13 11:00:00+00:00,0.0,0.0,1.000311053270729,1.000511413704838,0.9996,0.9999
2025-07-13 12:00:00+00:00,0.0,0.0,1.0003098188833963,1.0005116933538196,0.9998,0.9999
2025-07-13 13:00:00+00:00,0.0,0.0,1.0002942690597867,1.0005106556912724,0.9998,0.9999
2025-07-13 14:00:00+00:00,0.0,0.0,1.00029468,1.0005011750714723,0.9998,0.9999
2025-07-13 15:00:00+00:00,0.0,0.0,1.000298447057459,1.0005060565732258,0.9998,0.9999
2025-07-13 16:00:00+00:00,0.0,0.0,1.0003057960043862,1.0005080076865995,0.9998,0.9999
2025-07-13 17:00:00+00:00,0.0,0.0,1.000307857857858,1.0005259996402325,0.9998,0.9999
2025-07-13 18:00:00+00:00,0.0,0.0,1.000325755001629,1.0005303144680973,0.9998,0.9999
2025-07-13 19:00:00+00:00,17319625.243619166,0.0,1.0003298892312162,1.031452402192689,0.9998,0.9999
2025-07-13 20:00:00+00:00,0.0,0.0,1.0002470660901792,1.0005315037804168,0.9998,0.9999
2025-07-13 21:00:00+00:00,0.0,0.0,1.0003254272193594,1.0005269618806705,0.9998,0.9999
2025-07-13 22:00:00+00:00,0.0,0.0,1.0003255736707763,1.0005268852824334,0.9998,0.9999
2025-07-13 23:00:00+00:00,0.0,0.0,1.000321953755028,1.0005266235424055,0.9998,0.9999
2025-07-14 00:00:00+00:00,0.0,0.0,1.000320062806621,1.000528221836268,0.9998,0.9999
2025-07-14 01:00:00+00:00,0.0,0.0,1.0003190436484652,1.0005197854696763,0.9998,0.9999
2025-07-14 02:00:00+00:00,0.0,0.0,1.000315635191514,1.0005202725629858,0.9998,0.9999
2025-07-14 03:00:00+00:00,0.0,0.0,1.000311065623536,1.0006003602161295,0.9998,0.9999
2025-07-14 04:00:00+00:00,0.0,0.0,1.0003088876001236,1.0005200427777126,0.9998,0.9999
2025-07-14 05:00:00+00:00,0.0,0.0,1.0003023205832178,1.0005178363582514,0.9998,0.9999
2025-07-14 06:00:00+00:00,0.0,0.0,1.0003012432088192,1.0005065115099638,0.9998,0.9999
2025-07-14 07:00:00+00:00,0.0,0.0,1.0002585331778404,1.0005033853148315,0.9998,1.0001
2025-07-14 08:00:00+00:00,0.0,0.0,1.0002542113307686,1.000460034523731,1.0,1.0001
2025-07-14 09:00:00+00:00,0.0,0.0,1.0002182537459323,1.0004604568229043,1.0,1.0001
2025-07-14 10:00:00+00:00,0.0,0.0,1.0001136531846666,1.0004186843210017,1.0,1.0001
2025-07-14 11:00:00+00:00,0.0,0.0,1.0001137923315693,1.0003274725324878,1.0,1.0001
2025-07-14 12:00:00+00:00,0.0,0.0,1.0001133753678015,1.0003373396374666,1.0,1.0001
2025-07-14 13:00:00+00:00,0.0,0.0,1.0001368611731305,1.0003760372631207,0.9999,1.0001
2025-07-14 14:00:00+00:00,0.0,0.0,1.000141,1.0003474676591282,0.9999,1.0
2025-07-14 15:00:00+00:00,0.0,0.0,1.000147387752317,1.0003529318876578,0.9999,1.0
2025-07-14 16:00:00+00:00,0.0,0.0,1.000144036729909,1.0003651266680431,0.9999,1.0
2025-07-14 17:00:00+00:00,0.0,0.0,1.000099991692737,1.0003439576689026,0.9999,1.0001
2025-07-14 18:00:00+00:00,0.0,0.0,1.000074625502008,1.0002780083534106,0.9999,1.0
2025-07-14 19:00:00+00:00,0.0,0.0,1.0000704715885878,1.0002852146575394,0.9999,1.0
2025-07-14 20:00:00+00:00,0.0,0.0,1.000047834379981,1.0002741740927297,0.9999,1.0
2025-07-14 21:00:00+00:00,0.0,0.0,1.0000421742029553,1.0002452101913273,0.9999,1.0
2025-07-14 22:00:00+00:00,0.0,0.0,1.000044058666239,1.0002497011132805,0.9999,1.0
2025-07-14 23:00:00+00:00,0.0,0.0,1.0000494409822678,1.0002503382133152,0.9999,1.0
2025-07-15 00:00:00+00:00,0.0,0.0,1.0000496367181668,1.00025364927402,0.9999,1.0
2025-07-15 01:00:00+00:00,0.0,0.0,1.0000537710323154,1.000264071050567,0.9999,1.0
2025-07-15 02:00:00+00:00,0.0,0.0,1.0000637522361693,1.000300442079059,0.9999,1.0
2025-07-15 03:00:00+00:00,0.0,0.0,1.000047,1.0002646099642507,0.9999,1.0
2025-07-15 04:00:00+00:00,0.0,0.0,1.000047863247863,1.000262536283872,0.9999,1.0
2025-07-15 05:00:00+00:00,0.0,0.0,1.00006095,1.0002653142316662,0.9999,1.0
2025-07-15 06:00:00+00:00,0.0,0.0,1.000052942823481,1.0002714406843485,0.9999,1.0
2025-07-15 07:00:00+00:00,0.0,0.0,1.0000264038939202,1.0002538962407914,0.9999,1.0
2025-07-15 08:00:00+00:00,0.0,0.0,1.0000033099579548,1.0002230724571783,0.9999,1.0
2025-07-15 09:00:00+00:00,0.0,0.0,1.0000013795693663,1.000230039470254,0.9999,1.0
2025-07-15 10:00:00+00:00,0.0,0.0,0.9999736078394226,1.000209084679295,0.9999,1.0
2025-07-15 11:00:00+00:00,0.0,0.0,0.9999734868193664,1.0001766492955153,0.9999,1.0
2025-07-15 12:00:00+00:00,0.0,0.0,0.999964980191876,1.0001776827335802,0.9999,1.0
2025-07-15 13:00:00+00:00,0.0,0.0,0.9999100080992712,1.0001667396692773,0.9999,1.0
2025-07-15 14:00:00+00:00,0.0,0.0,0.99990549375,1.0001213099457855,0.9999,1.0
2025-07-15 15:00:00+00:00,0.0,0.0,0.9998437747381992,1.0001060274378972,0.9999,1.0001
2025-07-15 16:00:00+00:00,0.0,0.0,0.9998296659200192,1.0000439430955694,1.0,1.0001
2025-07-15 17:00:00+00:00,0.0,0.0,0.999832997311828,1.0000364070644374,1.0,1.0001
2025-07-15 18:00:00+00:00,0.0,0.0,0.9998361432132336,1.0000383497145982,1.0,1.0001
2025-07-15 19:00:00+00:00,0.0,0.0,0.9998377522185412,1.0000517663481985,1.0,1.0001
2025-07-15 20:00:00+00:00,0.0,0.0,0.9998521589832152,1.000054590127116,1.0,1.0001
2025-07-15 21:00:00+00:00,0.0,0.0,0.9998504570893836,1.0000578816332255,1.0,1.0001
2025-07-15 22:00:00+00:00,0.0,0.0,0.9998576864909936,1.0000590240091307,1.0,1.0001
2025-07-15 23:00:00+00:00,0.0,0.0,0.9998590477334768,1.0000796715521538,0.9991,1.0001
2025-07-16 00:00:00+00:00,0.0,0.0,0.9998795821276596,1.0000956287892302,0.9995,0.9996
2025-07-16 01:00:00+00:00,0.0,0.0,0.9998934170998062,1.0001308299815566,0.9995,0.9996
2025-07-16 02:00:00+00:00,0.0,0.0,0.9999311491935484,1.0001354029468603,0.9995,0.9996
2025-07-16 03:00:00+00:00,0.0,0.0,0.9999317947340252,1.0001350952773964,0.9995,0.9996
2025-07-16 04:00:00+00:00,0.0,0.0,0.9999319600605556,1.0001327868150762,0.9995,0.9996
2025-07-16 05:00:00+00:00,0.0,0.0,0.9999325477791102,1.0001346466996832,0.9995,0.9996
2025-07-16 06:00:00+00:00,0.0,0.0,0.9999333383681904,1.0001344514595691,0.9995,0.9996
2025-07-16 07:00:00+00:00,0.0,0.0,0.9999327492423528,1.0001338480173805,0.9995,0.9996
2025-07-16 08:00:00+00:00,0.0,0.0,0.9999172801720572,1.0001355935203364,0.9995,0.9996
2025-07-16 09:00:00+00:00,0.0,0.0,0.9999145800644108,1.0001701326995631,0.9995,0.9997
2025-07-16 10:00:00+00:00,0.0,0.0,0.999963326976676,1.0001800623015562,0.9995,1.0001
2025-07-16 11:00:00+00:00,0.0,0.0,0.9999949230769232,1.0001980419709633,1.0,1.0001
2025-07-16 12:00:00+00:00,0.0,0.0,0.9999975629824344,1.0002188123796616,1.0,1.0001
2025-07-16 13:00:00+00:00,0.0,0.0,1.0000187461498982,1.000250103251033,0.9997,1.0001
2025-07-16 14:00:00+00:00,0.0,0.0,1.0000490445,1.0002657527098702,0.9999,1.0
2025-07-16 15:00:00+00:00,0.0,0.0,1.0000649165572186,1.000345620274265,0.9999,1.0
2025-07-16 16:00:00+00:00,0.0,0.0,1.0001506684,1.0003857616512724,0.9999,1.0
2025-07-16 17:00:00+00:00,0.0,0.0,1.0001854423705392,1.0004345872522689,0.9999,1.0
2025-07-16 18:00:00+00:00,0.0,0.0,1.0002419048858986,1.0005327226581833,0.9999,1.0
2025-07-16 19:00:00+00:00,0.0,0.0,1.0003332846676942,1.0006159122830671,0.9999,1.0
2025-07-16 20:00:00+00:00,0.0,0.0,1.0004187821630584,1.0006240457445008,0.9999,1.0
2025-07-16 21:00:00+00:00,0.0,0.0,1.000417964431069,1.0006230607375652,0.9999,1.0
2025-07-16 22:00:00+00:00,0.0,0.0,1.0004154868610051,1.000630647419188,0.9999,1.0
2025-07-16 23:00:00+00:00,0.0,0.0,1.0004297869613146,1.0006360235329448,0.9999,1.0
2025-07-17 00:00:00+00:00,0.0,0.0,1.0004366946104588,1.000637498666173,0.9999,1.0
2025-07-17 01:00:00+00:00,0.0,0.0,1.0004366137708611,1.0006411908755046,0.9999,1.0
2025-07-17 02:00:00+00:00,0.0,0.0,1.0004251780714513,1.0006407343727342,0.9999,1.0
2025-07-17 03:00:00+00:00,0.0,0.0,1.0004244012393126,1.0006273933756469,0.9999,1.0
2025-07-17 04:00:00+00:00,0.0,0.0,1.0004261337921685,1.000633889425726,0.9999,1.0
2025-07-17 05:00:00+00:00,0.0,0.0,1.0004335216811426,1.000634770234825,0.9999,1.0
2025-07-17 06:00:00+00:00,0.0,0.0,1.0003878171738598,1.000634421732688,0.9999,1.0
2025-07-17 07:00:00+00:00,0.0,0.0,1.00038836,1.0006572750460605,0.9999,1.0
2025-07-17 08:00:00+00:00,0.0,0.0,1.0004359445171205,1.0006387786151396,0.9999,1.0
2025-07-17 09:00:00+00:00,0.0,0.0,1.0004039266055276,1.0006387005367,0.9999,1.0
2025-07-17 10:00:00+00:00,0.0,0.0,1.000396536282,1.0006096849731865,0.9999,1.0001
2025-07-17 11:00:00+00:00,0.0,0.0,1.000384157702041,1.00058865233359,1.0,1.0001
2025-07-17 12:00:00+00:00,0.0001020408163265,0.0,1.0003880462068966,1.020408163265306,1.0,1.0001
2025-07-17 13:00:00+00:00,0.0,0.0,1.0003882716001,1.0005938681603133,0.9999,1.0001
2025-07-17 14:00:00+00:00,0.0,0.0,1.00039,1.00059665788832,0.9999,1.0
2025-07-17 15:00:00+00:00,0.0,0.0,1.0003904836361095,1.0005943585690036,0.9999,1.0
2025-07-17 16:00:00+00:00,0.0,0.0,1.0003936999992569,1.0006008904361656,0.9999,1.0
2025-07-17 17:00:00+00:00,0.0,0.0,1.00039943584416,1.000612675708188,0.9999,1.0
2025-07-17 18:00:00+00:00,0.0,0.0,1.0004,1.0006135887563832,0.9999,1.0
2025-07-17 19:00:00+00:00,0.0,0.0,1.000411948197465,1.0006639922731884,0.9999,1.0
2025-07-17 20:00:00+00:00,0.0,0.0,1.000465908434848,1.0006680941886474,0.9999,1.0
2025-07-17 21:00:00+00:00,0.0,0.0,1.0004684379707331,1.000680754848652,0.9999,1.0
2025-07-17 22:00:00+00:00,0.0,0.0,1.0004802656725125,1.0006820677493218,0.9999,1.0001
2025-07-17 23:00:00+00:00,0.0,0.0,1.000482440967654,1.000722665354181,0.9999,1.0001
2025-07-18 00:00:00+00:00,0.0,0.0,1.000524944394016,1.0007763236642544,0.9998,1.0
2025-07-18 01:00:00+00:00,0.0,0.0,1.000579220861362,1.0009714427495104,0.9997,0.9999
2025-07-18 02:00:00+00:00,0.0,0.0,1.000747638521267,1.0009909324495812,0.9997,0.9998
2025-07-18 03:00:00+00:00,0.0,0.0,1.000725417,1.0009724597449432,0.9997,0.9998
2025-07-18 04:00:00+00:00,0.0,0.0,1.0006105739638784,1.000966837485406,0.9997,0.9998
2025-07-18 05:00:00+00:00,931405.160250366,0.0,1.0006255456000002,1.0011112735700496,0.9997,0.9998
2025-07-18 06:00:00+00:00,388159.9983125836,0.0,1.0008406147770317,1.0010631751924637,0.9997,0.9998
2025-07-18 07:00:00+00:00,9445780.856441438,0.0,1.0007483254503462,1.0020040071398868,0.9997,0.9999
2025-07-18 08:00:00+00:00,899131.3376919253,0.0,1.0005619765494138,1.0010686368636552,0.9998,0.9999
2025-07-18 09:00:00+00:00,0.0,0.0,1.000544102025082,1.0007617825907702,0.9998,0.9999
2025-07-18 10:00:00+00:00,0.0,0.0,1.0005600205966876,1.0007785599347856,0.9998,0.9999
2025-07-18 11:00:00+00:00,0.0,0.0,1.0005442547406425,1.0007825362338163,0.9998,1.0
2025-07-18 12:00:00+00:00,0.0,0.0,1.000543422235541,1.0007628084742308,0.9999,1.0
2025-07-18 13:00:00+00:00,0.0,0.0,1.0005651060621197,1.0008070523893586,0.9999,1.0
2025-07-18 14:00:00+00:00,0.0,0.0,1.0005426246291649,1.0007902237561344,0.9999,1.0001
2025-07-18 15:00:00+00:00,0.0,0.0,1.0005040322580645,1.0007368937162326,1.0,1.0001
2025-07-18 16:00:00+00:00,0.0,0.0,1.0005141075318125,1.000746365141422,1.0,1.0001
2025-07-18 17:00:00+00:00,0.0,0.0,1.00046637,1.0007256269209943,1.0,1.0001
2025-07-18 18:00:00+00:00,0.0,0.0,1.0004257886910557,1.000666620851258,1.0,1.0001
2025-07-18 19:00:00+00:00,0.0,0.0,1.0004301741129722,1.0008013886309106,0.9998,1.0001
2025-07-18 20:00:00+00:00,0.0,0.0,1.000586228880881,1.000828860265584,0.9998,0.9999
2025-07-18 21:00:00+00:00,0.0,0.0,1.0005765288535466,1.0008134683662648,0.9998,0.9999
2025-07-18 22:00:00+00:00,0.0,0.0,1.0005832673318042,1.000790881435627,0.9998,0.9999
2025-07-18 23:00:00+00:00,0.0,0.0,1.0005897923040463,1.0007943474380434,0.9998,0.9999
2025-07-19 00:00:00+00:00,0.0,0.0,1.000596129369617,1.0008195878408093,0.9998,0.9999
2025-07-19 01:00:00+00:00,0.0,0.0,1.000616320542972,1.000857299695023,0.9998,0.9999
2025-07-19 02:00:00+00:00,0.0,0.0,1.0006554965386156,1.0008569644628114,0.9997,0.9999
2025-07-19 03:00:00+00:00,0.0,0.0,1.0006536600431315,1.0008578406115,0.9997,0.9998
2025-07-19 04:00:00+00:00,0.0,0.0,1.000652769370613,1.0008593752413597,0.9997,0.9998
2025-07-19 05:00:00+00:00,0.0,0.0,1.0006586405719022,1.0008705608406023,0.9997,0.9998
2025-07-19 06:00:00+00:00,0.0,0.0,1.0006691792294808,1.0008710405460604,0.9997,0.9998
2025-07-19 07:00:00+00:00,0.0,0.0,1.0006674744558806,1.0008851603984277,0.9997,0.9998
2025-07-19 08:00:00+00:00,0.0,0.0,1.000642574112815,1.0008981749359922,0.9997,0.9998
2025-07-19 09:00:00+00:00,0.0,0.0,1.000610450345528,1.0008432732954249,0.9997,0.9998
2025-07-19 10:00:00+00:00,0.0,0.0,1.0005529089303795,1.000820931514148,0.9997,0.9998
2025-07-19 11:00:00+00:00,0.0,0.0,1.0005523809523809,1.0007547279346434,0.9997,0.9998
2025-07-19 12:00:00+00:00,0.0,0.0,1.000253228665485,1.0007584236569274,0.9997,0.9999
2025-07-19 13:00:00+00:00,0.0,0.0,1.0005314809813313,1.000751905980214,0.9998,0.9999
2025-07-19 14:00:00+00:00,0.0,0.0,1.000542067929999,1.000747663002889,0.9998,0.9999
2025-07-19 15:00:00+00:00,0.0,0.0,1.0005118466829543,1.0007149460096538,0.9998,0.9999
2025-07-19 16:00:00+00:00,0.0,0.0,1.00046302393355,1.000713401289024,0.9998,0.9999
2025-07-19 17:00:00+00:00,0.0,0.0,1.0004178654489302,1.000659339221414,0.9998,0.9999
2025-07-19 18:00:00+00:00,0.0,0.0,1.0003566195488722,1.0006192044881346,0.9998,0.9999
2025-07-19 19:00:00+00:00,0.0,0.0,1.000365713249853,1.0005711576663658,0.9998,0.9999
2025-07-19 20:00:00+00:00,0.0,0.0,1.0003705833669394,1.000576341488571,0.9998,0.9999
2025-07-19 21:00:00+00:00,0.0,0.0,1.00037368350398,1.0006037488045618,0.9998,0.9999
2025-07-19 22:00:00+00:00,0.0,0.0,1.000397549073819,1.0006019892230005,0.9998,0.9999
2025-07-19 23:00:00+00:00,0.0,0.0,1.000403989,1.0006053711506022,0.9998,0.9999
2025-07-20 00:00:00+00:00,0.0,0.0,1.0004036565193088,1.0006044722370453,0.9998,0.9999
2025-07-20 01:00:00+00:00,0.0,0.0,1.0004039274173502,1.0006199378678249,0.9998,0.9999
2025-07-20 02:00:00+00:00,0.0,0.0,1.0004176669559024,1.000620146009391,0.9998,0.9999
2025-07-20 03:00:00+00:00,0.0,0.0,1.0004150294894467,1.0006584305814823,0.9998,0.9999
2025-07-20 04:00:00+00:00,0.0,0.0,1.0004425810892703,1.0006624344885509,0.9998,0.9999
2025-07-20 05:00:00+00:00,0.0,0.0,1.0004426273372724,1.0006631202703649,0.9998,0.9999
2025-07-20 06:00:00+00:00,0.0,0.0,1.0004534972701145,1.0006598256293937,0.9998,0.9999
2025-07-20 07:00:00+00:00,0.0,0.0,1.0004507293019975,1.0006708724796205,0.9998,0.9999
2025-07-20 08:00:00+00:00,0.0,0.0,1.0004666666666666,1.000683331615524,0.9998,0.9999
2025-07-20 09:00:00+00:00,0.0,0.0,1.000466447477912,1.000683832451048,0.9998,0.9999
2025-07-20 10:00:00+00:00,0.0,0.0,1.0004652087488528,1.0006857044303992,0.9998,0.9999
2025-07-20 11:00:00+00:00,0.0,0.0,1.0003999392556584,1.00069454483882,0.9998,0.9999
2025-07-20 12:00:00+00:00,0.0,0.0,1.0003971628063109,1.0006139679247232,0.9998,1.0
2025-07-20 13:00:00+00:00,0.0,0.0,1.00036010065895,1.0005991587762753,0.9999,1.0
2025-07-20 14:00:00+00:00,0.0,0.0,1.000356796534284,1.0005649647156498,0.9999,1.0
2025-07-20 15:00:00+00:00,0.0,0.0,1.0003627982,1.0005745240210018,0.9999,1.0
2025-07-20 16:00:00+00:00,0.0,0.0,1.0003159115709688,1.0005841889420766,0.9999,1.0
2025-07-20 17:00:00+00:00,0.0,0.0,1.000266704245522,1.0005161055809029,0.9999,1.0
2025-07-20 18:00:00+00:00,0.0,0.0,1.000262839879154,1.000466463890845,0.9999,1.0
2025-07-20 19:00:00+00:00,0.0,0.0,1.000266324850405,1.000475814100286,0.9999,1.0
2025-07-20 20:00:00+00:00,0.0,0.0,1.0002778383399311,1.00047943657713,0.9999,1.0
2025-07-20 21:00:00+00:00,0.0,0.0,1.0002779309200067,1.0004844262190902,0.9999,1.0
2025-07-20 22:00:00+00:00,0.0,0.0,1.0002910170731707,1.0005433119236806,0.9999,1.0
2025-07-20 23:00:00+00:00,13411225.002373517,0.0,1.0003431635309392,1.2507443047957587,0.9999,1.0
2025-07-21 00:00:00+00:00,6423428.3120948365,0.0,1.0003576340799352,1.0116049157817066,0.9999,1.0
2025-07-21 01:00:00+00:00,0.0,0.0,1.0003691933372223,1.0005710389814877,0.9999,1.0
2025-07-21 02:00:00+00:00,0.0,0.0,1.000369693218324,1.0006035129434083,0.9999,1.0
2025-07-21 03:00:00+00:00,0.0,0.0,1.0004034840656937,1.000608524331695,0.9999,1.0
2025-07-21 04:00:00+00:00,0.0,0.0,1.0004065373134328,1.0006315115637228,0.9999,1.0
2025-07-21 05:00:00+00:00,0.0,0.0,1.0004281000000002,1.000656307562044,0.9999,1.0
2025-07-21 06:00:00+00:00,0.0,0.0,1.0003674637129585,1.0005946600710287,0.9999,1.0
2025-07-21 07:00:00+00:00,0.0,0.0,1.0003667792748787,1.000591695621897,0.9999,1.0
2025-07-21 08:00:00+00:00,0.0,0.0,1.0003605802150064,1.0005689194613965,0.9999,1.0001
2025-07-21 09:00:00+00:00,0.0,0.0,1.0003335518606085,1.0005624180059742,1.0,1.0001
2025-07-21 10:00:00+00:00,0.0,0.0,1.0003352069364169,1.0005588258951144,1.0,1.0001
2025-07-21 11:00:00+00:00,0.0,0.0,1.000354566,1.0005803029888454,1.0,1.0001
2025-07-21 12:00:00+00:00,0.0,0.0,1.000338516,1.0005495772525277,0.9999,1.0001
2025-07-21 13:00:00+00:00,0.0,0.0,1.0003186308537602,1.0005396168929916,0.9999,1.0001
2025-07-21 14:00:00+00:00,0.0,0.0,1.0003193846153846,1.000524651062924,0.9999,1.0
2025-07-21 15:00:00+00:00,0.0,0.0,1.0003214231805675,1.0006167513278663,0.9999,1.0
2025-07-21 16:00:00+00:00,0.0,0.0,1.0004163220199236,1.000648603193421,0.9999,1.0
2025-07-21 17:00:00+00:00,0.0,0.0,1.0004311923392994,1.0006709239547935,0.9999,1.0001
2025-07-21 18:00:00+00:00,0.0,0.0,1.00046031,1.000671017759006,1.0,1.0001
2025-07-21 19:00:00+00:00,0.0,0.0,1.00045340025368,1.0006713222757784,1.0,1.0001
2025-07-21 20:00:00+00:00,0.0,0.0,1.0004536,1.0006624003817133,1.0,1.0001
2025-07-21 21:00:00+00:00,0.0,0.0,1.000441428269719,1.000647515509116,1.0,1.0001
2025-07-21 22:00:00+00:00,0.0,0.0,1.0004434289393918,1.0006520202582876,1.0,1.0001
2025-07-21 23:00:00+00:00,0.0,0.0,1.000432076460439,1.000647244654671,1.0,1.0001
2025-07-22 00:00:00+00:00,0.0,0.0,1.0004294304092278,1.000633562382712,1.0,1.0001
2025-07-22 01:00:00+00:00,0.0,0.0,1.0004291283694304,1.000633477628948,0.9999,1.0001
2025-07-22 02:00:00+00:00,0.0,0.0,1.000430063844086,1.0006424295745386,1.0,1.0001
2025-07-22 03:00:00+00:00,0.0,0.0,1.0004417223869215,1.0007400920257417,0.9997,1.0001
2025-07-22 04:00:00+00:00,0.0,0.0,1.0004655883561866,1.0007144993363375,0.9997,0.9998
2025-07-22 05:00:00+00:00,0.0,0.0,1.0004703054853714,1.0007565561920324,0.9997,0.9998
2025-07-22 06:00:00+00:00,3903022.464809625,0.0,1.0004575157181197,1.0055646214063023,0.9997,0.9998
2025-07-22 07:00:00+00:00,0.0,0.0,1.0004329414894917,1.000639868329665,0.9997,0.9998
2025-07-22 08:00:00+00:00,0.0,0.0,1.0004334495076272,1.0006456993370556,0.9997,0.9998
2025-07-22 09:00:00+00:00,0.0,0.0,1.0,1.0006374461658172,0.9997,0.9998
2025-07-22 10:00:00+00:00,0.0,0.0,1.0003674155782618,1.0006221710668677,0.9997,0.9998
2025-07-22 11:00:00+00:00,0.0,0.0,1.0003674929673867,1.0006242818967983,0.9997,0.9998
2025-07-22 12:00:00+00:00,0.0,0.0,1.0004240277967114,1.0006559065981373,0.9997,0.9998
2025-07-22 13:00:00+00:00,0.0,0.0,1.0004529587699265,1.0006624264919144,0.9997,0.9998
2025-07-22 14:00:00+00:00,0.0,0.0,1.0004537534771971,1.0006647650471456,0.9997,0.9998
2025-07-22 15:00:00+00:00,4403748.094499786,0.0,1.000467179856115,1.0056654025380714,0.9996,0.9998
2025-07-22 16:00:00+00:00,0.0,0.0,1.0004723787407184,1.0007027840694156,0.9996,0.9997
2025-07-22 17:00:00+00:00,0.0,0.0,1.0004365283514831,1.00067352114161,0.9996,0.9997
2025-07-22 18:00:00+00:00,0.0,0.0,1.0004368130594254,1.0006412949145536,0.9996,0.9997
2025-07-22 19:00:00+00:00,0.0,0.0,1.0004395460277429,1.0006562012398947,0.9996,0.9997
2025-07-22 20:00:00+00:00,0.0,0.0,1.0004258909090908,1.0007335219532645,0.9996,1.0
2025-07-22 21:00:00+00:00,0.0,0.0,1.0004295613204888,1.0006394166343555,0.9997,1.0001
2025-07-22 22:00:00+00:00,0.0,0.0,1.0004314549558664,1.0006347503939654,0.9999,1.0
2025-07-22 23:00:00+00:00,0.0,0.0,1.0004324251925942,1.0006351266780698,0.9999,1.0
2025-07-23 00:00:00+00:00,0.0,0.0,1.000429488410872,1.000633075761994,0.9999,1.0
2025-07-23 01:00:00+00:00,0.0,0.0,1.0004299882333707,1.0006316641528097,0.9999,1.0
2025-07-23 02:00:00+00:00,0.0,0.0,1.000428382008124,1.000631507710996,0.9999,1.0
2025-07-23 03:00:00+00:00,0.0,0.0,1.0004275971179954,1.0006299688285112,0.9998,1.0
2025-07-23 04:00:00+00:00,0.0,0.0,1.0004310408528203,1.000722192881611,0.9998,0.9999
2025-07-23 05:00:00+00:00,0.0,0.0,1.0003349472016216,1.0007046584388095,0.9998,0.9999
2025-07-23 06:00:00+00:00,0.0,0.0,1.0003476048513449,1.000549575957843,0.9998,0.9999
2025-07-23 07:00:00+00:00,0.0,0.0,1.0003446988194065,1.00058099955398,0.9998,0.9999
2025-07-23 08:00:00+00:00,0.0,0.0,1.0003796314207043,1.0005820990110403,0.9998,0.9999
2025-07-23 09:00:00+00:00,0.0,0.0,1.0003803003496494,1.0005909251618532,0.9998,0.9999
2025-07-23 10:00:00+00:00,0.0,0.0,1.0003833412887828,1.0005910046615765,0.9998,0.9999
2025-07-23 11:00:00+00:00,0.0,0.0,1.0003880428000775,1.0005946439716322,0.9998,0.9999
2025-07-23 12:00:00+00:00,0.0,0.0,1.000394406597347,1.0005991368910945,0.9998,0.9999
2025-07-23 13:00:00+00:00,0.0,0.0,1.0003911760838946,1.0006217425465165,0.9997,0.9999
2025-07-23 14:00:00+00:00,0.0,0.0,1.0004217019470976,1.0006243630589855,0.9997,0.9998
2025-07-23 15:00:00+00:00,0.0,0.0,1.000421570880763,1.0006275382050247,0.9997,0.9998
2025-07-23 16:00:00+00:00,0.0,0.0,1.000426773168975,1.000685775588426,0.9997,0.9998
2025-07-23 17:00:00+00:00,0.0,0.0,1.0004183387317669,1.00068253624505,0.9997,0.9998
2025-07-23 18:00:00+00:00,0.0,0.0,1.000376822055138,1.0006179310291292,0.9997,0.9998
2025-07-23 19:00:00+00:00,0.0,0.0,1.000376843031357,1.00058136141857,0.9997,0.9998
2025-07-23 20:00:00+00:00,18819265.158774976,0.0,0.9094227182943004,1.0005809143328468,0.9997,0.9998
2025-07-23 21:00:00+00:00,0.0,0.0,1.000288252824174,1.0005471011422251,0.9997,0.9998
2025-07-23 22:00:00+00:00,0.0,0.0,1.00028948,1.0004950366066545,0.9997,0.9998
2025-07-23 23:00:00+00:00,0.0,0.0,1.0002931814813862,1.000536558320572,0.9997,0.9998
2025-07-24 00:00:00+00:00,0.0,0.0,1.0003468144144143,1.0005511858161145,0.9997,0.9998
2025-07-24 01:00:00+00:00,0.0,0.0,1.000364873447902,1.0005734519172915,0.9997,0.9998
2025-07-24 02:00:00+00:00,0.0,0.0,1.00036770875,1.0005819571101269,0.9997,0.9998
2025-07-24 03:00:00+00:00,0.0,0.0,1.0003736165464032,1.0005889189421533,0.9997,0.9998
2025-07-24 04:00:00+00:00,0.0,0.0,1.0003858666666667,1.000607099765917,0.9997,0.9998
2025-07-24 05:00:00+00:00,0.0,0.0,1.0004023277676344,1.0006454230130517,0.9996,0.9998
2025-07-24 06:00:00+00:00,0.0,0.0,1.0003205431387023,1.000649421474537,0.9996,0.9997
2025-07-24 07:00:00+00:00,0.0,0.0,1.000400851441983,1.000627646472563,0.9996,0.9997
2025-07-24 08:00:00+00:00,0.0,0.0,1.0004251722772275,1.0006294810065768,0.9996,0.9997
2025-07-24 09:00:00+00:00,0.0,0.0,1.0004263796671808,1.000633489154445,0.9996,0.9997
2025-07-24 10:00:00+00:00,0.0,0.0,1.0004335276325245,1.0006456758671554,0.9996,0.9997
2025-07-24 11:00:00+00:00,0.0,0.0,1.000434584236341,1.000647118331703,0.9996,0.9997
2025-07-24 12:00:00+00:00,0.0,0.0,1.000444174000089,1.0006514828673772,0.9996,0.9997
2025-07-24 13:00:00+00:00,0.0,0.0,1.0004421115045732,1.0006514386992436,0.9996,0.9997
2025-07-24 14:00:00+00:00,0.0,0.0,1.0004441302102878,1.000655632063974,0.9996,1.0
2025-07-24 15:00:00+00:00,0.0,0.0,1.000451028,1.0006656946545671,0.9995,0.9997
2025-07-24 16:00:00+00:00,0.0,0.0,1.0004532798280226,1.000662294102305,0.9994,0.9996
2025-07-24 17:00:00+00:00,0.0,0.0,1.0004322018296898,1.0006557925691837,0.9995,0.9996
2025-07-24 18:00:00+00:00,0.0,0.0,1.0004314534061047,1.0006396945147806,0.9995,0.9996
2025-07-24 19:00:00+00:00,0.0,0.0,1.0004395279058054,1.0006544864086675,0.9995,0.9996
2025-07-24 20:00:00+00:00,0.0,0.0,1.0004242376237624,1.0006630898081044,0.9995,0.9996
2025-07-24 21:00:00+00:00,0.0,0.0,1.000424539242911,1.0006708195086582,0.9995,0.9996
2025-07-24 22:00:00+00:00,0.0,0.0,1.000467400743721,1.0006686242611238,0.9995,0.9996
2025-07-24 23:00:00+00:00,0.0008810011325028,0.0,0.9988674971687428,1.0006678100837108,0.9994,0.9996
2025-07-25 00:00:00+00:00,0.0,0.0,1.000413693687546,1.0006156134552229,0.9994,0.9995
2025-07-25 01:00:00+00:00,0.0,0.0,1.000413704113418,1.0006245214143523,0.9994,0.9995
2025-07-25 02:00:00+00:00,0.0,0.0,1.0004020519021242,1.000615440572282,0.9994,0.9995
2025-07-25 03:00:00+00:00,0.0,0.0,1.0003153892147718,1.0006026963574393,0.9994,0.9995
2025-07-25 04:00:00+00:00,0.0,0.0,1.0002952461782726,1.0006052047609442,0.9994,0.9995
2025-07-25 05:00:00+00:00,0.0,0.0,1.0002505700468567,1.000494466836923,0.9994,0.9995
2025-07-25 06:00:00+00:00,0.0,0.0,1.00025342,1.0004634523210325,0.9994,0.9995
2025-07-25 07:00:00+00:00,0.0,0.0,1.0002358502894768,1.000465560390152,0.9994,0.9995
2025-07-25 08:00:00+00:00,0.0,0.0,1.000156,1.0004326261655052,0.9994,0.9995
2025-07-25 09:00:00+00:00,0.0,0.0,1.0001399950263534,1.00035688908466,0.9994,0.9995
2025-07-25 10:00:00+00:00,0.0,0.0,1.000146674885554,1.000356765427021,0.9994,0.9995
2025-07-25 11:00:00+00:00,0.0,0.0,1.0001560957832527,1.0003792135944871,0.9994,0.9995
2025-07-25 12:00:00+00:00,0.0,0.0,1.000134746,1.0003660470980602,0.9994,0.9995
2025-07-25 13:00:00+00:00,0.0,0.0,1.000135435617546,1.0003393876853115,0.9994,0.9997
2025-07-25 14:00:00+00:00,0.0,0.0,1.000138740092973,1.000345327897847,0.9996,0.9997
2025-07-25 15:00:00+00:00,0.0,0.0,1.0001368387450076,1.000340919902157,0.9996,0.9997
2025-07-25 16:00:00+00:00,0.0,0.0,1.000135471189105,1.0003439882872522,0.9996,0.9997
2025-07-25 17:00:00+00:00,0.0,0.0,1.0,1.0003497843606717,0.9996,0.9997
2025-07-25 18:00:00+00:00,0.0,0.0,1.000148849130473,1.0003818566989742,0.9996,0.9997
2025-07-25 19:00:00+00:00,0.0,0.0,1.0001817514000728,1.0003836627762228,0.9996,0.9997
2025-07-25 20:00:00+00:00,0.0,0.0,1.0001825977301388,1.0004385690119666,0.9996,0.9997
2025-07-25 21:00:00+00:00,0.0,0.0,1.0001943605236656,1.0003983749203376,0.9996,0.9997
2025-07-25 22:00:00+00:00,0.0,0.0,1.0001964365609173,1.000400869723051,0.9996,0.9997
2025-07-25 23:00:00+00:00,0.0,0.0,1.0001189692558552,1.000404577555394,0.9996,0.9997
2025-07-26 00:00:00+00:00,0.0,0.0,1.00011890931924,1.0003234379115915,0.9996,0.9997
2025-07-26 01:00:00+00:00,0.0,0.0,1.0001084423076922,1.00032382616718,0.9996,0.9997
2025-07-26 02:00:00+00:00,0.0,0.0,1.000108506048387,1.0003355976898909,0.9996,0.9997
2025-07-26 03:00:00+00:00,0.0,0.0,1.0001433333333334,1.0003640323560066,0.9996,0.9997
2025-07-26 04:00:00+00:00,0.0,0.0,1.0001627961309554,1.0003817374796913,0.9996,0.9997
2025-07-26 05:00:00+00:00,0.0,0.0,1.0001825217977147,1.0004090755197173,0.9996,0.9997
2025-07-26 06:00:00+00:00,0.0,0.0,1.0002067118608855,1.0004122102250144,0.9996,0.9997
2025-07-26 07:00:00+00:00,0.0,0.0,1.000211956448698,1.0004273162083437,0.9996,0.9997
2025-07-26 08:00:00+00:00,0.0,0.0,1.0002270952380952,1.0004564248509906,0.9996,0.9997
2025-07-26 09:00:00+00:00,0.0,0.0,1.0002428630791411,1.0004834254143646,0.9996,0.9997
2025-07-26 10:00:00+00:00,0.0,0.0,1.000247,1.0004482695886754,0.9996,0.9997
2025-07-26 11:00:00+00:00,13990147.65140478,0.0,1.0002459565985953,1.0184693888968257,0.9996,0.9997
2025-07-26 12:00:00+00:00,0.0,0.0,1.0002300525286607,1.0004619638679653,0.9996,0.9997
2025-07-26 13:00:00+00:00,0.0,0.0,1.0002594308545436,1.0004973853977417,0.9996,0.9997
2025-07-26 14:00:00+00:00,0.0,0.0,1.0002821346808124,1.0004834325188043,0.9996,0.9997
2025-07-26 15:00:00+00:00,0.0,0.0,1.00028,1.0004838502202071,0.9996,0.9997
2025-07-26 16:00:00+00:00,0.0,0.0,1.000280926871391,1.0004848431014413,0.9996,0.9997
2025-07-26 17:00:00+00:00,0.0,0.0,1.00027975833633,1.0004827417320257,0.9996,0.9997
2025-07-26 18:00:00+00:00,0.0,0.0,1.000278204466834,1.000479966174776,0.9996,0.9997
2025-07-26 19:00:00+00:00,0.0,0.0,1.0002769402985074,1.0004797747769658,0.9996,0.9997
2025-07-26 20:00:00+00:00,0.0,0.0,1.0002763343960392,1.0004772746362816,0.9996,0.9997
2025-07-26 21:00:00+00:00,0.0,0.0,1.000275573273053,1.000477413700348,0.9996,0.9997
2025-07-26 22:00:00+00:00,0.0,0.0,1.0002733749764177,1.0004759636061635,0.9996,0.9997
2025-07-26 23:00:00+00:00,0.0,0.0,1.0002734501162929,1.0004756322262498,0.9996,0.9997
2025-07-27 00:00:00+00:00,0.0,0.0,1.0002753851781268,1.0004764631221543,0.9996,0.9997
2025-07-27 01:00:00+00:00,0.0,0.0,1.0002757579872026,1.0004821594988305,0.9996,0.9997
2025-07-27 02:00:00+00:00,0.0,0.0,1.000281768666638,1.0004954549947982,0.9996,0.9997
2025-07-27 03:00:00+00:00,0.0,0.0,1.0002921967213114,1.0006003602161295,0.9996,0.9997
2025-07-27 04:00:00+00:00,0.0,0.0,1.0003024975206525,1.000503293509826,0.9996,0.9997
2025-07-27 05:00:00+00:00,0.0,0.0,1.0003032070858282,1.000526167586207,0.9996,0.9997
2025-07-27 06:00:00+00:00,0.0,0.0,1.000325168428814,1.000527942396065,0.9996,0.9997
2025-07-27 07:00:00+00:00,0.0,0.0,1.0003275725980725,1.0005289178056702,0.9996,0.9997
2025-07-27 08:00:00+00:00,0.0,0.0,1.0003273014817955,1.0005308886826134,0.9996,0.9997
2025-07-27 09:00:00+00:00,0.0,0.0,1.0003260228715296,1.0005289560452642,0.9996,0.9997
2025-07-27 10:00:00+00:00,0.0,0.0,1.000299623400543,1.0005537613616595,0.9995,0.9997
2025-07-27 11:00:00+00:00,0.0008480047393364,0.0,1.0002999677311308,1.0023696682464454,0.9995,0.9996
2025-07-27 12:00:00+00:00,0.0,0.0,1.00041600499206,1.0006590220113352,0.9995,0.9996
2025-07-27 13:00:00+00:00,0.0,0.0,1.000422406416864,1.0006284915670596,0.9995,0.9996
2025-07-27 14:00:00+00:00,0.0,0.0,1.0004193678615485,1.0006271591171618,0.9995,0.9996
2025-07-27 15:00:00+00:00,0.0,0.0,1.0004044937991496,1.0006167005718496,0.9995,0.9996
2025-07-27 16:00:00+00:00,0.0,0.0,1.0003305256467396,1.0006071784419504,0.9995,0.9996
2025-07-27 17:00:00+00:00,0.0,0.0,1.0002488336844926,1.0005289611488484,0.9995,0.9996
2025-07-27 18:00:00+00:00,0.0,0.0,1.000247800160642,1.0004501174806624,0.9995,0.9996
2025-07-27 19:00:00+00:00,0.0,0.0,1.0002445660551884,1.0004496438900503,0.9995,0.9996
2025-07-27 20:00:00+00:00,328150.45900377486,0.0,1.000245681194082,1.0054394020546409,0.9995,0.9996
2025-07-27 21:00:00+00:00,0.0,0.0,1.0002675226412931,1.0004749554377823,0.9995,0.9996
2025-07-27 22:00:00+00:00,0.0,0.0,1.0002746918830192,1.000477092010602,0.9995,0.9996
2025-07-27 23:00:00+00:00,0.0,0.0,1.000276418,1.000478861825612,0.9995,0.9996
2025-07-28 00:00:00+00:00,0.0,0.0,1.0002760321383537,1.0004872595845204,0.9995,0.9996
2025-07-28 01:00:00+00:00,0.0,0.0,1.0002830555995028,1.0004871364157086,0.9995,0.9996
2025-07-28 02:00:00+00:00,0.0,0.0,1.0002825301204818,1.0004865566222163,0.9995,0.9996
2025-07-28 03:00:00+00:00,0.0,0.0,1.0002305677387364,1.0004741088287992,0.9995,0.9996
2025-07-28 04:00:00+00:00,0.0,0.0,1.0002305073129434,1.000454261766625,0.9995,0.9996
2025-07-28 05:00:00+00:00,0.0,0.0,1.0002091214285715,1.0004374789480508,0.9995,0.9996
2025-07-28 06:00:00+00:00,0.0,0.0,1.0002013653758852,1.000411354410105,0.9995,0.9996
2025-07-28 07:00:00+00:00,0.0,0.0,1.0001318540059254,1.0003668937691612,0.9995,0.9996
2025-07-28 08:00:00+00:00,0.0,0.0,1.000117009420145,1.0003402710659608,0.9995,0.9996
2025-07-28 09:00:00+00:00,0.0,0.0,1.0001172521777728,1.0006954102920722,0.9995,0.9996
2025-07-28 10:00:00+00:00,0.0,0.0,1.0001221136226213,1.0006951685783805,0.9995,0.9996
2025-07-28 11:00:00+00:00,0.0,0.0,1.00011062,1.0003267664036988,0.9995,0.9996
2025-07-28 12:00:00+00:00,0.0,0.0,1.000110012101331,1.0003233266280491,0.9995,0.9996
2025-07-28 13:00:00+00:00,0.0,0.0,1.0001231582618897,1.0003281767857917,0.9995,0.9996
2025-07-28 14:00:00+00:00,0.0,0.0,1.0001251905701278,1.0003363795297693,0.9995,1.0004
2025-07-28 15:00:00+00:00,0.0,0.0,1.0000398459685802,1.0003366452620912,0.9996,0.9997
2025-07-28 16:00:00+00:00,0.0,0.0,1.0000470694868788,1.000267394053287,0.9996,0.9997
2025-07-28 17:00:00+00:00,9e-06,0.0,1.00006726,3.0,0.9996,0.9997
2025-07-28 18:00:00+00:00,0.0,0.0,1.0000663040092632,1.000285017412829,0.9996,0.9997
2025-07-28 19:00:00+00:00,0.0,0.0,1.0000660178539278,1.0002706171663258,0.9993,0.9997
2025-07-28 20:00:00+00:00,0.0,0.0,1.0000237780580077,1.0002704232876467,0.9995,0.9996
2025-07-28 21:00:00+00:00,0.0,0.0,1.000021643169399,1.0002321308867057,0.9995,0.9996
2025-07-28 22:00:00+00:00,0.0,0.0,1.0000236047619049,1.0002618998038104,0.9995,0.9996
2025-07-28 23:00:00+00:00,0.0,0.0,0.9999878580193116,1.000261792913034,0.9995,0.9996
2025-07-29 00:00:00+00:00,0.0,0.0,1.0,1.0002095017082446,0.9995,0.9996
2025-07-29 01:00:00+00:00,0.0,0.0,1.0000020176544768,1.000204398147586,0.9995,0.9996
2025-07-29 02:00:00+00:00,0.0,0.0,0.9999658379310344,1.0002447840192306,0.9995,0.9996
2025-07-29 03:00:00+00:00,0.0,0.0,1.0000108968024477,1.0004151100041512,0.9995,0.9996
2025-07-29 04:00:00+00:00,0.0,0.0,1.000011078511565,1.000257421421148,0.9995,0.9996
2025-07-29 05:00:00+00:00,0.0,0.0,1.0000209742887232,1.0002577427381818,0.9995,0.9996
2025-07-29 06:00:00+00:00,0.0,0.0,1.0000112488938586,1.0002231839035367,0.9995,0.9996
2025-07-29 07:00:00+00:00,0.0,0.0,1.0000229822840463,1.000272155455703,0.9995,0.9996
2025-07-29 08:00:00+00:00,0.0,0.0,1.0000441026912672,1.0002564096503448,0.9995,0.9996
2025-07-29 09:00:00+00:00,0.0002980033333333,0.0,0.9966666666666668,1.0002438009042796,0.9995,0.9996
2025-07-29 10:00:00+00:00,0.0,0.0,1.0000130201212951,1.000236902722332,0.9995,0.9996
2025-07-29 11:00:00+00:00,0.0,0.0,1.0000163130548905,1.000221839280567,0.9995,0.9996
2025-07-29 12:00:00+00:00,0.0,0.0,1.0000183732327044,1.0002221072795163,0.9995,0.9996
2025-07-29 13:00:00+00:00,0.0,0.0,1.0000110917199576,1.00022502490649,0.9995,0.9996
2025-07-29 14:00:00+00:00,0.0,0.0,0.999952336851351,1.0002242528700986,0.9995,0.9997
2025-07-29 15:00:00+00:00,0.0,0.0,0.9999446915887852,1.0001824137125623,0.9995,0.9996
2025-07-29 16:00:00+00:00,0.0016340024539877,0.0,0.9999620685714286,1.001226993865031,0.9995,0.9996
2025-07-29 17:00:00+00:00,0.0,0.0,0.999958830882158,1.0001621291898906,0.9995,0.9996
2025-07-29 18:00:00+00:00,0.0,0.0,0.9999504224247244,1.0001598621763157,0.9995,0.9996
2025-07-29 19:00:00+00:00,0.0,0.0,0.999900972379368,1.0001473898395377,0.9995,0.9996
2025-07-29 20:00:00+00:00,0.0,0.0,0.9998507266666666,1.0001182704961893,0.9995,0.9996
2025-07-29 21:00:00+00:00,0.0,0.0,0.9998126425081434,1.0000522342019535,0.9995,0.9996
2025-07-29 22:00:00+00:00,0.0,0.0,0.9998142294634664,1.0000152548282906,0.9995,0.9996
2025-07-29 23:00:00+00:00,0.0,0.0,0.9998151467833104,1.0000211940741368,0.9995,0.9996
2025-07-30 00:00:00+00:00,0.0,0.0,0.9998189979345288,1.000152741713762,0.9995,0.9996
2025-07-30 01:00:00+00:00,0.0,0.0,0.99981912,1.000020752228758,0.9995,0.9996
2025-07-30 02:00:00+00:00,0.0,0.0,0.9998206529314866,1.000030595889599,0.9995,0.9996
2025-07-30 03:00:00+00:00,0.0,0.0,0.999830816532258,1.0000357150196924,0.9995,0.9996
2025-07-30 04:00:00+00:00,0.0,0.0,0.9998329928186912,1.0000365810482856,0.9995,0.9996
2025-07-30 05:00:00+00:00,0.0,0.0,0.99983662,1.0000451227842857,0.9995,0.9997
2025-07-30 06:00:00+00:00,0.0,0.0,0.999844699320098,1.0000551737106371,0.9995,0.9996
2025-07-30 07:00:00+00:00,0.0,0.0,0.9998552152,1.0000752694535322,0.9995,0.9996
2025-07-30 08:00:00+00:00,0.0,0.0,0.9998747810703228,1.0000806479116606,0.9995,0.9996
2025-07-30 09:00:00+00:00,0.0,0.0,0.999863966064516,1.0000947455452114,0.9995,0.9996
2025-07-30 10:00:00+00:00,0.0,0.0,0.9998745745705028,1.0001281102187116,0.9995,0.9996
2025-07-30 11:00:00+00:00,0.0,0.0,0.999927087315964,1.000135588381717,0.9995,0.9996
2025-07-30 12:00:00+00:00,0.0,0.0,0.999935762764884,1.0001545253863136,0.9995,0.9998
2025-07-30 13:00:00+00:00,0.0,0.0,0.9999,1.0001542205374496,0.9995,0.9996
2025-07-30 14:00:00+00:00,0.0,0.0,0.9999566503667482,1.000164399264779,0.9995,0.9996
2025-07-30 15:00:00+00:00,0.0,0.0,0.9999622553394336,1.0001655439499124,0.9995,0.9996
2025-07-30 16:00:00+00:00,0.0,0.0,0.9999425922410802,1.000165394017324,0.9995,0.9996
2025-07-30 17:00:00+00:00,0.0,0.0,0.9999432261768668,1.0001452476089232,0.9995,0.9996
2025-07-30 18:00:00+00:00,0.0,0.0,0.9998930949384814,1.0001432302119555,0.9995,0.9996
2025-07-30 19:00:00+00:00,0.0,0.0,0.9999057050187776,1.0001449720534965,0.9995,0.9996
2025-07-30 20:00:00+00:00,0.0,0.0,0.9998783924469972,1.000145507418293,0.9995,0.9996
2025-07-30 21:00:00+00:00,0.0,0.0,0.9998700135463215,1.000099996363769,0.9995,0.9996
2025-07-30 22:00:00+00:00,0.0,0.0,0.999887117207984,1.0001144767167518,0.9995,0.9996
2025-07-30 23:00:00+00:00,0.0,0.0,0.9999179790184788,1.00013371600336,0.9995,0.9996
2025-07-31 00:00:00+00:00,0.0,0.0,0.9999210675737954,1.0001254717411827,0.9995,0.9996
2025-07-31 01:00:00+00:00,0.0,0.0,0.999919544457788,1.0001438985082889,0.9995,0.9996
2025-07-31 02:00:00+00:00,0.0,0.0,0.9999375974613856,1.0001690673234107,0.9995,0.9996
2025-07-31 03:00:00+00:00,0.0,0.0,0.99996012,1.0001731252383004,0.9995,0.9996
2025-07-31 04:00:00+00:00,0.0,0.0,0.9999655263157896,1.000256006576593,0.9995,0.9996
2025-07-31 05:00:00+00:00,0.0,0.0,0.999986189149609,1.0001922130957035,0.9995,0.9996
2025-07-31 06:00:00+00:00,0.0,0.0,0.9999742002063984,1.000199334126728,0.9995,0.9999
2025-07-31 07:00:00+00:00,0.0,0.0,0.9999986,1.00020292114608,0.9998,0.9999
2025-07-31 08:00:00+00:00,0.0,0.0,1.0000016745143352,1.0002219499619684,0.9998,0.9999
2025-07-31 09:00:00+00:00,0.0,0.0,1.0,1.000233552244559,0.9998,0.9999
2025-07-31 10:00:00+00:00,0.0,0.0,0.9998676898650436,1.0002355150638642,0.9998,0.9999
2025-07-31 11:00:00+00:00,0.0,0.0,0.9999651191690232,1.0001935929981811,0.9998,0.9999
2025-07-31 12:00:00+00:00,0.0,0.0,0.9999310466666668,1.000167097917049,0.9999,1.0005
2025-07-31 13:00:00+00:00,0.0,0.0,0.999908828109238,1.0001483844313397,0.9999,1.0
2025-07-31 14:00:00+00:00,0.0,0.0,0.9999045815780608,1.0001118023112816,0.9999,1.0
2025-07-31 15:00:00+00:00,0.0,0.0,0.9999087927524196,1.0001156680783017,0.9999,1.0
2025-07-31 16:00:00+00:00,0.0,0.0,0.9999122733,1.0001422597360596,0.9999,1.0
2025-07-31 17:00:00+00:00,0.0,0.0,0.999942190708101,1.0001524283206076,0.9998,1.0
2025-07-31 18:00:00+00:00,0.0,0.0,0.999946962862813,1.0001517124677268,0.9998,0.9999
2025-07-31 19:00:00+00:00,0.0,0.0,0.9999337423332502,1.0001589693901158,0.9998,0.9999
2025-07-31 20:00:00+00:00,0.0,0.0,0.999872734470216,1.0001339279342896,0.9998,0.9999
2025-07-31 21:00:00+00:00,0.0,0.0,0.9998718789407314,1.0000778284126637,0.9998,0.9999
2025-07-31 22:00:00+00:00,0.0,0.0,0.9998747869047282,1.0000992202769097,0.9998,0.9999
2025-07-31 23:00:00+00:00,0.0,0.0,0.9998823880245328,1.0000880037439774,0.9998,0.9999
2025-08-01 00:00:00+00:00,0.0,0.0,0.9997563672030886,1.000087887723573,0.9998,0.9999
2025-08-01 01:00:00+00:00,0.0,0.0,0.9997805118040196,1.0003474635163307,0.9998,0.9999
2025-08-01 02:00:00+00:00,0.0,0.0,0.9998164837209302,1.000034246498854,0.9998,0.9999
2025-08-01 03:00:00+00:00,0.0,0.0,0.9998334677419356,1.0002185205407943,0.9998,0.9999
2025-08-01 04:00:00+00:00,0.0,0.0,0.9999612946279614,1.000179194950909,0.9998,0.9999
2025-08-01 05:00:00+00:00,0.0,0.0,0.9999259016393444,1.0001780567612226,0.9998,0.9999
2025-08-01 06:00:00+00:00,0.0,0.0,0.9999237429660248,1.000127916018941,0.9998,0.9999
2025-08-01 07:00:00+00:00,0.0,0.0,0.999,1.0001271308575754,0.9998,0.9999
2025-08-01 08:00:00+00:00,0.0,0.0,0.9998223473069712,1.0000538825306122,0.9998,0.9999
2025-08-01 09:00:00+00:00,0.0,0.0,0.9998212445210688,1.0000242494167375,0.9998,0.9999
2025-08-01 10:00:00+00:00,0.0,0.0,0.999799556135628,1.0000226084357098,0.9998,0.9999
2025-08-01 11:00:00+00:00,0.0,0.0,0.999744956760174,1.000001179721598,0.9998,0.9999
2025-08-01 12:00:00+00:00,0.0,0.0,0.9997444505324566,0.9999508911095528,0.9998,0.9999
2025-08-01 13:00:00+00:00,0.0,0.0,0.99974903433969,0.999958542325638,0.9998,0.9999
2025-08-01 14:00:00+00:00,0.0,0.0,0.9997322316527556,0.9999506252662628,0.9998,0.9999
2025-08-01 15:00:00+00:00,0.0,0.0,0.9997359995957146,0.9999528194674232,0.9998,0.9999
2025-08-01 16:00:00+00:00,0.0,0.0,0.9996032335640124,0.999963023689198,0.9998,0.9999
2025-08-01 17:00:00+00:00,0.0,0.0,0.9996166,0.9998270267619408,0.9998,0.9999
2025-08-01 18:00:00+00:00,0.0,0.0,0.9996296071761546,0.9998452377040314,0.9998,0.9999
2025-08-01 19:00:00+00:00,0.0,0.0,0.9996238739072348,0.9998485876660088,0.9998,0.9999
2025-08-01 20:00:00+00:00,0.0,0.0,0.9995641056751292,0.9997889096594864,0.9998,0.9999
2025-08-01 21:00:00+00:00,0.0,0.0,0.9995744138803148,0.9998226139734,0.9998,0.9999
2025-08-01 22:00:00+00:00,0.0,0.0,0.9996109423071834,0.9998427226693224,0.9998,0.9999
2025-08-01 23:00:00+00:00,0.0,0.0,0.9992439516129032,0.9998447058706882,0.9998,0.9999
2025-08-02 00:00:00+00:00,0.0,0.0,0.9996190810229834,0.9998393473016765,0.9998,0.9999
2025-08-02 01:00:00+00:00,0.0,0.0,0.9996385379031996,0.9998441259052492,0.9998,0.9999
2025-08-02 02:00:00+00:00,0.0,0.0,0.9996417317531476,1.000264410364886,0.9998,0.9999
2025-08-02 03:00:00+00:00,0.0,0.0,0.9996582352941176,0.9998630445,0.9998,0.9999
2025-08-02 04:00:00+00:00,0.0,0.0,0.999660491226931,0.999862902142686,0.9998,0.9999
2025-08-02 05:00:00+00:00,0.0,0.0,0.9996609228713302,0.9998655550099576,0.9998,0.9999
2025-08-02 06:00:00+00:00,0.0,0.0,0.999657603222558,0.9998634298870444,0.9998,0.9999
2025-08-02 07:00:00+00:00,0.0,0.0,0.99965833,0.9998634282570764,0.9998,0.9999
2025-08-02 08:00:00+00:00,0.0,0.0,0.9996626422454542,0.9998750390783582,0.9998,0.9999
2025-08-02 09:00:00+00:00,0.0,0.0,0.9996742464829192,0.9998798562119144,0.9998,0.9999
2025-08-02 10:00:00+00:00,0.0,0.0,0.9996744516129032,0.9998760153740937,0.9998,0.9999
2025-08-02 11:00:00+00:00,0.0,0.0,0.9996752581965966,0.9999138648827128,0.9998,0.9999
2025-08-02 12:00:00+00:00,0.0,0.0,0.9996782769617776,0.999902630809076,0.9998,0.9999
2025-08-02 13:00:00+00:00,0.0,0.0,0.9997033173172114,1.0009182736455464,0.9998,0.9999
2025-08-02 14:00:00+00:00,0.0,0.0,0.9997051546439296,0.9999154089945996,0.9998,0.9999
2025-08-02 15:00:00+00:00,0.0,0.0,0.9997156749726506,0.9999560933759948,0.9998,0.9999
2025-08-02 16:00:00+00:00,0.0,0.0,0.9997534212184738,0.9999592777777698,0.9998,0.9999
2025-08-02 17:00:00+00:00,0.0,0.0,0.9997568023685356,0.9999667960894328,0.9998,0.9999
2025-08-02 18:00:00+00:00,215370.8364985516,0.0,0.999765331438408,1.009825865620265,0.9998,0.9999
2025-08-02 19:00:00+00:00,0.0,0.0,0.99978,0.9999900000999988,0.9998,0.9999
2025-08-02 20:00:00+00:00,0.0,0.0,0.99978725,0.9999900608771428,0.9998,0.9999
2025-08-02 21:00:00+00:00,0.0,0.0,0.999787190408277,0.9999896632890232,0.9998,0.9999
2025-08-02 22:00:00+00:00,0.0,0.0,0.9997846700677752,0.99998825504348,0.9998,0.9999
2025-08-02 23:00:00+00:00,0.0,0.0,0.9997805882348012,0.9999857002044872,0.9998,0.9999
2025-08-03 00:00:00+00:00,0.0,0.0,0.999781,0.9999837458541128,0.9998,0.9999
2025-08-03 01:00:00+00:00,0.0,0.0,0.9997819618907692,0.9999884966712612,0.9998,0.9999
2025-08-03 02:00:00+00:00,0.0,0.0,0.9997858571903828,0.9999878740486844,0.9998,0.9999
2025-08-03 03:00:00+00:00,0.0,0.0,0.9997860666666668,0.999994871376984,0.9998,0.9999
2025-08-03 04:00:00+00:00,0.0,0.0,0.99979,0.999996515689946,0.9998,0.9999
2025-08-03 05:00:00+00:00,0.0,0.0,0.999794962962963,0.9999970049151838,0.9998,0.9999
2025-08-03 06:00:00+00:00,0.0,0.0,0.9997563377519408,1.0000561100818597,0.9998,0.9999
2025-08-03 07:00:00+00:00,0.0,0.0,0.9998526954321096,1.000057970034323,0.9998,0.9999
2025-08-03 08:00:00+00:00,0.0,0.0,0.9998397465196216,1.0000635488457428,0.9998,0.9999
2025-08-03 09:00:00+00:00,0.0,0.0,0.9998611381578426,1.0000683553821637,0.9998,0.9999
2025-08-03 10:00:00+00:00,0.0,0.0,0.9998557781016604,1.000059771417673,0.9998,0.9999
2025-08-03 11:00:00+00:00,0.0,0.0,0.9998567142857144,1.0000634222293,0.9998,0.9999
2025-08-03 12:00:00+00:00,0.0,0.0,0.999855004418913,1.0000696970964191,0.9998,0.9999
2025-08-03 13:00:00+00:00,0.0,0.0,0.9998582074236068,1.0000604008326412,0.9998,0.9999
2025-08-03 14:00:00+00:00,0.0,0.0,0.99985901,1.0000658728650604,0.9998,0.9999
2025-08-03 15:00:00+00:00,0.0,0.0,0.9998648839215144,1.0000667249591382,0.9998,0.9999
2025-08-03 16:00:00+00:00,0.0,0.0,0.9998654569933344,1.0000669213294555,0.9998,0.9999
2025-08-03 17:00:00+00:00,0.0,0.0,0.9998522567777204,1.0000699888754525,0.9998,0.9999
2025-08-03 18:00:00+00:00,0.0,0.0,0.999866017953594,1.0001582911811646,0.9998,0.9999
2025-08-03 19:00:00+00:00,0.0,0.0,0.9999567876138632,1.0001701246380648,0.9998,0.9999
2025-08-03 20:00:00+00:00,0.0,0.0,0.9999656680847656,1.0001793368530218,0.9998,0.9999
2025-08-03 21:00:00+00:00,0.0,0.0,0.99997766590389,1.0001791990475186,0.9998,0.9999
2025-08-03 22:00:00+00:00,0.0,0.0,0.9999724793582856,1.0001786642369708,0.9998,0.9999
2025-08-03 23:00:00+00:00,0.0,0.0,0.99997,1.000173298151498,0.9998,0.9999
2025-08-04 00:00:00+00:00,0.0,0.0,0.9999700558752024,1.0001800324058332,0.9998,0.9999
2025-08-04 01:00:00+00:00,0.0,0.0,0.9999720653951708,1.0001800324058332,0.9998,0.9999
2025-08-04 02:00:00+00:00,0.0,0.0,0.9999439273298196,1.0001833198198866,0.9998,0.9999
2025-08-04 03:00:00+00:00,0.0,0.0,0.9999873041454748,1.000190967826735,0.9998,0.9999
2025-08-04 04:00:00+00:00,0.0,0.0,0.999986806683734,1.0001915315158372,0.9998,0.9999
2025-08-04 05:00:00+00:00,0.0,0.0,0.9999845138510696,1.0001875487914111,0.9998,0.9999
2025-08-04 06:00:00+00:00,0.0,0.0,0.9999271078821914,1.0001752449590342,0.9998,0.9999
2025-08-04 07:00:00+00:00,0.0,0.0,1.00001207364122,1.000341497216192,0.9998,0.9999
2025-08-04 08:00:00+00:00,0.0,0.0,1.0000103,1.0004818116116596,0.9998,0.9999
2025-08-04 09:00:00+00:00,0.0,0.0,1.0000102113931342,1.000228608933928,0.9998,0.9999
2025-08-04 10:00:00+00:00,0.0,0.0,1.000020000400008,1.000240356796311,0.9998,0.9999
2025-08-04 11:00:00+00:00,0.0,0.0,0.9998655913978496,1.000228479970725,0.9998,0.9999
2025-08-04 12:00:00+00:00,0.0,0.0,1.0000284209529788,1.0002452165908131,0.9998,0.9999
2025-08-04 13:00:00+00:00,0.0,0.0,1.0000363113139952,1.0002506651347305,0.9998,0.9999
2025-08-04 14:00:00+00:00,0.0,0.0,1.000030474847087,1.0002455559707466,0.9998,0.9999
2025-08-04 15:00:00+00:00,7.30133333333e-05,0.0,0.9866666666666668,1.000255878077975,0.9998,0.9999
2025-08-04 16:00:00+00:00,0.0,0.0,1.0000531372168526,1.0002611731936268,0.9998,0.9999
2025-08-04 17:00:00+00:00,0.0,0.0,1.000058585053781,1.0002615178118872,0.9998,0.9999
2025-08-04 18:00:00+00:00,0.0,0.0,1.000055029845368,1.0002597106574616,0.9998,0.9999
2025-08-04 19:00:00+00:00,0.0,0.0,1.0000408829268292,1.0003256402001983,0.9998,0.9999
2025-08-04 20:00:00+00:00,0.0,0.0,0.9999767268463432,1.0002515905721931,0.9995,0.9999
2025-08-04 21:00:00+00:00,0.0,0.0,0.9999530022088964,1.0001567758267351,0.9998,0.9999
2025-08-04 22:00:00+00:00,0.0,0.0,0.9999580011453708,1.000160247600883,0.9998,0.9999
2025-08-04 23:00:00+00:00,0.0,0.0,0.9999589123784316,1.0001606350293444,0.9998,0.9999
2025-08-05 00:00:00+00:00,0.0,0.0,0.9999527875238814,1.0001697378888952,0.9998,0.9999
2025-08-05 01:00:00+00:00,0.0,0.0,0.9999518148148148,1.000156101355974,0.9998,0.9999
2025-08-05 02:00:00+00:00,0.000112037037037,0.0,0.999952462574464,1.0185185185185186,0.9998,0.9999
2025-08-05 03:00:00+00:00,0.0,0.0,0.9999454,1.0001550644974615,0.9998,0.9999
2025-08-05 04:00:00+00:00,0.0,0.0,0.99994852329658,1.0002085170243538,0.9998,0.9999
2025-08-05 05:00:00+00:00,0.0,0.0,0.999974669476244,1.0001821269424789,0.9998,0.9999
2025-08-05 06:00:00+00:00,0.0,0.0,0.999971,1.0001773619334864,0.9998,0.9999
2025-08-05 07:00:00+00:00,0.0,0.0,0.9999639606759052,1.0001767542862914,0.9998,0.9999
2025-08-05 08:00:00+00:00,0.0,0.0,0.999938004032258,1.0001667763588902,0.9998,0.9999
2025-08-05 09:00:00+00:00,0.0,0.0,0.9999548523890835,1.00017163039565,0.9998,0.9999
2025-08-05 10:00:00+00:00,0.0,0.0,0.999966734650002,1.0001722878930692,0.9998,0.9999
2025-08-05 11:00:00+00:00,0.0,0.0,0.999966431688486,1.0001704250397452,0.9998,0.9999
2025-08-05 12:00:00+00:00,0.0,0.0,0.9999683066909644,1.0001717224524165,0.9998,0.9999
2025-08-05 13:00:00+00:00,0.0,0.0,0.9999720745679436,1.0001739247841015,0.9998,0.9999
2025-08-05 14:00:00+00:00,0.0,0.0,0.9999717608320428,1.0001959876545912,0.9998,0.9999
2025-08-05 15:00:00+00:00,0.0,0.0,0.9999957337337336,1.0001990386522073,0.9998,0.9999
2025-08-05 16:00:00+00:00,0.0,0.0,0.9999572637000256,1.000196195510728,0.9998,0.9999
2025-08-05 17:00:00+00:00,0.0,0.0,0.9999399331545944,1.0001594601687744,0.9998,0.9999
2025-08-05 18:00:00+00:00,0.0,0.0,0.999941104864114,1.000144366736182,0.9998,0.9999
2025-08-05 19:00:00+00:00,0.0,0.0,0.9999272997857056,1.0001434541543073,0.9998,0.9999
2025-08-05 20:00:00+00:00,0.0,0.0,0.999917635638506,1.0001241967881485,0.9998,0.9999
2025-08-05 21:00:00+00:00,0.0,0.0,0.9999213993459386,1.0001232385589789,0.9998,0.9999
2025-08-05 22:00:00+00:00,0.0,0.0,0.999919523427268,1.0001263809701313,0.9998,0.9999
2025-08-05 23:00:00+00:00,0.0,0.0,0.9999231205093316,1.0001280457812916,0.9998,0.9999
2025-08-06 00:00:00+00:00,0.0,0.0,0.9999266201376515,1.000129078844726,0.9998,0.9999
2025-08-06 01:00:00+00:00,0.0,0.0,0.9999266343999414,1.0001308051077384,0.9998,0.9999
2025-08-06 02:00:00+00:00,0.0,0.0,0.9999283389342114,1.000132038579807,0.9998,1.0001
2025-08-06 03:00:00+00:00,0.0,0.0,0.9999213156650696,1.000131555743518,0.9998,0.9999
2025-08-06 04:00:00+00:00,3005850.4427203047,0.0,0.9999217463999688,1.0019501516904457,0.9998,0.9999
2025-08-06 05:00:00+00:00,0.0,0.0,0.9999528485912876,1.00019074687118,0.9998,0.9999
2025-08-06 06:00:00+00:00,0.0,0.0,0.9999355686934078,1.0001614203189042,0.9998,0.9999
2025-08-06 07:00:00+00:00,0.0,0.0,0.9999343593134714,1.000139798032055,0.9998,0.9999
2025-08-06 08:00:00+00:00,0.0,0.0,0.9999354350567464,1.000139341128167,0.9998,0.9999
2025-08-06 09:00:00+00:00,0.0,0.0,0.9999320444444444,1.0001411179114552,0.9998,0.9999
2025-08-06 10:00:00+00:00,0.0,0.0,0.999938746087593,1.0001412861607453,0.9998,0.9999
2025-08-06 11:00:00+00:00,0.0,0.0,0.9999398407108936,1.0001426601278045,0.9998,0.9999
2025-08-06 12:00:00+00:00,0.0,0.0,0.9999402264150944,1.0001419216410057,0.9998,0.9999
2025-08-06 13:00:00+00:00,0.0,0.0,0.99994184,1.000149844672284,0.9998,0.9999
2025-08-06 14:00:00+00:00,0.0,0.0,0.999944612286002,1.0001561200573843,0.9998,1.0
2025-08-06 15:00:00+00:00,0.0,0.0,0.9999560262619192,1.0001590008109178,0.9999,1.0
2025-08-06 16:00:00+00:00,0.0,0.0,0.999937529531519,1.0001685021363664,0.9999,1.0
2025-08-06 17:00:00+00:00,0.0,0.0,0.999919633522,1.0001564452261378,0.9999,1.0
2025-08-06 18:00:00+00:00,0.0,0.0,0.999956374380501,1.0001905265923985,0.9999,1.0
2025-08-06 19:00:00+00:00,0.0,0.0,0.999990728420052,1.0002471886110136,0.9999,1.0
2025-08-06 20:00:00+00:00,0.0,0.0,1.0000446995096273,1.0002625585635765,0.9999,1.0
2025-08-06 21:00:00+00:00,0.0,0.0,1.0000623956170422,1.000272539968338,0.9999,1.0
2025-08-06 22:00:00+00:00,0.0,0.0,1.0000723477689435,1.0002742687511093,0.9999,1.0
2025-08-06 23:00:00+00:00,0.0,0.0,1.0000716652508082,1.0002845345544056,0.9999,1.0
2025-08-07 00:00:00+00:00,0.0,0.0,1.0000750668065157,1.0002907303277984,0.9999,1.0
2025-08-07 01:00:00+00:00,0.0,0.0,1.0000859934784352,1.0003023135865814,0.9999,1.0
2025-08-07 02:00:00+00:00,0.0,0.0,1.00006548,1.0003016774838658,0.9999,1.0
2025-08-07 03:00:00+00:00,0.0,0.0,1.000078125,1.0003572890208332,0.9999,1.0
2025-08-07 04:00:00+00:00,0.0,0.0,1.0001506048387097,1.0004483318884072,0.9999,1.0
2025-08-07 05:00:00+00:00,0.0,0.0,1.0002012044049926,1.0004229727840668,0.9999,1.0
2025-08-07 06:00:00+00:00,0.0,0.0,1.0001902222222223,1.0004020629246888,0.9999,1.0
2025-08-07 07:00:00+00:00,0.0007170013908205,0.0,0.9986091794158554,1.0003903667861216,0.9999,1.0
2025-08-07 08:00:00+00:00,0.0,0.0,1.00016291,1.000375186326021,0.9999,1.0
2025-08-07 09:00:00+00:00,0.0,0.0,1.0001541023314409,1.0003630559466452,0.9999,1.0
2025-08-07 10:00:00+00:00,0.0,0.0,1.000155824940096,1.0003748276462163,0.9999,1.0
2025-08-07 11:00:00+00:00,0.0,0.0,1.0001621801950689,1.0003737869557223,0.9999,1.0
2025-08-07 12:00:00+00:00,0.0,0.0,1.000144105536747,1.0003641497383724,0.9999,1.0
2025-08-07 13:00:00+00:00,0.0,0.0,1.0001195005,1.0003310331247488,0.9999,1.0
2025-08-07 14:00:00+00:00,0.0,0.0,1.0001211620689656,1.0003580576472813,0.9999,1.0
2025-08-07 15:00:00+00:00,0.0,0.0,1.0001512400493688,1.0004048002794683,0.9999,1.0
2025-08-07 16:00:00+00:00,0.0,0.0,1.000199807149824,1.0004080175447545,0.9999,1.0
2025-08-07 17:00:00+00:00,0.0,0.0,1.000195230855435,1.000406758978357,0.9999,1.0
2025-08-07 18:00:00+00:00,0.0,0.0,1.0001914423342817,1.0003975495819977,0.9999,1.0
2025-08-07 19:00:00+00:00,0.0,0.0,1.0001800533333334,1.0004315106008546,0.9999,1.0
2025-08-07 20:00:00+00:00,0.0,0.0,1.000231257756249,1.0004333094079727,0.9999,1.0
2025-08-07 21:00:00+00:00,0.0,0.0,1.000231396627566,1.0004439208254137,0.9999,1.0
2025-08-07 22:00:00+00:00,0.0,0.0,1.0002251518967793,1.0004360424687366,0.9999,1.0
2025-08-07 23:00:00+00:00,0.0,0.0,1.0002330811849616,1.000469608007951,0.9999,1.0
2025-08-08 00:00:00+00:00,0.002008032128514,0.0,1.0002677798686554,1.0040160642570282,0.9999,1.0
2025-08-08 01:00:00+00:00,0.0,0.0,1.0002663247571102,1.000472297476392,0.9999,1.0
2025-08-08 02:00:00+00:00,0.0,0.0,1.000259783333333,1.0004788062436738,0.9999,1.0
2025-08-08 03:00:00+00:00,0.0,0.0,1.0002521170625014,1.0004612547355922,0.9999,1.0
2025-08-08 04:00:00+00:00,0.0,0.0,1.000148,1.0004521381726752,0.9999,1.0
2025-08-08 05:00:00+00:00,0.0,0.0,1.0001473901960785,1.0003549681196082,0.9999,1.0
2025-08-08 06:00:00+00:00,0.0,0.0,1.0001423590935503,1.000355001144951,0.9999,1.0
2025-08-08 07:00:00+00:00,0.0,0.0,1.000142660784637,1.0003543729120687,0.9999,1.0
2025-08-08 08:00:00+00:00,0.0,0.0,1.0001537549945574,1.0003590310630506,0.9999,1.0
2025-08-08 09:00:00+00:00,0.0,0.0,1.000158457819261,1.0003768257627712,0.9999,1.0
2025-08-08 10:00:00+00:00,0.0,0.0,1.0001760341755377,1.0003958219355946,0.9999,1.0
2025-08-08 11:00:00+00:00,0.0,0.0,1.0001950490721117,1.0004146470447557,0.9999,1.0
2025-08-08 12:00:00+00:00,0.0,0.0,1.000214026923728,1.0004873045057974,0.9999,1.0
2025-08-08 13:00:00+00:00,0.0,0.0,1.0001722785324223,1.000491123438594,0.9999,1.0
2025-08-08 14:00:00+00:00,540500.4736090677,0.0,1.0002609767730672,1.00546442669802,0.9999,1.0
2025-08-08 15:00:00+00:00,0.0,0.0,1.000198907429903,1.000451115943405,0.9999,1.0
2025-08-08 16:00:00+00:00,0.0,0.0,1.0000983834921444,1.000408831323922,0.9999,1.0
2025-08-08 17:00:00+00:00,0.0,0.0,1.00006811293124,1.000330472579339,0.9999,1.0
2025-08-08 18:00:00+00:00,0.0,0.0,1.0000796572966084,1.0002977684082075,0.9999,1.0
2025-08-08 19:00:00+00:00,0.0,0.0,1.0000935058157736,1.000301564820316,0.9999,1.0
2025-08-08 20:00:00+00:00,0.0,0.0,1.0000805639476331,1.0002990712780546,0.9999,1.0
2025-08-08 21:00:00+00:00,0.0,0.0,1.0000968259579623,1.0003242356665707,0.9999,1.0
2025-08-08 22:00:00+00:00,0.0,0.0,1.000123816990372,1.0003268590768322,0.9999,1.0
2025-08-08 23:00:00+00:00,0.0,0.0,1.0001252588235294,1.0003270591977147,0.9999,1.0
2025-08-09 00:00:00+00:00,0.0,0.0,1.000087604944878,1.0003291031937969,0.9999,1.0
2025-08-09 01:00:00+00:00,0.0,0.0,1.000090156819712,1.0002973645187732,0.9999,1.0
2025-08-09 02:00:00+00:00,0.0,0.0,1.000097313000308,1.0003015591304734,0.9999,1.0
2025-08-09 03:00:00+00:00,0.0,0.0,1.000106955153273,1.0003332099468445,0.9999,1.0
2025-08-09 04:00:00+00:00,0.0,0.0,1.0001311602326657,1.0003378498410376,0.9999,1.0
2025-08-09 05:00:00+00:00,0.0,0.0,1.0001142069484414,1.0003544050458355,0.9999,1.0
2025-08-09 06:00:00+00:00,0.0,0.0,1.0001352795693104,1.0003602941572831,0.9999,1.0
2025-08-09 07:00:00+00:00,0.0,0.0,1.0000929044891516,1.0003525181420572,0.9998,1.0
2025-08-09 08:00:00+00:00,0.0,0.0,1.0001144964202844,1.0003230403800474,0.9998,0.9999
2025-08-09 09:00:00+00:00,0.0,0.0,1.000121571,1.00033648385311,0.9998,0.9999
2025-08-09 10:00:00+00:00,0.0,0.0,1.000136240164628,1.0003478779443975,0.9998,0.9999
2025-08-09 11:00:00+00:00,0.0,0.0,1.0001373286290325,1.0003530341706404,0.9998,0.9999
2025-08-09 12:00:00+00:00,0.0,0.0,1.0001360434029474,1.000354823350834,0.9998,0.9999
2025-08-09 13:00:00+00:00,0.0,0.0,1.000129505,1.0003550121754976,0.9998,0.9999
2025-08-09 14:00:00+00:00,0.0,0.0,1.000062720998412,1.000268870764042,0.9998,0.9999
2025-08-09 15:00:00+00:00,0.0,0.0,1.0000640666086016,1.0002731108249354,0.9998,0.9999
2025-08-09 16:00:00+00:00,0.0,0.0,1.00007305764411,1.0003074590209593,0.9998,0.9999
2025-08-09 17:00:00+00:00,0.0,0.0,1.0001066666666667,1.000308434724384,0.9998,0.9999
2025-08-09 18:00:00+00:00,0.0,0.0,1.0001082702316204,1.0003153996139251,0.9998,0.9999
2025-08-09 19:00:00+00:00,0.0010210039331366,0.0,1.0001157150629452,1.0019665683382497,0.9998,0.9999
2025-08-09 20:00:00+00:00,0.0,0.0,1.0001216630275405,1.0003854018106657,0.9998,0.9999
2025-08-09 21:00:00+00:00,0.0,0.0,1.0001454179254785,1.000385565078709,0.9998,0.9999
2025-08-09 22:00:00+00:00,0.0,0.0,1.0001434300157592,1.0004062579906292,0.9998,0.9999
2025-08-09 23:00:00+00:00,0.0007670052424639,0.0,1.0001917719629114,1.00262123197903,0.9998,0.9999
2025-08-10 00:00:00+00:00,0.0,0.0,1.000191499142846,1.00039811718504,0.9998,0.9999
2025-08-10 01:00:00+00:00,0.0,0.0,1.0001865479497385,1.0003920854357504,0.9998,0.9999
2025-08-10 02:00:00+00:00,0.0,0.0,1.0001046518177563,1.000389541241172,0.9998,0.9999
2025-08-10 03:00:00+00:00,0.0,0.0,1.0001291762672813,1.0003828322187067,0.9998,0.9999
2025-08-10 04:00:00+00:00,0.0,0.0,1.000129909365559,1.0003330787853184,0.9998,0.9999
2025-08-10 05:00:00+00:00,0.0,0.0,1.0001293708803256,1.0003350636863804,0.9998,0.9999
2025-08-10 06:00:00+00:00,0.0,0.0,1.000126485213088,1.000335494169912,0.9998,0.9999
2025-08-10 07:00:00+00:00,0.0,0.0,1.0001225472120292,1.0003447056218489,0.9998,0.9999
2025-08-10 08:00:00+00:00,0.0,0.0,1.000113372721292,1.000316423863301,0.9998,0.9999
2025-08-10 09:00:00+00:00,0.0,0.0,1.000112267719374,1.0003176111513843,0.9998,0.9999
2025-08-10 10:00:00+00:00,0.0,0.0,1.0001159830853366,1.0003183963702813,0.9998,0.9999
2025-08-10 11:00:00+00:00,0.0,0.0,1.0000990835947057,1.0003170604954943,0.9998,0.9999
2025-08-10 12:00:00+00:00,0.0,0.0,1.000092778137491,1.0003013106150869,0.9998,0.9999
2025-08-10 13:00:00+00:00,0.0,0.0,1.0000635936717428,1.0002934928970946,0.9998,0.9999
2025-08-10 14:00:00+00:00,0.0,0.0,1.0001239337013308,1.0003796739206985,0.9998,0.9999
2025-08-10 15:00:00+00:00,0.0,0.0,1.0000507248595136,1.0003177792583542,0.9991,1.0007
2025-08-10 16:00:00+00:00,0.0,0.0,1.000031809651048,1.00026273048629,0.9999,1.0
2025-08-10 17:00:00+00:00,0.0,0.0,1.0000596884748862,1.00026301970117,0.9999,1.0
2025-08-10 18:00:00+00:00,0.0,0.0,1.0000594758064516,1.0002628122779522,0.9999,1.0
2025-08-10 19:00:00+00:00,0.0,0.0,1.000059515416711,1.000287509399883,0.9999,1.0
2025-08-10 20:00:00+00:00,0.0,0.0,1.000087809134212,1.0003036154827665,0.9999,1.0
2025-08-10 21:00:00+00:00,0.0,0.0,1.000101378361347,1.0003330773045838,0.9999,1.0
2025-08-10 22:00:00+00:00,0.0,0.0,1.0001268786409323,1.0003286375968177,0.9999,1.0
2025-08-10 23:00:00+00:00,0.0,0.0,1.000121778262903,1.000324971540245,0.9999,1.0
2025-08-11 00:00:00+00:00,0.0,0.0,1.0001224351562266,1.0003368648484847,0.9999,1.0
2025-08-11 01:00:00+00:00,0.0,0.0,1.0000744269127717,1.0003442511837812,0.9999,1.0
2025-08-11 02:00:00+00:00,0.0,0.0,1.0001385883956684,1.0003585309984062,0.9999,1.0
2025-08-11 03:00:00+00:00,3.6125e-05,0.0,1.0001142725237442,1.0625,0.9999,1.0
2025-08-11 04:00:00+00:00,0.0,0.0,1.0000855886069917,1.000386771420296,0.9999,1.0
2025-08-11 05:00:00+00:00,0.0,0.0,0.9999301288299244,1.0002796349203065,0.9999,1.0
2025-08-11 06:00:00+00:00,0.0,0.0,0.999929583527342,1.0001381058705878,0.9999,1.0
2025-08-11 07:00:00+00:00,0.0,0.0,0.9999369570935356,1.0001418382970677,0.9999,1.0
2025-08-11 08:00:00+00:00,0.0,0.0,0.9999401794948716,1.0001900661611685,0.9999,1.0
2025-08-11 09:00:00+00:00,0.0,0.0,0.9999879657553536,1.0001987716585303,0.9999,1.0
2025-08-11 10:00:00+00:00,0.0,0.0,0.99997358903644,1.0001948680178196,0.9999,1.0
2025-08-11 11:00:00+00:00,0.0,0.0,0.9999424467725646,1.0001755488581954,0.9999,1.0
2025-08-11 12:00:00+00:00,0.0,0.0,0.9998464013064432,1.000138795272491,0.9999,1.0
2025-08-11 13:00:00+00:00,0.0,0.0,0.9998490296693812,1.0000552827041354,0.9999,1.0
2025-08-11 14:00:00+00:00,0.0,0.0,0.999852970795569,1.0000697524710045,0.9999,1.0
2025-08-11 15:00:00+00:00,0.0,0.0,0.9998649097057593,1.0000714842137268,0.9999,1.0
2025-08-11 16:00:00+00:00,0.0,0.0,0.9998667026550692,1.0000944764675923,0.9999,1.0
2025-08-11 17:00:00+00:00,0.0,0.0,0.9998816784274192,1.0000985438355612,0.9999,1.0
2025-08-11 18:00:00+00:00,0.0,0.0,0.9998868614544988,1.0001302483636814,0.9999,1.0
2025-08-11 19:00:00+00:00,0.0,0.0,0.9998986177947536,1.0001671198874518,0.9999,1.0
2025-08-11 20:00:00+00:00,0.0,0.0,0.999960255954325,1.000162968378657,0.9999,1.0
2025-08-11 21:00:00+00:00,0.0,0.0,0.9999604051481916,1.000172480692396,0.9999,1.0
2025-08-11 22:00:00+00:00,0.0,0.0,0.9999559899776052,1.0001781487796808,0.9999,1.0
2025-08-11 23:00:00+00:00,0.0,0.0,0.9999669700319692,1.0001941389443163,0.9999,1.0
2025-08-12 00:00:00+00:00,0.0,0.0,0.999992137096774,1.0002850281013516,0.9999,1.0
2025-08-12 01:00:00+00:00,0.0,0.0,1.0000564259108682,1.000277165318319,0.9999,1.0
2025-08-12 02:00:00+00:00,0.0,0.0,1.000052164288964,1.0002600676175808,0.9999,1.0
2025-08-12 03:00:00+00:00,0.0,0.0,1.0000011630080838,1.000354342272436,0.9999,1.0
2025-08-12 04:00:00+00:00,0.0,0.0,0.9999400651877768,1.0001531331197695,0.9999,1.0
2025-08-12 05:00:00+00:00,0.0,0.0,0.9999470468051912,1.0001529591716674,0.9999,1.0
2025-08-12 06:00:00+00:00,0.0,0.0,0.9999261597977084,1.0001483549478123,0.9999,1.0
2025-08-12 07:00:00+00:00,0.0,0.0,0.9999288532136954,1.0001447463196895,0.9999,1.0
2025-08-12 08:00:00+00:00,0.0,0.0,0.999927,1.0001371287679863,0.9999,1.0
2025-08-12 09:00:00+00:00,0.0,0.0,0.999922775152133,1.000163669947859,0.9999,1.0
2025-08-12 10:00:00+00:00,0.0,0.0,0.999927462021799,1.0001300537117686,0.9999,1.0002
2025-08-12 11:00:00+00:00,0.0,0.0,0.99993,1.0001361839052791,1.0,1.0002
2025-08-12 12:00:00+00:00,0.0,0.0,0.9998372634500906,1.0001428563680976,0.9999,1.0001
2025-08-12 13:00:00+00:00,0.0,0.0,0.9998468674022066,1.0000686184680598,0.9999,1.0001
2025-08-12 14:00:00+00:00,0.0,0.0,0.9998733626467504,1.0001446665973566,0.9999,1.0
2025-08-12 15:00:00+00:00,0.0,0.0,0.999945599598576,1.0002531614946883,0.9999,1.0
2025-08-12 16:00:00+00:00,0.0,0.0,1.0000168390977444,1.0002412995018704,0.9999,1.0
2025-08-12 17:00:00+00:00,0.0,0.0,1.0000404047489009,1.0002567615207234,0.9999,1.0
2025-08-12 18:00:00+00:00,0.0,0.0,1.000054011235955,1.0002645927223988,0.9999,1.0
2025-08-12 19:00:00+00:00,0.0,0.0,1.0000607385811469,1.0002916432978128,0.9999,1.0
2025-08-12 20:00:00+00:00,0.0,0.0,1.0000433121212122,1.0002875723351468,0.9999,1.0
2025-08-12 21:00:00+00:00,0.0,0.0,1.0000199094555626,1.0002495490020504,0.9999,1.0
2025-08-12 22:00:00+00:00,0.0,0.0,0.9999370951266116,1.0002205797960864,0.9999,1.0
2025-08-12 23:00:00+00:00,0.0006480062111801,0.0,0.9999227665713378,1.0031055900621118,0.9999,1.0
2025-08-13 00:00:00+00:00,0.0,0.0,0.9999227184171132,1.0001946452241168,0.9999,1.0
2025-08-13 01:00:00+00:00,0.0,0.0,0.9999582947999582,1.0001791620933056,0.9999,1.0
2025-08-13 02:00:00+00:00,0.0,0.0,0.9998281543537488,1.000171539420726,0.9999,1.0
2025-08-13 03:00:00+00:00,0.0,0.0,0.9998586482092768,1.0000771742710646,0.9999,1.0
2025-08-13 04:00:00+00:00,0.0,0.0,0.9998383869884208,1.00009100239833,0.9999,1.0
2025-08-13 05:00:00+00:00,0.0,0.0,0.9999428173205552,1.000156223383573,0.9999,1.0
2025-08-13 06:00:00+00:00,0.0,0.0,0.9999556021432447,1.0001908661451269,0.9999,1.0
2025-08-13 07:00:00+00:00,0.0,0.0,0.9999965247906394,1.0002465082580267,0.9999,1.0
2025-08-13 08:00:00+00:00,0.0,0.0,1.0000168326511671,1.000244918227773,0.9999,1.0
2025-08-13 09:00:00+00:00,0.0,0.0,0.9999778833431135,1.0002296641674713,0.9999,1.0
2025-08-13 10:00:00+00:00,0.0,0.0,0.9999803415,1.0002000912641822,0.9999,1.0
2025-08-13 11:00:00+00:00,0.0,0.0,0.9999934201388888,1.0002681709086132,0.9999,1.0
2025-08-13 12:00:00+00:00,0.0,0.0,1.0000624383951588,1.000266923443209,0.9999,1.0
2025-08-13 13:00:00+00:00,0.0,0.0,1.000061623,1.0002738008125651,0.9999,1.0
2025-08-13 14:00:00+00:00,0.0,0.0,1.0000625201612905,1.0003581755503816,0.9999,1.0
2025-08-13 15:00:00+00:00,0.0,0.0,1.0001535500835124,1.000373622712481,0.9999,1.0
2025-08-13 16:00:00+00:00,0.0,0.0,1.0001129496809171,1.0003829465919554,0.9999,1.0
2025-08-13 17:00:00+00:00,0.0,0.0,1.000141692,1.0003665468469072,0.9999,1.0
2025-08-13 18:00:00+00:00,0.0,0.0,1.0001165065170798,1.0003665226965104,0.9999,1.0
2025-08-13 19:00:00+00:00,0.0,0.0,1.0001450994196417,1.0003993866460124,0.9999,1.0
2025-08-13 20:00:00+00:00,0.0,0.0,1.0001847873638443,1.0004404534863152,0.9999,1.0
2025-08-13 21:00:00+00:00,0.0,0.0,1.0002447917228567,1.000566891243606,0.9999,1.0
2025-08-13 22:00:00+00:00,0.0,0.0,1.0003332691203246,1.0005931967744923,0.9999,1.0
2025-08-13 23:00:00+00:00,0.0,0.0,0.9999072112400176,1.0005679957799816,0.9999,1.0
2025-08-14 00:00:00+00:00,0.0,0.0,1.0002687997901754,1.0004908203530063,0.9999,1.0
2025-08-14 01:00:00+00:00,0.0,0.0,1.0002902126313429,1.0004956071854934,0.9999,1.0
2025-08-14 02:00:00+00:00,0.0,0.0,1.000296963630297,1.000519889390747,0.9999,1.0
2025-08-14 03:00:00+00:00,0.0,0.0,1.000283982947971,1.0005345311919636,0.9999,1.0
2025-08-14 04:00:00+00:00,5553556.932671665,0.0,1.0002962041666668,1.0066278789170475,0.9999,1.0
2025-08-14 05:00:00+00:00,7672427.8808573615,0.0,1.000317662563535,1.010355620493724,0.9999,1.0
2025-08-14 06:00:00+00:00,0.0,0.0,1.0002693560043223,1.00060158420977,0.9999,1.0
2025-08-14 07:00:00+00:00,0.0,0.0,1.0003982831320797,1.0006299128572549,0.9999,1.0
2025-08-14 08:00:00+00:00,0.0,0.0,1.0004106681180562,1.0008064873059537,0.9999,1.0
2025-08-14 09:00:00+00:00,0.0,0.0,1.0005462988254576,1.00076622975268,0.9999,1.0
2025-08-14 10:00:00+00:00,0.0,0.0,1.000511748950097,1.0007671267062703,0.9999,1.0
2025-08-14 11:00:00+00:00,0.0,0.0,1.0004973277777778,1.000732393207242,0.9999,1.0
2025-08-14 12:00:00+00:00,0.0,0.0,1.0004670460821683,1.0007149617509188,0.9997,1.0
2025-08-14 13:00:00+00:00,0.0,0.0,1.000438084088097,1.0008063321155012,0.9997,0.9998
2025-08-14 14:00:00+00:00,0.0,0.0,1.000459813443286,1.0006805927522933,0.9997,0.9998
2025-08-14 15:00:00+00:00,0.0,0.0,1.0004635595054097,1.0007351776068096,0.9997,0.9998
2025-08-14 16:00:00+00:00,0.0,0.0,1.0004052163082215,1.0007013876673974,0.9997,0.9998
2025-08-14 17:00:00+00:00,0.0,0.0,1.0003986624404264,1.0006418674445805,0.9997,0.9998
2025-08-14 18:00:00+00:00,0.0,0.0,1.0004012268126432,1.0006446215107203,0.9997,0.9998
2025-08-14 19:00:00+00:00,0.0,0.0,1.0003932621091955,1.00064040760988,0.9997,0.9998
2025-08-14 20:00:00+00:00,0.0,0.0,1.0004355480452998,1.000690553464717,0.9997,0.9998
2025-08-14 21:00:00+00:00,0.0,0.0,1.000490259,1.0007584445288435,0.9997,0.9998
2025-08-14 22:00:00+00:00,0.0,0.0,1.000539472,1.0007963146709824,0.9997,0.9998
2025-08-14 23:00:00+00:00,0.0,0.0,1.0005735921215495,1.0007857434495142,0.9997,0.9998
2025-08-15 00:00:00+00:00,0.0,0.0,1.0005859155097525,1.0008531390599562,0.9997,0.9998
2025-08-15 01:00:00+00:00,0.0,0.0,1.0006284824481262,1.0008526246275988,0.9997,0.9998
2025-08-15 02:00:00+00:00,10018428.664563453,0.0,1.000640538890806,1.017361292813333,0.9997,0.9998
2025-08-15 03:00:00+00:00,4018467.7509237695,0.0,1.0008343212850377,1.0260921151425,0.9996,0.9998
2025-08-15 04:00:00+00:00,179817.53101058092,0.0,1.0008126888217523,1.0010705905027808,0.9996,0.9997
2025-08-15 05:00:00+00:00,81949.96716558503,0.0,1.000814535,1.001031926653053,0.9996,0.9997
2025-08-15 06:00:00+00:00,1715814.3716454094,0.0,1.0008133778128736,1.0011613393342695,0.9996,0.9997
2025-08-15 07:00:00+00:00,117025.88732826718,0.0,1.0007399967836526,1.0010483673133872,0.9996,0.9997
2025-08-15 08:00:00+00:00,0.0,0.0,1.000637315188172,1.0009650443460336,0.9996,0.9997
2025-08-15 09:00:00+00:00,0.0,0.0,1.0005714348800674,1.0008428754256664,0.9996,0.9997
2025-08-15 10:00:00+00:00,0.0,0.0,1.000573470941874,1.0007807157383055,0.9996,0.9997
2025-08-15 11:00:00+00:00,0.0,0.0,1.0005580665755498,1.0007996543687327,0.9996,0.9997
2025-08-15 12:00:00+00:00,0.0,0.0,1.000563531896214,1.0007775557942715,0.9996,0.9997
2025-08-15 13:00:00+00:00,0.0,0.0,1.000534446756237,1.0007746900945729,0.9996,0.9997
2025-08-15 14:00:00+00:00,0.0,0.0,1.000449534696524,1.000774153452741,0.9996,0.9997
2025-08-15 15:00:00+00:00,0.0,0.0,1.0004417803686865,1.0008564768055557,0.9996,0.9997
2025-08-15 16:00:00+00:00,0.0,0.0,1.000479423076923,1.0007947397978507,0.9995,0.9997
2025-08-15 17:00:00+00:00,0.0,0.0,1.000514805134185,1.0007837913603062,0.9995,0.9996
2025-08-15 18:00:00+00:00,0.0,0.0,1.0004800496688633,1.0007166975171635,0.9995,0.9996
2025-08-15 19:00:00+00:00,0.0,0.0,1.0004653059907171,1.000673095172892,0.9995,0.9996
2025-08-15 20:00:00+00:00,10166782.547912495,0.0,1.000466950413223,1.0106549576144686,0.9995,0.9996
2025-08-15 21:00:00+00:00,0.0,0.0,1.000465004508887,1.0008263812182936,0.9995,0.9996
2025-08-15 22:00:00+00:00,7138169.945020488,0.0,1.0005724027272729,1.0057829576195572,0.9995,0.9996
2025-08-15 23:00:00+00:00,0.0003930025316455,0.0,0.9974683544303796,1.0007636280376555,0.9995,0.9996
2025-08-16 00:00:00+00:00,0.0,0.0,1.0005407630702,1.0007549702231613,0.9995,0.9996
2025-08-16 01:00:00+00:00,0.0,0.0,1.0005509090383635,1.000809921597975,0.9995,0.9996
2025-08-16 02:00:00+00:00,0.0,0.0,1.000591638013106,1.00085637390153,0.9995,0.9996
2025-08-16 03:00:00+00:00,0.0,0.0,1.00065118,1.0009609475627634,0.9995,0.9996
2025-08-16 04:00:00+00:00,0.0,0.0,1.0007574719866534,1.000995943916682,0.9995,0.9996
2025-08-16 05:00:00+00:00,1682.7906012243634,0.0,1.0007532837897457,1.0010136227416142,0.9995,0.9996
2025-08-16 06:00:00+00:00,0.0,0.0,1.000792377004638,1.0009991828527258,0.9995,0.9996
2025-08-16 07:00:00+00:00,0.0,0.0,1.0007146477553397,1.0009952335514212,0.9995,0.9996
2025-08-16 08:00:00+00:00,5883397.72140858,0.0,1.0007284586239305,1.0059458297780668,0.9995,0.9996
2025-08-16 09:00:00+00:00,0.0,0.0,1.0006715888559945,1.0009429675198065,0.9995,0.9996
2025-08-16 10:00:00+00:00,0.0,0.0,1.000655100097298,1.0008782966747674,0.9995,0.9996
2025-08-16 11:00:00+00:00,0.0,0.0,1.0006355129759898,1.00095822825179,0.9995,0.9996
2025-08-16 12:00:00+00:00,7035588.309539058,0.0,1.00065,1.0236756420877644,0.9995,0.9996
2025-08-16 13:00:00+00:00,0.0,0.0,1.000612313656469,1.000895755712,0.9995,0.9996
2025-08-16 14:00:00+00:00,0.0,0.0,1.0006033118812565,1.0008136646408845,0.9995,0.9996
2025-08-16 15:00:00+00:00,0.0,0.0,1.000594,1.000816169559516,0.9995,0.9996
2025-08-16 16:00:00+00:00,0.0,0.0,1.0005990937159208,1.0008118054322668,0.9995,0.9996
2025-08-16 17:00:00+00:00,0.0,0.0,1.000590599334169,1.0007951743014334,0.9995,0.9996
2025-08-16 18:00:00+00:00,0.0,0.0,1.0005388004176747,1.0007909948871645,0.9995,0.9996
2025-08-16 19:00:00+00:00,0.0,0.0,1.0005291955563649,1.000741324117543,0.9995,0.9996
2025-08-16 20:00:00+00:00,0.0,0.0,1.000529639165876,1.0007848687266858,0.9995,0.9996
2025-08-16 21:00:00+00:00,0.0,0.0,1.0005382623965142,1.000775000160124,0.9995,0.9996
2025-08-16 22:00:00+00:00,0.0,0.0,1.0005345230255025,1.0007430182162018,0.9995,0.9996
2025-08-16 23:00:00+00:00,0.0,0.0,1.0005345010577114,1.0007425465072175,0.9995,0.9996
2025-08-17 00:00:00+00:00,0.0,0.0,1.000533885176332,1.000736101636818,0.9995,0.9996
2025-08-17 01:00:00+00:00,0.0,0.0,1.0005339475693396,1.0007480866245948,0.9995,0.9996
2025-08-17 02:00:00+00:00,0.0,0.0,1.000534450398523,1.000741520969653,0.9995,0.9996
2025-08-17 03:00:00+00:00,0.0,0.0,1.000531926126064,1.000826402595464,0.9995,0.9996
2025-08-17 04:00:00+00:00,0.0,0.0,1.0005653189771826,1.0008266870726397,0.9995,0.9996
2025-08-17 05:00:00+00:00,0.0,0.0,1.0005381671701914,1.000765496844464,0.9995,0.9996
2025-08-17 06:00:00+00:00,0.0,0.0,1.0005031828253748,1.0007702749167768,0.9995,0.9996
2025-08-17 07:00:00+00:00,0.0,0.0,1.0005030828368895,1.0007227173772597,0.9995,0.9996
2025-08-17 08:00:00+00:00,0.0,0.0,1.0005222555937638,1.0007843859156615,0.9995,0.9996
2025-08-17 09:00:00+00:00,0.0,0.0,1.0004497938881798,1.0007833059146,0.9995,0.9996
2025-08-17 10:00:00+00:00,0.0,0.0,1.0003992221501143,1.0006592503708165,0.9995,0.9996
2025-08-17 11:00:00+00:00,0.0003130129449838,0.0,1.0003523362550388,1.0064724919093853,0.9995,0.9996
2025-08-17 12:00:00+00:00,0.0,0.0,1.0004271878593916,1.000628978471409,0.9995,0.9996
2025-08-17 13:00:00+00:00,0.0,0.0,1.0004281009695757,1.0006388382861002,0.9995,0.9996
2025-08-17 14:00:00+00:00,0.0,0.0,1.000416071366369,1.000647494165379,0.9995,0.9996
2025-08-17 15:00:00+00:00,0.0,0.0,1.0004014370730756,1.0007006305675108,0.9995,0.9996
2025-08-17 16:00:00+00:00,0.0,0.0,1.000401510805753,1.000625902025436,0.9995,0.9996
2025-08-17 17:00:00+00:00,0.0,0.0,1.000404824595053,1.000607338788259,0.9995,0.9997
2025-08-17 18:00:00+00:00,0.0,0.0,1.000407071785829,1.0006946299759552,0.9995,0.9996
2025-08-17 19:00:00+00:00,0.0,0.0,1.0004305013248256,1.0006616955514769,0.9995,0.9996
2025-08-17 20:00:00+00:00,0.0,0.0,1.0,1.0006718790539797,0.9995,0.9996
2025-08-17 21:00:00+00:00,0.0,0.0,1.0004712077402749,1.000692195398981,0.9995,0.9996
2025-08-17 22:00:00+00:00,0.0,0.0,1.0005000811273868,1.000710523055768,0.9995,0.9996
2025-08-17 23:00:00+00:00,0.0,0.0,1.000479516439205,1.0007105044581652,0.9995,0.9996
2025-08-18 00:00:00+00:00,0.0,0.0,1.0004878056204207,1.0007423594391371,0.9995,0.9996
2025-08-18 01:00:00+00:00,0.0,0.0,1.0004945171505524,1.0007889339260811,0.9995,0.9996
2025-08-18 02:00:00+00:00,0.0,0.0,1.000534,1.0008496169458334,0.9995,0.9996
2025-08-18 03:00:00+00:00,0.0,0.0,1.0005929934642963,1.0008210554245116,0.9995,0.9996
2025-08-18 04:00:00+00:00,0.0,0.0,1.0005793528130769,1.0007929195947685,0.9995,0.9996
2025-08-18 05:00:00+00:00,0.0,0.0,1.0005276045835971,1.0008242463541666,0.9995,0.9996
2025-08-18 06:00:00+00:00,0.0,0.0,1.0004994467838526,1.00095475254323,0.9995,0.9996
2025-08-18 07:00:00+00:00,0.0,0.0,1.0005559838592832,1.000772193786266,0.9995,0.9996
2025-08-18 08:00:00+00:00,0.0,0.0,1.000529769174032,1.0007756618037282,0.9995,0.9996
2025-08-18 09:00:00+00:00,3.5129032258e-05,0.0,1.000511597559108,1.064516129032258,0.9995,0.9996
2025-08-18 10:00:00+00:00,0.0,0.0,1.0004778929202605,1.0007143521168798,0.9995,0.9996
2025-08-18 11:00:00+00:00,0.0,0.0,1.000491942307539,1.0007134887789348,0.9995,0.9996
2025-08-18 12:00:00+00:00,0.0,0.0,1.0005134873333332,1.0007208061534336,0.9995,0.9996
2025-08-18 13:00:00+00:00,0.0,0.0,1.0003849009830847,1.000718794154135,0.9995,0.9996
2025-08-18 14:00:00+00:00,0.0,0.0,1.0003938802975718,1.000619822096616,0.9995,0.9996
2025-08-18 15:00:00+00:00,601530.212198642,0.0,1.0004074114940966,1.0025503536644034,0.9995,0.9996
2025-08-18 16:00:00+00:00,0.0,0.0,1.0005472749741071,1.0007857497057335,0.9995,0.9996
2025-08-18 17:00:00+00:00,0.0,0.0,1.000526,1.0007444655111486,0.9995,0.9996
2025-08-18 18:00:00+00:00,0.0,0.0,1.0005,1.0007806235808316,0.9995,0.9996
2025-08-18 19:00:00+00:00,0.0,0.0,1.0005171164644084,1.0007380082603907,0.9995,0.9996
2025-08-18 20:00:00+00:00,0.0,0.0,1.0005028917910448,1.0007204451240113,0.9995,0.9996
2025-08-18 21:00:00+00:00,0.0,0.0,1.000472900229396,1.0006969206941585,0.9995,0.9996
2025-08-18 22:00:00+00:00,0.0,0.0,1.0004623442254998,1.0006763197726551,0.9995,0.9996
2025-08-18 23:00:00+00:00,0.0,0.0,1.0004448279238392,1.0006932729415572,0.9995,0.9996
2025-08-19 00:00:00+00:00,0.0,0.0,1.0004098360655738,1.0006477306146078,0.9995,0.9996
2025-08-19 01:00:00+00:00,0.0,0.0,1.0004261833688184,1.0006379834039814,0.9995,0.9996
2025-08-19 02:00:00+00:00,0.0,0.0,1.000428004721417,1.0006359893754029,0.9995,0.9996
2025-08-19 03:00:00+00:00,0.0,0.0,1.0003548532055124,1.000630337450421,0.9995,0.9996
2025-08-19 04:00:00+00:00,0.0,0.0,1.0003597623857488,1.000603534706787,0.9995,0.9996
2025-08-19 05:00:00+00:00,0.0,0.0,1.000350267282615,1.0006052321407146,0.9995,0.9996
2025-08-19 06:00:00+00:00,0.0,0.0,1.0003312929239447,1.000567322707233,0.9995,0.9996
2025-08-19 07:00:00+00:00,0.0,0.0,1.0003138798547493,1.0005312940235909,0.9995,0.9996
2025-08-19 08:00:00+00:00,0.0,0.0,1.000306157124378,1.0005173542637191,0.9995,0.9996
2025-08-19 09:00:00+00:00,0.0,0.0,1.0003070289828755,1.0005411696092463,0.9995,0.9996
2025-08-19 10:00:00+00:00,0.0,0.0,1.0003364000168202,1.000547076076218,0.9995,0.9996
2025-08-19 11:00:00+00:00,0.0,0.0,1.0003315744459984,1.0005418755902165,0.9995,0.9996
2025-08-19 12:00:00+00:00,0.0,0.0,1.000263110217411,1.0005374659447093,0.9995,0.9996
2025-08-19 13:00:00+00:00,0.0,0.0,1.000219992111962,1.00045043349546,0.9995,0.9996
2025-08-19 14:00:00+00:00,0.0,0.0,1.0002019547120684,1.0004674125792412,0.9995,0.9996
2025-08-19 15:00:00+00:00,0.0,0.0,1.0000337788687512,1.0004534791370427,0.9995,0.9996
2025-08-19 16:00:00+00:00,0.0,0.0,1.0000488311606812,1.0002931192003104,0.9995,0.9996
2025-08-19 17:00:00+00:00,0.0,0.0,1.0000369613181226,1.0002857485311878,0.9995,0.9997
2025-08-19 18:00:00+00:00,0.0,0.0,1.000018645979483,1.0002444708378009,0.9995,0.9996
2025-08-19 19:00:00+00:00,0.0,0.0,0.9999595978412964,1.0002223313562164,0.9995,0.9997
2025-08-19 20:00:00+00:00,0.0,0.0,0.9999592499989812,1.0001821594135802,0.9996,0.9997
2025-08-19 21:00:00+00:00,0.0,0.0,0.9999512149936276,1.0001614960545824,0.9996,0.9997
2025-08-19 22:00:00+00:00,0.0,0.0,0.999933073556527,1.0001525315211883,0.9996,0.9997
2025-08-19 23:00:00+00:00,0.0,0.0,0.9999303379310346,1.0001527203552554,0.9996,0.9997
2025-08-20 00:00:00+00:00,0.0,0.0,0.9999316270694876,1.0001805201053022,0.9996,0.9997
2025-08-20 01:00:00+00:00,0.0,0.0,0.999906232918954,1.0001289987174733,0.9996,0.9997
2025-08-20 02:00:00+00:00,0.0,0.0,0.9999063231917324,1.0001166854198398,0.9996,0.9997
2025-08-20 03:00:00+00:00,0.0,0.0,0.9999197745227124,1.000257149386134,0.9996,0.9997
2025-08-20 04:00:00+00:00,0.0,0.0,0.9999494949494948,1.000232673452539,0.9997,0.9998
2025-08-20 05:00:00+00:00,0.0,0.0,0.999994429715,1.0002033522022966,0.9997,0.9998
2025-08-20 06:00:00+00:00,0.0,0.0,1.00000502,1.000209661017146,0.9997,0.9998
2025-08-20 07:00:00+00:00,0.0,0.0,0.9999804109776882,1.0002622072996334,0.9997,0.9998
2025-08-20 08:00:00+00:00,0.0,0.0,1.0000115287490658,1.0002573052466124,0.9997,0.9998
2025-08-20 09:00:00+00:00,0.0,0.0,0.99999552155339,1.000212257255794,0.9997,0.9998
2025-08-20 10:00:00+00:00,0.0,0.0,0.999931923457394,1.00019267685794,0.9997,0.9998
2025-08-20 11:00:00+00:00,0.0,0.0,0.9999441389703486,1.0001490222043083,0.9997,0.9998
2025-08-20 12:00:00+00:00,0.0,0.0,0.9999458538255918,1.0002128622875812,0.9997,0.9998
2025-08-20 13:00:00+00:00,0.0,0.0,1.000013,1.0002266103877675,0.9997,0.9998
2025-08-20 14:00:00+00:00,0.0,0.0,1.0000015442899173,1.00024429581511,0.9997,0.9998
2025-08-20 15:00:00+00:00,0.0,0.0,1.0000008831031468,1.000215257607917,0.9997,0.9998
2025-08-20 16:00:00+00:00,0.0,0.0,1.0000035100000717,1.000217129171883,0.9997,0.9998
2025-08-20 17:00:00+00:00,0.0,0.0,1.0000033898305083,1.0002085216534873,0.9997,0.9998
2025-08-20 18:00:00+00:00,0.0,0.0,1.0000005749899503,1.000232151673689,0.9997,0.9998
2025-08-20 19:00:00+00:00,0.0,0.0,1.000022638269784,1.0002319867292015,0.9997,1.0002
2025-08-20 20:00:00+00:00,0.0,0.0,1.0000231527432986,1.0002247864868854,0.9998,0.9999
2025-08-20 21:00:00+00:00,0.0008840011286681,0.0,0.9988713318284426,1.000260146893999,0.9998,1.0
2025-08-20 22:00:00+00:00,0.0,0.0,1.0000483769864128,1.0002510170486016,0.9999,1.0
2025-08-20 23:00:00+00:00,0.0,0.0,0.9999242309440824,1.0002663967179923,0.9999,1.0
2025-08-21 00:00:00+00:00,6.60147058823e-05,0.0,0.9852941176470588,1.0002493570864022,0.9999,1.0
2025-08-21 01:00:00+00:00,0.0,0.0,1.0000482862903226,1.0002497232066363,0.9999,1.0
2025-08-21 02:00:00+00:00,0.0,0.0,1.0000452103438828,1.0002491673320515,0.9999,1.0
2025-08-21 03:00:00+00:00,0.0,0.0,1.000045693877551,1.0002647059409682,0.9999,1.0
2025-08-21 04:00:00+00:00,0.0,0.0,1.0000621893600552,1.0003461190618772,0.9999,1.0
2025-08-21 05:00:00+00:00,0.0,0.0,1.0000592072803025,1.0002610466000628,0.9999,1.0
2025-08-21 06:00:00+00:00,0.0,0.0,1.00005874267326,1.0002612183962758,0.9999,1.0
2025-08-21 07:00:00+00:00,0.0,0.0,1.0000243331615728,1.0002488877801312,0.9999,1.0
2025-08-21 08:00:00+00:00,0.0,0.0,0.9999781001396144,1.0002185314685317,0.9999,1.0
2025-08-21 09:00:00+00:00,0.0,0.0,0.9999286485565078,1.000136793056433,0.9999,1.0
2025-08-21 10:00:00+00:00,0.0,0.0,0.9999316853766924,1.0001332418488988,0.9999,1.0
2025-08-21 11:00:00+00:00,0.0,0.0,0.9999323314262264,1.0001389362279596,0.9999,1.0
2025-08-21 12:00:00+00:00,0.0,0.0,0.999932848474448,1.0001369413636363,0.9999,1.0
2025-08-21 13:00:00+00:00,0.0,0.0,0.9998355641603696,1.000135683660168,0.9999,1.0
2025-08-21 14:00:00+00:00,0.0,0.0,0.9998426734262448,1.0000575131672182,0.9999,1.0
2025-08-21 15:00:00+00:00,0.0,0.0,0.9998578255011986,1.0000602036242583,0.9999,1.0
2025-08-21 16:00:00+00:00,0.0,0.0,0.9998210723247856,1.00006367890118,0.9999,1.0
2025-08-21 17:00:00+00:00,0.0,0.0,0.9998255693139914,1.0000390015210592,0.9999,1.0
2025-08-21 18:00:00+00:00,0.0,0.0,0.999831418147821,1.0000480535757796,0.9999,1.0
2025-08-21 19:00:00+00:00,0.0,0.0,0.999832690754789,1.000049413795126,0.9999,1.0
2025-08-21 20:00:00+00:00,0.0,0.0,0.9998126888217522,1.0000304605327417,0.9999,1.0
2025-08-21 21:00:00+00:00,0.0,0.0,0.99980174971366,1.0000221412768833,0.9999,1.0
2025-08-21 22:00:00+00:00,0.0,0.0,0.9998188159148748,1.0000216955726364,0.9999,1.0
2025-08-21 23:00:00+00:00,0.0,0.0,0.9998202607823472,1.000021562211239,0.9999,1.0
2025-08-22 00:00:00+00:00,0.0,0.0,0.9998020180555212,1.0000222556730294,0.9999,1.0
2025-08-22 01:00:00+00:00,0.0,0.0,0.99977270090086,1.000003077536883,0.9999,1.0
2025-08-22 02:00:00+00:00,0.0,0.0,0.999751557908742,0.9999692171960438,0.9999,1.0
2025-08-22 03:00:00+00:00,0.0,0.0,0.999759969127559,0.9999690944551822,0.9999,1.0
2025-08-22 04:00:00+00:00,0.0,0.0,0.9997631533140622,1.0000386452122867,0.9999,1.0
2025-08-22 05:00:00+00:00,0.0,0.0,0.99981013,1.000011203977285,0.9999,1.0
2025-08-22 06:00:00+00:00,0.0,0.0,0.9998073896826406,1.0000118162508744,0.9999,1.0
2025-08-22 07:00:00+00:00,0.0,0.0,0.9998092086638274,1.000028044372454,0.9999,1.0
2025-08-22 08:00:00+00:00,0.0,0.0,0.9998128102872956,1.000018345163579,0.9999,1.0
2025-08-22 09:00:00+00:00,0.0,0.0,0.9998133684210526,1.000018411020772,0.9999,1.0
2025-08-22 10:00:00+00:00,0.0,0.0,0.9998200513599024,1.0000305436774588,0.9999,1.0
2025-08-22 11:00:00+00:00,0.0,0.0,0.9997777783800728,1.0000283200620128,0.9999,1.0
2025-08-22 12:00:00+00:00,0.0,0.0,0.999820559565486,1.0000283008009128,0.9999,1.0
2025-08-22 13:00:00+00:00,0.0,0.0,0.9998070639919356,1.0000221396200135,0.9999,1.0
2025-08-22 14:00:00+00:00,0.0,0.0,0.9998028691534268,1.0000593381089806,0.9999,1.0001
2025-08-22 15:00:00+00:00,0.0,0.0,0.99978539413982,1.0000760398216149,1.0,1.0001
2025-08-22 16:00:00+00:00,0.0,0.0,0.9997850852,1.000048746453054,1.0,1.0001
2025-08-22 17:00:00+00:00,0.0,0.0,0.9998375074513616,1.000183673446387,1.0,1.0001
2025-08-22 18:00:00+00:00,0.0,0.0,0.9999087779640136,1.0001466214947112,1.0,1.0001
2025-08-22 19:00:00+00:00,0.0,0.0,0.9999091918265468,1.000161049433296,1.0,1.0001
2025-08-22 20:00:00+00:00,0.0,0.0,0.9999637440568456,1.0001687549220186,1.0,1.0001
2025-08-22 21:00:00+00:00,0.0,0.0,0.9999535483319076,1.0001648002285095,0.9999,1.0001
2025-08-22 22:00:00+00:00,0.0,0.0,0.9999168163265306,1.0001535670098964,1.0,1.0001
2025-08-22 23:00:00+00:00,0.0,0.0,0.9998429868677898,1.0001173692914502,1.0,1.0001
2025-08-23 00:00:00+00:00,0.0,0.0,0.9998078871066088,1.000044852291636,1.0,1.0001
2025-08-23 01:00:00+00:00,0.0,0.0,0.999711158891553,1.0000110795304995,1.0,1.0001
2025-08-23 02:00:00+00:00,0.0,0.0,0.9997041519583124,0.9999122317388178,1.0,1.0001
2025-08-23 03:00:00+00:00,0.0,0.0,0.9996447156323156,0.9999099313654252,1.0,1.0001
2025-08-23 04:00:00+00:00,0.0,0.0,0.9996396063788447,0.9998506653923448,1.0,1.0001
2025-08-23 05:00:00+00:00,0.0,0.0,0.9996412321673503,0.9998521981416636,1.0,1.0001
2025-08-23 06:00:00+00:00,0.0,0.0,0.9996407764680344,0.999847641383014,1.0,1.0001
2025-08-23 07:00:00+00:00,0.0,0.0,0.9996400257566618,0.9998476846656992,1.0,1.0001
2025-08-23 08:00:00+00:00,0.0,0.0,0.9996401205141732,0.9998429105350066,1.0,1.0001
2025-08-23 09:00:00+00:00,0.0,0.0,0.999641490658878,0.9998457058041208,1.0,1.0001
2025-08-23 10:00:00+00:00,0.0,0.0,0.9996415183006996,0.9998474973795928,1.0,1.0001
2025-08-23 11:00:00+00:00,0.0,0.0,0.9996317265763276,0.9998466956632464,1.0,1.0001
2025-08-23 12:00:00+00:00,0.0,0.0,0.999633499414476,0.9998427092326496,1.0,1.0001
2025-08-23 13:00:00+00:00,0.0,0.0,0.999625350471912,0.9998369185958312,1.0,1.0001
2025-08-23 14:00:00+00:00,0.0,0.0,0.999615460563922,0.9998224148593188,1.0,1.0001
2025-08-23 15:00:00+00:00,0.0007690051746442,0.0,0.9974126778783958,0.9998348641615372,1.0,1.0001
2025-08-23 16:00:00+00:00,0.0,0.0,0.9996345732446508,0.9998399900007924,1.0,1.0001
2025-08-23 17:00:00+00:00,0.0,0.0,0.999640533595154,0.9998430214866856,1.0,1.0001
2025-08-23 18:00:00+00:00,0.0,0.0,0.9996406472917242,0.9998420438626944,1.0,1.0001
2025-08-23 19:00:00+00:00,0.0,0.0,0.9996418813461546,0.9998749609252892,1.0,1.0001
2025-08-23 20:00:00+00:00,0.0,0.0,0.9996432077611276,0.9998467862833652,1.0,1.0001
2025-08-23 21:00:00+00:00,0.0,0.0,0.9996377851488278,0.999844068993666,1.0,1.0001
2025-08-23 22:00:00+00:00,0.0,0.0,0.9996454501026918,0.9998519221412662,1.0,1.0001
2025-08-23 23:00:00+00:00,0.0,0.0,0.9996480956282092,0.9998523672188688,1.0,1.0001
2025-08-24 00:00:00+00:00,0.0,0.0,0.999648026855888,0.9998523550904876,1.0,1.0001
2025-08-24 01:00:00+00:00,0.0,0.0,0.9996516582290548,0.9998555118446764,1.0,1.0001
2025-08-24 02:00:00+00:00,0.0,0.0,0.999650037230082,0.9998552813431018,1.0,1.0001
2025-08-24 03:00:00+00:00,0.0,0.0,0.9996505342635884,0.9998560957426652,1.0,1.0001
2025-08-24 04:00:00+00:00,0.0,0.0,0.9996515922235384,0.9998560689643204,1.0,1.0001
2025-08-24 05:00:00+00:00,0.0,0.0,0.9996490688154857,0.9998552745556384,1.0,1.0001
2025-08-24 06:00:00+00:00,0.0,0.0,0.9996525333333334,0.9998544866339206,1.0,1.0001
2025-08-24 07:00:00+00:00,0.0,0.0,0.99963,0.9998548843428212,1.0,1.0001
2025-08-24 08:00:00+00:00,0.0,0.0,0.999632,0.9998355862992568,1.0,1.0001
2025-08-24 09:00:00+00:00,0.0,0.0,0.9996249947915944,0.9998354112222444,1.0,1.0001
2025-08-24 10:00:00+00:00,0.0,0.0,0.9996259104831074,0.9998503301214722,1.0,1.0001
2025-08-24 11:00:00+00:00,0.0,0.0,0.999647681564246,0.9998535435089562,1.0,1.0001
2025-08-24 12:00:00+00:00,0.0,0.0,0.99964,0.9998490526806144,1.0,1.0001
2025-08-24 13:00:00+00:00,0.0,0.0,0.9996467669614512,0.9998645308129556,1.0,1.0001
2025-08-24 14:00:00+00:00,0.0,0.0,0.9996525254727858,0.9998838523023642,1.0,1.0001
2025-08-24 15:00:00+00:00,0.0,0.0,0.9996652498947352,0.9998886931708798,1.0,1.0001
2025-08-24 16:00:00+00:00,0.0,0.0,0.999668658,0.9998788429873,1.0,1.0001
2025-08-24 17:00:00+00:00,0.0,0.0,0.9996732266666668,0.9998790329525404,1.0,1.0001
2025-08-24 18:00:00+00:00,0.0,0.0,0.9996743765911744,0.9998819693979804,1.0,1.0001
2025-08-24 19:00:00+00:00,0.0,0.0,0.9996525419087732,0.9998821202122404,1.0,1.0001
2025-08-24 20:00:00+00:00,0.0,0.0,0.99964596032121,0.9999253864276004,1.0,1.0001
2025-08-24 21:00:00+00:00,0.0,0.0,0.9997275306952208,0.9999580931725992,1.0,1.0001
2025-08-24 22:00:00+00:00,0.0,0.0,0.9997570514299088,0.9999878207168929,1.0,1.0001
2025-08-24 23:00:00+00:00,0.0,0.0,0.999783,0.9999870933709908,1.0,1.0001
2025-08-25 00:00:00+00:00,0.0,0.0,0.999758178407866,0.9999909880682024,1.0,1.0001
2025-08-25 01:00:00+00:00,0.0,0.0,0.9997701957391588,0.9999745108367096,1.0,1.0001
2025-08-25 02:00:00+00:00,0.0,0.0,0.9997735944803896,0.9999756028772993,1.0,1.0001
2025-08-25 03:00:00+00:00,0.0,0.0,0.9997722014803946,0.9999757948370388,1.0,1.0001
2025-08-25 04:00:00+00:00,0.0,0.0,0.9997751425998198,1.0000790353083846,1.0,1.0001
2025-08-25 05:00:00+00:00,0.0,0.0,0.9998550071364852,1.000108451318186,1.0,1.0001
2025-08-25 06:00:00+00:00,0.0,0.0,0.999784676153534,1.0000661044639398,1.0,1.0001
2025-08-25 07:00:00+00:00,0.0,0.0,0.99975,0.9999829662220182,1.0,1.0001
2025-08-25 08:00:00+00:00,0.0,0.0,0.9997627724390252,0.999978912754094,1.0,1.0001
2025-08-25 09:00:00+00:00,0.0,0.0,0.9997647647647648,0.9999692959562776,1.0,1.0001
2025-08-25 10:00:00+00:00,0.0,0.0,0.9997588233333332,0.9999694243413264,1.0,1.0001
2025-08-25 11:00:00+00:00,0.0,0.0,0.9997518558752572,0.9999588123623036,1.0,1.0001
2025-08-25 12:00:00+00:00,0.0,0.0,0.9997468482097832,0.99995810628841,1.0,1.0001
2025-08-25 13:00:00+00:00,0.0,0.0,0.9997582848815346,1.0000838793,1.0,1.0001
2025-08-25 14:00:00+00:00,0.0,0.0,0.9998232402721614,1.000086495118983,1.0,1.0001
2025-08-25 15:00:00+00:00,0.0,0.0,0.9998466899058596,1.0000728543515824,1.0,1.0001
2025-08-25 16:00:00+00:00,0.0,0.0,0.9998727942426974,1.000192269720539,1.0,1.0001
2025-08-25 17:00:00+00:00,0.0,0.0,0.99995,1.0002295633005935,1.0,1.0001
2025-08-25 18:00:00+00:00,0.0,0.0,0.9999666666666668,1.0002203919314416,1.0,1.0001
2025-08-25 19:00:00+00:00,0.0,0.0,0.999996008484483,1.000220300431105,0.9997,1.0002
2025-08-25 20:00:00+00:00,0.0,0.0,0.9999716292334596,1.0002111524214865,1.0,1.0001
2025-08-25 21:00:00+00:00,0.0,0.0,0.9999144577670832,1.0001970071083133,1.0,1.0001
2025-08-25 22:00:00+00:00,0.0,0.0,0.9999899375,1.0002773877621536,1.0,1.0001
2025-08-25 23:00:00+00:00,0.0,0.0,1.0000664504472483,1.000333980737618,1.0,1.0001
2025-08-26 00:00:00+00:00,0.0,0.0,1.0000661841119889,1.0002802871482517,1.0,1.0001
2025-08-26 01:00:00+00:00,0.0,0.0,1.0000691916833389,1.0002801204085705,1.0,1.0001
2025-08-26 02:00:00+00:00,0.0,0.0,1.0000677354000678,1.0002811565290706,1.0,1.0001
2025-08-26 03:00:00+00:00,0.0,0.0,1.000078773347802,1.0002825829838615,1.0,1.0001
2025-08-26 04:00:00+00:00,0.0,0.0,1.0000824040382714,1.0003627919119578,1.0,1.0001
2025-08-26 05:00:00+00:00,0.0,0.0,1.0001542064492883,1.0003565224341544,1.0,1.0001
2025-08-26 06:00:00+00:00,0.0,0.0,1.0001368528998993,1.0003391659995384,1.0,1.0001
2025-08-26 07:00:00+00:00,0.0,0.0,1.0001,1.0003401432108117,1.0,1.0001
2025-08-26 08:00:00+00:00,0.0,0.0,1.0001239064115195,1.0003968129242335,1.0,1.0001
2025-08-26 09:00:00+00:00,0.0,0.0,1.0001580238438097,1.00043816296526,1.0,1.0001
2025-08-26 10:00:00+00:00,0.0,0.0,1.000140759989804,1.000358543877677,1.0,1.0001
2025-08-26 11:00:00+00:00,0.0,0.0,1.000131143720498,1.0003545295482503,1.0,1.0001
2025-08-26 12:00:00+00:00,0.0,0.0,1.0000405773539367,1.0003297207299644,1.0,1.0001
2025-08-26 13:00:00+00:00,0.0,0.0,1.0000246792365008,1.0002441201805128,1.0,1.0001
2025-08-26 14:00:00+00:00,0.0,0.0,1.0000247660087245,1.000235529508978,1.0,1.0001
2025-08-26 15:00:00+00:00,0.0,0.0,1.000035974375788,1.0002476688246584,1.0,1.0001
2025-08-26 16:00:00+00:00,0.0,0.0,1.000046129759517,1.0002526398461091,1.0,1.0001
2025-08-26 17:00:00+00:00,0.0,0.0,1.0000424598021078,1.0002666614315958,1.0,1.0001
2025-08-26 18:00:00+00:00,0.0,0.0,1.000048395046229,1.0002812775721268,1.0,1.0001
2025-08-26 19:00:00+00:00,0.0,0.0,1.000075525019403,1.0003096036696053,1.0,1.0001
2025-08-26 20:00:00+00:00,0.0,0.0,1.0000989156626503,1.0003312406014873,1.0,1.0001
2025-08-26 21:00:00+00:00,0.0,0.0,1.00009039,1.0003049404929816,1.0,1.0001
2025-08-26 22:00:00+00:00,0.0,0.0,1.0000884649564787,1.0002920739271042,1.0,1.0001
2025-08-26 23:00:00+00:00,0.0,0.0,1.0000881474502297,1.0002940864614196,1.0,1.0001
2025-08-27 00:00:00+00:00,0.0,0.0,1.00009231103909,1.0002980809291515,1.0,1.0001
2025-08-27 01:00:00+00:00,0.0,0.0,1.000097064499091,1.000303045578289,1.0,1.0001
2025-08-27 02:00:00+00:00,0.0,0.0,1.0000972454694932,1.0002998828684566,1.0,1.0001
2025-08-27 03:00:00+00:00,0.0,0.0,1.0000955413993526,1.0003060866049358,1.0,1.0001
2025-08-27 04:00:00+00:00,0.0,0.0,1.0000841807499592,1.000303976221438,1.0,1.0001
2025-08-27 05:00:00+00:00,0.0,0.0,1.0000841961060878,1.000290029889633,1.0,1.0001
2025-08-27 06:00:00+00:00,0.0,0.0,1.0000639215686276,1.0002895575034878,1.0,1.0001
2025-08-27 07:00:00+00:00,0.0,0.0,1.0000651308564232,1.0002732478437502,1.0,1.0001
2025-08-27 08:00:00+00:00,0.0,0.0,1.0000637950237123,1.0002706764790663,1.0,1.0001
2025-08-27 09:00:00+00:00,0.0,0.0,1.000046498,1.000269692141373,0.9999,1.0001
2025-08-27 10:00:00+00:00,0.0,0.0,1.0000450110523234,1.0002466436085182,0.9999,1.0
2025-08-27 11:00:00+00:00,0.0,0.0,1.00004276442043,1.000250062515629,0.9999,1.0
2025-08-27 12:00:00+00:00,0.0,0.0,1.0000249948608697,1.0002564295390064,0.9999,1.0
2025-08-27 13:00:00+00:00,0.0,0.0,1.000029550901071,1.000246688849055,0.9999,1.0
2025-08-27 14:00:00+00:00,0.0,0.0,1.000045048125224,1.000265298153513,0.9999,1.0
2025-08-27 15:00:00+00:00,0.0,0.0,1.000065068880586,1.0002822061539391,0.9999,1.0
2025-08-27 16:00:00+00:00,0.0,0.0,1.0000796552256317,1.000308094893227,0.9999,1.0
2025-08-27 17:00:00+00:00,0.0,0.0,1.0001044502937773,1.00030703221809,0.9999,1.0
2025-08-27 18:00:00+00:00,0.0,0.0,1.00008635375,1.0003076047115762,0.9999,1.0
2025-08-27 19:00:00+00:00,0.0,0.0,1.0000742358577757,1.0003011495281469,0.9999,1.0
2025-08-27 20:00:00+00:00,0.0,0.0,1.0000873104701955,1.000301481211861,0.9999,1.0
2025-08-27 21:00:00+00:00,0.0,0.0,1.000084657865737,1.0002924343004906,0.9999,1.0
2025-08-27 22:00:00+00:00,0.0,0.0,1.000082147520042,1.0002864852596272,0.9999,1.0
2025-08-27 23:00:00+00:00,0.0,0.0,1.000080809730144,1.0002857673011951,0.9999,1.0
2025-08-28 00:00:00+00:00,0.0,0.0,1.0000798739159995,1.0002832184419552,0.9999,1.0
2025-08-28 01:00:00+00:00,0.0,0.0,1.0000794410204652,1.0002882181167927,0.9999,1.0
2025-08-28 02:00:00+00:00,0.0,0.0,1.000086543651172,1.0002952149676143,0.9999,1.0
2025-08-28 03:00:00+00:00,0.0,0.0,1.0000955135778935,1.0003214604839703,0.9999,1.0
2025-08-28 04:00:00+00:00,0.0,0.0,1.0000989842230388,1.0003481924099151,0.9999,1.0
2025-08-28 05:00:00+00:00,0.0,0.0,1.0001026786786786,1.0003207581207023,0.9999,1.0
2025-08-28 06:00:00+00:00,0.0,0.0,1.000088276140278,1.0003044468226472,0.9999,1.0
2025-08-28 07:00:00+00:00,0.0,0.0,1.0000799887487963,1.0002884533904324,0.9999,1.0
2025-08-28 08:00:00+00:00,0.0,0.0,1.000072658,1.0002803087440242,0.9999,1.0
2025-08-28 09:00:00+00:00,0.0,0.0,1.0000631324179208,1.0002762666848777,0.9999,1.0
2025-08-28 10:00:00+00:00,0.0,0.0,1.0000610887096772,1.0003439080807872,0.9999,1.0
2025-08-28 11:00:00+00:00,0.0,0.0,1.000069627876008,1.000274309169501,0.9999,1.0
2025-08-28 12:00:00+00:00,0.0,0.0,1.0000711352439566,1.0002748686738558,0.9999,1.0
2025-08-28 13:00:00+00:00,0.0,0.0,1.0000714230381904,1.0002768947156857,0.9999,1.0
2025-08-28 14:00:00+00:00,0.0,0.0,1.0000235107582205,1.0002708897382993,0.9999,1.0
2025-08-28 15:00:00+00:00,0.0,0.0,1.0000149306431274,1.00023005291217,0.9999,1.0
2025-08-28 16:00:00+00:00,0.0,0.0,1.00002562,1.0002818347069056,0.9999,1.0
2025-08-28 17:00:00+00:00,0.0,0.0,1.0000803625377643,1.000281961954199,0.9999,1.0
2025-08-28 18:00:00+00:00,0.0,0.0,1.0000796370967742,1.0002817237119477,0.9999,1.0
2025-08-28 19:00:00+00:00,0.0,0.0,1.0000815458207453,1.000287694509031,0.9999,1.0
2025-08-28 20:00:00+00:00,0.0,0.0,1.0000792698546404,1.0002804959914122,0.9999,1.0
2025-08-28 21:00:00+00:00,0.0,0.0,1.0000801784042554,1.0002949168208686,0.9999,1.0
2025-08-28 22:00:00+00:00,0.0,0.0,1.0000928499683486,1.0002983115565895,0.9999,1.0
2025-08-28 23:00:00+00:00,0.0,0.0,1.0000854187520856,1.0002936559030111,0.9999,1.0
2025-08-29 00:00:00+00:00,0.0,0.0,1.000084060200512,1.0002868925418935,0.9999,1.0
2025-08-29 01:00:00+00:00,0.0,0.0,1.00008425,1.000294537280518,0.9999,1.0
2025-08-29 02:00:00+00:00,0.0,0.0,1.000093797276853,1.0002948869326678,0.9999,1.0
2025-08-29 03:00:00+00:00,0.0,0.0,1.0000947588619402,1.0002992364077876,0.9999,1.0
2025-08-29 04:00:00+00:00,0.0,0.0,1.0000985999999998,1.0003025108399717,0.9999,1.0
2025-08-29 05:00:00+00:00,0.0,0.0,1.0000942828485455,1.0003068770247427,0.9999,1.0
2025-08-29 06:00:00+00:00,0.0,0.0,1.0001047619564667,1.0003231914563893,0.9999,1.0
2025-08-29 07:00:00+00:00,0.0,0.0,1.000121730000049,1.0003307760432785,0.9999,1.0
2025-08-29 08:00:00+00:00,0.0,0.0,1.0000809354944864,1.0003308727291766,0.9999,1.0
2025-08-29 09:00:00+00:00,0.0,0.0,1.0000541184110834,1.0002871252231815,0.9999,1.0
2025-08-29 10:00:00+00:00,0.0,0.0,1.000083750417084,1.000300090027008,0.9999,1.0
2025-08-29 11:00:00+00:00,0.0,0.0,1.000055359,1.0002858866519235,0.9999,1.0
2025-08-29 12:00:00+00:00,0.0,0.0,1.0000460549521586,1.0002553933082892,0.9999,1.0
2025-08-29 13:00:00+00:00,0.0,0.0,1.0000279275002095,1.0002518606193749,0.9999,1.0
2025-08-29 14:00:00+00:00,0.0,0.0,1.0000475696393345,1.0002986984661657,0.9999,1.0
2025-08-29 15:00:00+00:00,0.0,0.0,1.000078988435556,1.0002894000703522,0.9999,1.0
2025-08-29 16:00:00+00:00,0.0,0.0,1.000074465736016,1.0002940303305334,0.9999,1.0
2025-08-29 17:00:00+00:00,0.0,0.0,1.0000753410852712,1.0002972082439492,0.9999,1.0003
2025-08-29 18:00:00+00:00,0.0,0.0,1.0000894237652034,1.0002939951734282,0.9999,1.0
2025-08-29 19:00:00+00:00,0.0,0.0,1.0000900882769277,1.000294026204123,0.9999,1.0
2025-08-29 20:00:00+00:00,0.0,0.0,1.000091767680113,1.0002999220757445,0.9999,1.0
2025-08-29 21:00:00+00:00,0.0,0.0,1.0000942826594128,1.0003016304629244,0.9999,1.0
2025-08-29 22:00:00+00:00,0.0,0.0,1.0000857587877583,1.0002960169152524,0.9999,1.0
2025-08-29 23:00:00+00:00,0.0,0.0,1.000023706265664,1.0002841115523793,0.9999,1.0
2025-08-30 00:00:00+00:00,0.0,0.0,1.000038568,1.0002413597854918,0.9999,1.0
2025-08-30 01:00:00+00:00,0.0,0.0,1.000041670602677,1.000257410640025,0.9999,1.0
2025-08-30 02:00:00+00:00,0.0,0.0,1.0000557905393546,1.0002620941460794,0.9999,1.0
2025-08-30 03:00:00+00:00,0.0,0.0,1.000060868820809,1.00026719285603,0.9999,1.0
2025-08-30 04:00:00+00:00,0.0,0.0,1.0000627844915873,1.0002768621287368,0.9999,1.0
2025-08-30 05:00:00+00:00,0.0,0.0,1.00006362,1.0002778628493314,0.9999,1.0
2025-08-30 06:00:00+00:00,0.0,0.0,1.0000577818282157,1.000263669503281,0.9999,1.0
2025-08-30 07:00:00+00:00,0.0,0.0,1.0000573400425423,1.0002667459179564,0.9999,1.0
2025-08-30 08:00:00+00:00,0.0,0.0,1.0000662235676223,1.0002714824025103,0.9999,1.0
2025-08-30 09:00:00+00:00,0.0003021299999999,0.0,0.8999999999999999,1.0002710665563384,0.9999,1.0
2025-08-30 10:00:00+00:00,9.80099999999e-05,0.0,0.99,1.0002699965842006,0.9999,1.0
2025-08-30 11:00:00+00:00,0.0,0.0,1.0000326765478786,1.0002375124248413,0.9999,1.0
2025-08-30 12:00:00+00:00,0.0,0.0,1.0000367885177517,1.0002464281824055,0.9999,0.9999
2025-08-30 13:00:00+00:00,0.0,0.0,1.0000447,1.0002567197382597,0.9999,1.0
2025-08-30 14:00:00+00:00,0.0,0.0,1.0000545415675708,1.000259186915695,0.9999,1.0
2025-08-30 15:00:00+00:00,0.0,0.0,1.0000511189602102,1.0002588714119898,0.9999,1.0
2025-08-30 16:00:00+00:00,0.0,0.0,1.000009150711323,1.0002689262491786,0.9999,1.0
2025-08-30 17:00:00+00:00,0.0,0.0,1.0000080553852244,1.0002174711184526,0.9999,1.0
2025-08-30 18:00:00+00:00,0.0,0.0,0.99999758022773,1.0002250506363932,0.9999,1.0
2025-08-30 19:00:00+00:00,0.0,0.0,1.000003144520594,1.0002086519138944,0.9999,1.0
2025-08-30 20:00:00+00:00,0.0,0.0,1.0000079613841526,1.0002094059585696,0.9999,1.0
2025-08-30 21:00:00+00:00,0.0,0.0,1.0000085161671102,1.0002093753930057,0.9999,1.0
2025-08-30 22:00:00+00:00,0.0,0.0,1.0000029803514716,1.0002033546505105,0.9999,1.0
2025-08-30 23:00:00+00:00,0.0,0.0,1.0000023483965896,1.00020762323304,0.9999,1.0
2025-08-31 00:00:00+00:00,0.0,0.0,1.0000024169189157,1.0002061919114602,0.9999,1.0
2025-08-31 01:00:00+00:00,0.0,0.0,1.0000013965106784,1.0002030535711597,0.9999,1.0
2025-08-31 02:00:00+00:00,0.0,0.0,0.9999992558164456,1.0002087145169936,0.9999,1.0
2025-08-31 03:00:00+00:00,0.0,0.0,0.9999513592069432,1.000211115958959,0.9999,1.0
2025-08-31 04:00:00+00:00,0.0,0.0,0.9999708726874176,1.0001938823287149,0.9999,1.0
2025-08-31 05:00:00+00:00,0.0,0.0,0.999934071729958,1.0001954667712205,0.9999,1.0
2025-08-31 06:00:00+00:00,0.0,0.0,0.9999897321428572,1.0001950794922538,0.9999,1.0
2025-08-31 07:00:00+00:00,0.0,0.0,0.999993215199992,1.0001965798936758,0.9999,1.0
2025-08-31 08:00:00+00:00,0.0,0.0,0.9999940138408095,1.0002010804252086,0.9999,1.0
2025-08-31 09:00:00+00:00,0.0,0.0,1.0000005587216447,1.000205092,0.9999,1.0
2025-08-31 10:00:00+00:00,0.0,0.0,1.0000027603974972,1.0002353494939986,0.9999,1.0
2025-08-31 11:00:00+00:00,0.0,0.0,1.0000311379657605,1.0002475257227943,0.9999,1.0
2025-08-31 12:00:00+00:00,0.0,0.0,1.0000483980528756,1.0002562689739267,0.9999,1.0
2025-08-31 13:00:00+00:00,0.0,0.0,1.0000477923930808,1.000252153290934,0.9999,1.0
2025-08-31 14:00:00+00:00,0.0,0.0,1.0000531,1.0002654013742824,0.9999,1.0
2025-08-31 15:00:00+00:00,0.0,0.0,1.0000454876273654,1.0002650702436144,0.9999,1.0
2025-08-31 16:00:00+00:00,0.0,0.0,1.0000635191701406,1.000300090027008,0.9999,1.0
2025-08-31 17:00:00+00:00,0.0,0.0,1.0,1.000277786427306,0.9999,1.0
2025-08-31 18:00:00+00:00,0.0,0.0,1.0000511,1.0002702588573118,0.9999,1.0
2025-08-31 19:00:00+00:00,0.0,0.0,1.0000546134478674,1.000256051082586,0.9999,1.0
2025-08-31 20:00:00+00:00,0.0,0.0,1.0000475468084344,1.000251410406467,0.9999,1.0
2025-08-31 21:00:00+00:00,0.0,0.0,1.0000497497840088,1.0002507165306729,0.9999,1.0
2025-08-31 22:00:00+00:00,0.0,0.0,1.000047984607776,1.000250062515629,0.9999,1.0
2025-08-31 23:00:00+00:00,0.0,0.0,1.0000363434306552,1.000250794502208,0.9999,1.0
2025-09-01 00:00:00+00:00,0.0,0.0,1.0000440411218243,1.0002477028100123,0.9999,1.0
2025-09-01 01:00:00+00:00,0.0,0.0,1.0000401676304236,1.0002441165768534,0.9999,1.0
2025-09-01 02:00:00+00:00,0.0,0.0,1.0000428231736818,1.000253119713097,0.9999,1.0
2025-09-01 03:00:00+00:00,0.0,0.0,1.0000486423447033,1.000277059475434,0.9999,1.0
2025-09-01 04:00:00+00:00,0.0,0.0,1.0000485801238164,1.0002513193695026,0.9999,1.0
2025-09-01 05:00:00+00:00,0.0,0.0,1.0000506097560975,1.0002517211440292,0.9999,1.0
2025-09-01 06:00:00+00:00,0.0,0.0,1.000050122936289,1.0002513860551074,0.9999,1.0
2025-09-01 07:00:00+00:00,0.0,0.0,1.0000274779612546,1.000251209958829,0.9999,1.0
2025-09-01 08:00:00+00:00,0.0,0.0,1.0000144369239632,1.0002284531056838,0.9999,1.0
2025-09-01 09:00:00+00:00,0.0,0.0,1.000009095910645,1.0002160257529136,0.9999,1.0
2025-09-01 10:00:00+00:00,0.0,0.0,1.0000132867692628,1.0002325229633555,0.9999,1.0
2025-09-01 11:00:00+00:00,0.0,0.0,0.9999845111111112,1.000232117364124,0.9999,1.0
2025-09-01 12:00:00+00:00,0.0,0.0,0.999927110158972,1.0001846381851978,0.9999,1.0
2025-09-01 13:00:00+00:00,0.0,0.0,0.9999013321692514,1.000125626074393,0.9999,1.0
2025-09-01 14:00:00+00:00,0.0,0.0,0.999924966139862,1.000142305805541,0.9999,1.0
2025-09-01 15:00:00+00:00,0.0,0.0,0.9999417373333334,1.0002123519046442,0.9999,1.0
2025-09-01 16:00:00+00:00,0.0,0.0,1.0000122776080411,1.0002225340780748,0.9999,1.0
2025-09-01 17:00:00+00:00,0.0,0.0,1.0000185704710365,1.000225332966453,0.9999,1.0
2025-09-01 18:00:00+00:00,0.0,0.0,1.0000191719125702,1.0002214843265564,0.9999,1.0
2025-09-01 19:00:00+00:00,0.0,0.0,0.9999865076840456,1.0002223932775105,0.9999,1.0
2025-09-01 20:00:00+00:00,0.0,0.0,0.9999741214849488,1.000188169059906,0.9999,1.0
2025-09-01 21:00:00+00:00,0.0,0.0,0.9999779143873504,1.0001833980200925,0.9999,1.0
2025-09-01 22:00:00+00:00,0.0,0.0,0.9999776717466612,1.000179938291751,0.9999,1.0
2025-09-01 23:00:00+00:00,0.0,0.0,0.999972160250198,1.000180073920779,0.9999,1.0
2025-09-02 00:00:00+00:00,0.0,0.0,0.9999705268877028,1.000172495710304,0.9999,1.0
2025-09-02 01:00:00+00:00,0.0,0.0,0.99995598369568,1.000172721471695,0.9999,1.0
2025-09-02 02:00:00+00:00,0.0,0.0,0.9999533978426176,1.000155347351819,0.9999,1.0
2025-09-02 03:00:00+00:00,0.0,0.0,0.9999522557999904,1.0001727148092694,0.9999,1.0
2025-09-02 04:00:00+00:00,0.0,0.0,0.9999547,1.0001727805808107,0.9999,1.0
2025-09-02 05:00:00+00:00,0.0,0.0,0.9999549486736046,1.0001616535250837,0.9999,1.0
2025-09-02 06:00:00+00:00,0.0,0.0,0.9999610215053764,1.00016505632185,0.9999,1.0
2025-09-02 07:00:00+00:00,0.0,0.0,0.9999650853093948,1.0001725157894736,0.9999,1.0
2025-09-02 08:00:00+00:00,0.0,0.0,0.9999715603871324,1.0001752689471777,0.9999,1.0
2025-09-02 09:00:00+00:00,0.0,0.0,0.999974464599995,1.000198273821988,0.9999,1.0
2025-09-02 10:00:00+00:00,0.0,0.0,0.999998249269836,1.000207181096934,0.9999,1.0
2025-09-02 11:00:00+00:00,0.0,0.0,1.0000049737881365,1.0002307256337912,0.9999,1.0
2025-09-02 12:00:00+00:00,0.0,0.0,1.000030407572048,1.0002350561507225,0.9999,1.0
2025-09-02 13:00:00+00:00,0.0,0.0,1.0000173883865315,1.0002303566263515,0.9999,1.0
2025-09-02 14:00:00+00:00,0.0,0.0,0.9999962913657432,1.000242475378977,0.9999,1.0
2025-09-02 15:00:00+00:00,0.0,0.0,1.0000402288365953,1.000356332189095,0.9999,1.0
2025-09-02 16:00:00+00:00,0.0,0.0,1.000142161405527,1.0003439534386762,0.9999,1.0
2025-09-02 17:00:00+00:00,0.0,0.0,1.0001288517582625,1.0003425561934511,0.9999,1.0
2025-09-02 18:00:00+00:00,0.0,0.0,1.0001181955645162,1.0003475815355336,0.9999,1.0
2025-09-02 19:00:00+00:00,0.0,0.0,1.0001196666666667,1.0003255024439586,0.9999,1.0
2025-09-02 20:00:00+00:00,0.0,0.0,1.0001005454545455,1.0003207295010974,0.9999,1.0
2025-09-02 21:00:00+00:00,0.0,0.0,1.0001015,1.0003035510870952,0.9999,1.0
2025-09-02 22:00:00+00:00,0.0,0.0,1.0001016674673635,1.0003066826316869,0.9999,1.0
2025-09-02 23:00:00+00:00,0.0,0.0,1.00010337235918,1.000337307817078,0.9999,1.0
2025-09-03 00:00:00+00:00,0.0,0.0,1.000108816449348,1.0003277706642972,0.9999,1.0
2025-09-03 01:00:00+00:00,0.0,0.0,1.0001058824698603,1.0003106660056778,0.9999,1.0
2025-09-03 02:00:00+00:00,0.0,0.0,1.000106838020964,1.00032770735693,0.9999,1.0
2025-09-03 03:00:00+00:00,0.0,0.0,1.0000857142857142,1.000320787968232,0.9999,1.0
2025-09-03 04:00:00+00:00,0.0,0.0,1.0001032302882524,1.0003108328074684,0.9999,1.0
2025-09-03 05:00:00+00:00,0.0,0.0,1.000102708124373,1.0003090662645473,0.9999,1.0
2025-09-03 06:00:00+00:00,0.0,0.0,1.0001028929741755,1.000313668086886,0.9999,1.0
2025-09-03 07:00:00+00:00,0.0,0.0,1.000101673912022,1.0003052353749649,0.9999,1.0
2025-09-03 08:00:00+00:00,0.0,0.0,1.0000958358502967,1.000304843281968,0.9999,1.0
2025-09-03 09:00:00+00:00,0.0,0.0,1.0000984756258473,1.0003024929946014,0.9999,1.0
2025-09-03 10:00:00+00:00,0.0,0.0,1.0000933389135953,1.0003091936538462,0.9999,1.0
2025-09-03 11:00:00+00:00,0.0,0.0,1.0000949643255557,1.0003050096691983,0.9999,1.0
2025-09-03 12:00:00+00:00,0.0,0.0,1.0000977017870127,1.0003209759282177,0.9999,1.0
2025-09-03 13:00:00+00:00,0.0,0.0,1.0001093852894984,1.000337083916029,0.9999,1.0
2025-09-03 14:00:00+00:00,0.0,0.0,1.0000729840582745,1.0003212044920815,0.9999,1.0
2025-09-03 15:00:00+00:00,0.0,0.0,1.0000947782258065,1.0003318092137536,0.9999,1.0
2025-09-03 16:00:00+00:00,0.0,0.0,1.000131613161316,1.0003469991032836,0.9999,1.0
2025-09-03 17:00:00+00:00,0.0,0.0,1.0001459148609235,1.00037517607516,0.9999,1.0
2025-09-03 18:00:00+00:00,0.0,0.0,1.0001285249634757,1.0003906925810806,0.9999,1.0
2025-09-03 19:00:00+00:00,0.0,0.0,1.0001532942943865,1.0004607752836878,0.9999,1.0
2025-09-03 20:00:00+00:00,5514017.012262704,0.0,1.0002628996347112,1.0105588913875407,0.9999,1.0
2025-09-03 21:00:00+00:00,0.0,0.0,1.0003479347934792,1.000558012037843,0.9999,1.0
2025-09-03 22:00:00+00:00,0.0,0.0,1.000347994609796,1.0005525220281808,0.9999,1.0
2025-09-03 23:00:00+00:00,0.0,0.0,1.0003451367099956,1.0005491024266937,0.9999,1.0
2025-09-04 00:00:00+00:00,0.0,0.0,1.000315201832236,1.0005465205141968,0.9999,1.0
2025-09-04 01:00:00+00:00,0.0,0.0,1.0003182047402923,1.0005216546858322,0.9999,1.0
2025-09-04 02:00:00+00:00,0.0,0.0,1.00032875,1.0005534180866538,0.9999,1.0
2025-09-04 03:00:00+00:00,0.0,0.0,1.0003291615091918,1.0005564459599086,0.9999,1.0
2025-09-04 04:00:00+00:00,0.0,0.0,1.0003798918318416,1.000589297228857,0.9999,1.0
2025-09-04 05:00:00+00:00,0.0,0.0,1.000335528298699,1.0005796047795823,0.9999,1.0
2025-09-04 06:00:00+00:00,0.0,0.0,1.0003299069995106,1.0005568950886166,0.9999,1.0
2025-09-04 07:00:00+00:00,0.0,0.0,1.0003264518359805,1.0005425200054254,0.9999,1.0
2025-09-04 08:00:00+00:00,0.0,0.0,1.0003061733256329,1.0005253482305954,0.9999,1.0
2025-09-04 09:00:00+00:00,0.0,0.0,1.0002821006630986,1.000506387787398,0.9998,1.0
2025-09-04 10:00:00+00:00,0.0,0.0,1.000295852235904,1.0005070529724185,0.9998,0.9999
2025-09-04 11:00:00+00:00,0.0,0.0,1.0002889304654672,1.0005008965608584,0.9998,0.9999
2025-09-04 12:00:00+00:00,0.001002004008016,0.0,1.000265001735796,1.0020040080160322,0.9998,0.9999
2025-09-04 13:00:00+00:00,0.0007480013333333,0.0,0.9986666666666666,1.0004658635495112,0.9998,0.9999
2025-09-04 14:00:00+00:00,0.0,0.0,1.0002643960719388,1.0004755298878611,0.9998,0.9999
2025-09-04 15:00:00+00:00,0.0,0.0,1.0001883668288212,1.0004738711819392,0.9998,0.9999
2025-09-04 16:00:00+00:00,0.0,0.0,1.0001999877550347,1.0004299331822335,0.9998,0.9999
2025-09-04 17:00:00+00:00,0.0,0.0,1.0001675023752508,1.0004013068991051,0.9998,0.9999
2025-09-04 18:00:00+00:00,0.0,0.0,1.0001662148820096,1.0003722111487678,0.9998,0.9999
2025-09-04 19:00:00+00:00,0.0,0.0,1.0001685547135624,1.000410256265078,0.9998,0.9999
2025-09-04 20:00:00+00:00,0.0,0.0,1.0001266666666668,1.00038866658376,0.9998,0.9999
2025-09-04 21:00:00+00:00,0.0,0.0,1.0001272526122462,1.000340713165597,0.9998,0.9999
2025-09-04 22:00:00+00:00,0.0,0.0,1.0001140161295383,1.0003276974572235,0.9998,0.9999
2025-09-04 23:00:00+00:00,0.0,0.0,1.0001054529550164,1.0003140037326923,0.9998,0.9999
2025-09-05 00:00:00+00:00,0.0,0.0,1.0001034359111096,1.0003099299427487,0.9998,0.9999
2025-09-05 01:00:00+00:00,0.0,0.0,1.00010906166301,1.00032495334018,0.9998,0.9999
2025-09-05 02:00:00+00:00,0.0,0.0,1.0000283832879202,1.0003143859242063,0.9997,0.9999
2025-09-05 03:00:00+00:00,0.0,0.0,1.0000492727865424,1.0002540406182734,0.9997,0.9998
2025-09-05 04:00:00+00:00,0.0,0.0,1.0000561183550651,1.0002739584921847,0.9997,0.9998
2025-09-05 05:00:00+00:00,0.0,0.0,1.000069530150011,1.00027613733556,0.9997,0.9998
2025-09-05 06:00:00+00:00,0.0,0.0,1.000073248709398,1.000275318649672,0.9997,0.9998
2025-09-05 07:00:00+00:00,0.0,0.0,1.00005006508461,1.0003197132008388,0.9996,0.9998
2025-09-05 08:00:00+00:00,0.0,0.0,1.0001100567111112,1.0003255142263274,0.9996,0.9997
2025-09-05 09:00:00+00:00,0.0,0.0,1.0,1.000339014892147,0.9996,0.9997
2025-09-05 10:00:00+00:00,0.0,0.0,1.0000951378446117,1.0003401228647897,0.9996,0.9997
2025-09-05 11:00:00+00:00,0.001002004008016,0.0,1.00010177473303,1.0020040080160322,0.9996,0.9997
2025-09-05 12:00:00+00:00,0.0,0.0,1.000104403701721,1.000313500625438,0.9996,0.9997
2025-09-05 13:00:00+00:00,0.0,0.0,1.000113,1.0003427898180917,0.9996,0.9997
2025-09-05 14:00:00+00:00,0.0,0.0,1.0001088001172382,1.0003423109575489,0.9996,0.9997
2025-09-05 15:00:00+00:00,0.0,0.0,1.0000960728600057,1.00031905110448,0.9996,0.9997
2025-09-05 16:00:00+00:00,0.0,0.0,1.0000932661816824,1.0003205554446035,0.9996,0.9997
2025-09-05 17:00:00+00:00,0.0,0.0,1.0000939702702656,1.0003284877583414,0.9996,0.9997
2025-09-05 18:00:00+00:00,0.0,0.0,1.000116935483871,1.0003191510987337,0.9996,0.9997
2025-09-05 19:00:00+00:00,0.0,0.0,1.0001150642058267,1.0003277959236236,0.9996,0.9997
2025-09-05 20:00:00+00:00,0.0,0.0,1.0000750035571089,1.000320572525345,0.9996,0.9997
2025-09-05 21:00:00+00:00,0.0,0.0,1.0000796101134763,1.0002917054720373,0.9996,0.9997
2025-09-05 22:00:00+00:00,0.0,0.0,1.0000895460224906,1.000295528161493,0.9996,0.9997
2025-09-05 23:00:00+00:00,0.0,0.0,1.0000863555286894,1.0002941436118815,0.9996,0.9997
2025-09-06 00:00:00+00:00,0.0,0.0,1.000073238727489,1.0002949938155823,0.9996,0.9997
2025-09-06 01:00:00+00:00,0.0,0.0,1.0000726812012386,1.0002883060719596,0.9996,0.9997
2025-09-06 02:00:00+00:00,0.0,0.0,1.0000856950026844,1.0002900997290267,0.9996,0.9997
2025-09-06 03:00:00+00:00,0.0,0.0,1.0000900132304962,1.0002965052508,0.9996,0.9997
2025-09-06 04:00:00+00:00,0.0,0.0,1.000098066182714,1.0003235683378546,0.9996,0.9997
2025-09-06 05:00:00+00:00,0.0,0.0,1.0000984916000195,1.000302707203922,0.9996,0.9997
2025-09-06 06:00:00+00:00,0.0,0.0,1.00009938,1.000302562519919,0.9996,0.9997
2025-09-06 07:00:00+00:00,0.0,0.0,1.0000960944295914,1.0003003686076894,0.9996,0.9997
2025-09-06 08:00:00+00:00,0.0,0.0,1.0000944,1.0003124267749746,0.9996,0.9997
2025-09-06 09:00:00+00:00,0.0,0.0,1.0000999605350616,1.000307614597641,0.9996,0.9997
2025-09-06 10:00:00+00:00,0.0,0.0,1.00010250910754,1.0003152993823654,0.9996,0.9997
2025-09-06 11:00:00+00:00,0.0,0.0,1.0001053708104777,1.0003149658378077,0.9996,0.9997
2025-09-06 12:00:00+00:00,0.0,0.0,1.0001015022330493,1.0003086619094432,0.9996,0.9997
2025-09-06 13:00:00+00:00,0.0,0.0,1.000108576919663,1.000327166290384,0.9996,0.9997
2025-09-06 14:00:00+00:00,0.0,0.0,1.0001258698940998,1.000337137408717,0.9996,0.9997
2025-09-06 15:00:00+00:00,0.0,0.0,1.0001366089064505,1.0003434892673186,0.9996,0.9997
2025-09-06 16:00:00+00:00,0.0,0.0,1.000138,1.0003540887158686,0.9996,0.9997
2025-09-06 17:00:00+00:00,0.0,0.0,1.0001522530048743,1.0003532324917128,0.9996,0.9997
2025-09-06 18:00:00+00:00,0.0,0.0,1.0001530885,1.000354160788998,0.9996,0.9997
2025-09-06 19:00:00+00:00,0.0,0.0,1.0001372273679918,1.0003569274698765,0.9996,0.9997
2025-09-06 20:00:00+00:00,0.0,0.0,1.0001430693675544,1.0003436379658004,0.9996,0.9997
2025-09-06 21:00:00+00:00,0.0,0.0,1.0001414674620983,1.000343544241407,0.9996,0.9997
2025-09-06 22:00:00+00:00,0.0,0.0,1.0001419795911353,1.000358136138345,0.9996,0.9997
2025-09-06 23:00:00+00:00,0.0,0.0,1.0001402196587963,1.0003579191576233,0.9996,0.9997
2025-09-07 00:00:00+00:00,0.0,0.0,1.00013980355771,1.000348880475136,0.9996,0.9997
2025-09-07 01:00:00+00:00,0.0,0.0,1.0001476662052686,1.0003504257855176,0.9996,0.9997
2025-09-07 02:00:00+00:00,0.0,0.0,1.000147849452047,1.000348268537272,0.9996,0.9998
2025-09-07 03:00:00+00:00,0.0,0.0,1.000146584600088,1.0003493441102138,0.9997,0.9998
2025-09-07 04:00:00+00:00,0.0,0.0,1.000146875331249,1.0003473572688957,0.9997,0.9998
2025-09-07 05:00:00+00:00,0.0,0.0,1.0001472206001178,1.000351538356823,0.9997,0.9998
2025-09-07 06:00:00+00:00,0.0,0.0,1.000148185483871,1.000350060210356,0.9997,0.9998
2025-09-07 07:00:00+00:00,0.0,0.0,1.0001083249749247,1.0003501037905704,0.9997,0.9998
2025-09-07 08:00:00+00:00,0.0,0.0,1.0001315873896597,1.0003361514922724,0.9997,0.9998
2025-09-07 09:00:00+00:00,0.0,0.0,1.0001346090857892,1.0003361044098464,0.9997,0.9998
2025-09-07 10:00:00+00:00,0.0,0.0,1.0001356155474228,1.000339359420226,0.9997,0.9998
2025-09-07 11:00:00+00:00,0.0,0.0,1.0001380678494478,1.0003409883017438,0.9997,0.9998
2025-09-07 12:00:00+00:00,0.0,0.0,1.000138711200408,1.000343382597113,0.9997,0.9998
2025-09-07 13:00:00+00:00,0.0,0.0,1.0001292019444974,1.0003377435974412,0.9997,0.9998
2025-09-07 14:00:00+00:00,0.0,0.0,1.0001261909757193,1.000328834179243,0.9997,0.9998
2025-09-07 15:00:00+00:00,0.0,0.0,1.0001217014926953,1.0003366444224395,0.9997,0.9998
2025-09-07 16:00:00+00:00,0.0,0.0,1.0001165195460278,1.0003293107788402,0.9997,0.9998
2025-09-07 17:00:00+00:00,0.0,0.0,1.00011,1.0003165325849188,0.9997,0.9998
2025-09-07 18:00:00+00:00,0.0,0.0,1.0001003424938026,1.0003073155006093,0.9997,0.9998
2025-09-07 19:00:00+00:00,0.0,0.0,1.0001000901882615,1.0003027450078517,0.9997,0.9998
2025-09-07 20:00:00+00:00,0.0,0.0,1.0000956429463328,1.0003016748882867,0.9997,0.9998
2025-09-07 21:00:00+00:00,0.0,0.0,1.0000947268304494,1.0002961449333303,0.9997,0.9998
2025-09-07 22:00:00+00:00,0.0,0.0,1.0000947333333332,1.0002975758684638,0.9997,0.9998
2025-09-07 23:00:00+00:00,0.0,0.0,1.0000500503575076,1.0002970728414482,0.9997,0.9998
2025-09-08 00:00:00+00:00,0.0,0.0,1.0000327998000262,1.0002538024909484,0.9997,0.9998
2025-09-08 01:00:00+00:00,0.0,0.0,1.0000241666666667,1.0002293909246154,0.9997,0.9998
2025-09-08 02:00:00+00:00,0.0,0.0,1.0000126299999998,1.0002258793508387,0.9997,0.9998
2025-09-08 03:00:00+00:00,0.0,0.0,0.9999707292649528,1.0002153083298015,0.9997,0.9998
2025-09-08 04:00:00+00:00,0.0,0.0,0.999986684427074,1.0002564279203516,0.9997,0.9999
2025-09-08 05:00:00+00:00,0.0,0.0,1.0000198840020664,1.0002260428535954,0.9998,0.9999
2025-09-08 06:00:00+00:00,0.0,0.0,1.0000157318880694,1.0002181320349444,0.9998,0.9999
2025-09-08 07:00:00+00:00,0.0,0.0,1.0000146774007277,1.0002166361444813,0.9998,0.9999
2025-09-08 08:00:00+00:00,0.0,0.0,1.0000019892825036,1.0002184606765614,0.9998,0.9999
2025-09-08 09:00:00+00:00,0.0,0.0,0.999996968556508,1.0002022408931086,0.9998,0.9999
2025-09-08 10:00:00+00:00,0.0,0.0,0.9999977407967724,1.0002346694044744,0.9998,0.9999
2025-09-08 11:00:00+00:00,0.0,0.0,0.9999974877527948,1.000222357115217,0.9998,0.9999
2025-09-08 12:00:00+00:00,0.0,0.0,0.9999963012293028,1.000198670792748,0.9998,0.9999
2025-09-08 13:00:00+00:00,0.0,0.0,0.999993593603946,1.0002113546613536,0.9998,0.9999
2025-09-08 14:00:00+00:00,0.0,0.0,1.0000112785367572,1.0002185803725234,0.9998,0.9999
2025-09-08 15:00:00+00:00,0.0,0.0,1.0000069751974388,1.0002206319160467,0.9998,0.9999
2025-09-08 16:00:00+00:00,0.0,0.0,1.0000113615307265,1.0002301074660214,0.9998,0.9999
2025-09-08 17:00:00+00:00,0.0,0.0,1.000025703617489,1.000248844841976,0.9998,0.9999
2025-09-08 18:00:00+00:00,0.0,0.0,1.0000509178412345,1.000255525183473,0.9998,0.9999
2025-09-08 19:00:00+00:00,0.0,0.0,1.0000369587146989,1.0002555678007694,0.9998,0.9999
2025-09-08 20:00:00+00:00,0.0,0.0,1.0000373436734693,1.0002416646542422,0.9998,0.9999
2025-09-08 21:00:00+00:00,0.0,0.0,1.0000412890335573,1.0002472889753908,0.9998,0.9999
2025-09-08 22:00:00+00:00,0.0,0.0,1.0000468481888412,1.0002520543472686,0.9998,0.9999
2025-09-08 23:00:00+00:00,0.0,0.0,1.000050350029532,1.0002700145239103,0.9998,0.9999
2025-09-09 00:00:00+00:00,0.0,0.0,1.000065511,1.0002683888613948,0.9998,0.9999
2025-09-09 01:00:00+00:00,0.0,0.0,1.0000655711422846,1.0003011418942596,0.9998,0.9999
2025-09-09 02:00:00+00:00,0.0,0.0,1.0000985328639034,1.0003014508333334,0.9998,0.9999
2025-09-09 03:00:00+00:00,0.0,0.0,1.0000992154827166,1.0003869057258092,0.9998,0.9999
2025-09-09 04:00:00+00:00,0.0,0.0,1.0001390530487382,1.0004537580638313,0.9998,0.9999
2025-09-09 05:00:00+00:00,0.0,0.0,1.00011856,1.0003463174787215,0.9998,0.9999
2025-09-09 06:00:00+00:00,0.0,0.0,1.0001062849117854,1.0003170026725905,0.9998,0.9999
2025-09-09 07:00:00+00:00,0.0,0.0,1.000099505740685,1.000306111237553,0.9998,0.9999
2025-09-09 08:00:00+00:00,0.0,0.0,1.00009828,1.000300179112722,0.9998,0.9999
2025-09-09 09:00:00+00:00,0.0,0.0,1.000050181818182,1.0003000706088176,0.9998,0.9999
2025-09-09 10:00:00+00:00,0.0,0.0,1.0000500247215498,1.0002552831675562,0.9998,0.9999
2025-09-09 11:00:00+00:00,0.0,0.0,1.000052687070445,1.00025586600078,0.9998,0.9999
2025-09-09 12:00:00+00:00,0.0,0.0,1.0000547470525152,1.000258221822982,0.9998,0.9999
2025-09-09 13:00:00+00:00,0.0,0.0,1.0000580269824682,1.0002865762274056,0.9998,0.9999
2025-09-09 14:00:00+00:00,0.0,0.0,1.00007852,1.0002903829517302,0.9998,0.9999
2025-09-09 15:00:00+00:00,0.0,0.0,1.0000774432907282,1.0002909641942026,0.9998,0.9999
2025-09-09 16:00:00+00:00,0.0,0.0,1.000100866371476,1.0003089670491134,0.9998,0.9999
2025-09-09 17:00:00+00:00,0.0,0.0,1.0001072533200432,1.0003124394944516,0.9998,0.9999
2025-09-09 18:00:00+00:00,0.0,0.0,1.0000971602276354,1.0003077041759176,0.9998,0.9999
2025-09-09 19:00:00+00:00,0.0,0.0,1.000059097735286,1.0002893805130746,0.9998,0.9999
2025-09-09 20:00:00+00:00,0.0,0.0,1.0000550227158005,1.0002889305074578,0.9998,0.9999
2025-09-09 21:00:00+00:00,0.0,0.0,1.000067745666667,1.0002802670630202,0.9998,0.9999
2025-09-09 22:00:00+00:00,0.0,0.0,1.0000638911620827,1.0002687336936442,0.9998,0.9999
2025-09-09 23:00:00+00:00,0.0,0.0,1.0000676589986468,1.0002698139791455,0.9998,0.9999
2025-09-10 00:00:00+00:00,0.0,0.0,1.0000686693322762,1.000270165002588,0.9998,0.9999
2025-09-10 01:00:00+00:00,0.0,0.0,1.00006777764262,1.000270573190048,0.9998,0.9999
2025-09-10 02:00:00+00:00,0.0,0.0,1.0000703268718285,1.0002776020420086,0.9998,0.9999
2025-09-10 03:00:00+00:00,0.0,0.0,1.0000788892627517,1.0003153196565824,0.9998,0.9999
2025-09-10 04:00:00+00:00,0.0,0.0,1.0001141373920297,1.0003161959994027,0.9998,0.9999
2025-09-10 05:00:00+00:00,0.0,0.0,1.0000624921884764,1.0003268457283525,0.9998,0.9999
2025-09-10 06:00:00+00:00,0.0,0.0,1.0001123398398395,1.000327161053984,0.9998,0.9999
2025-09-10 07:00:00+00:00,0.0,0.0,1.0000996589769306,1.0003282158437732,0.9998,0.9999
2025-09-10 08:00:00+00:00,5.1428571428e-06,0.0,0.8571428571428572,1.000312375773959,0.9998,0.9999
2025-09-10 09:00:00+00:00,0.0,0.0,1.0000960455538743,1.0003070098243143,0.9998,0.9999
2025-09-10 10:00:00+00:00,383895.5672987562,0.0,1.0000907791765907,1.0052631848360585,0.9997,1.0005
2025-09-10 11:00:00+00:00,0.0,0.0,1.0001128045157903,1.0003181785634268,0.9999,1.0
2025-09-10 12:00:00+00:00,0.0,0.0,1.0001033700490316,1.0003171166989453,0.9999,1.0
2025-09-10 13:00:00+00:00,0.0,0.0,1.0000765923362482,1.000306841131302,0.9998,1.0
2025-09-10 14:00:00+00:00,0.0,0.0,1.00007,1.0003293725433051,0.9998,0.9999
2025-09-10 15:00:00+00:00,0.0,0.0,1.0001280887544124,1.000352472773938,0.9998,0.9999
2025-09-10 16:00:00+00:00,0.0,0.0,1.0001520669506967,1.0003585871291627,0.9998,0.9999
2025-09-10 17:00:00+00:00,0.0,0.0,1.0001545167777577,1.0003683817908882,0.9998,0.9999
2025-09-10 18:00:00+00:00,0.0,0.0,1.0001607052805992,1.0003673529847432,0.9998,0.9999
2025-09-10 19:00:00+00:00,0.0,0.0,1.0001568433143608,1.0003668302502888,0.9998,0.9999
2025-09-10 20:00:00+00:00,0.0,0.0,1.0001508120994709,1.000363516711765,0.9998,0.9999
2025-09-10 21:00:00+00:00,0.0,0.0,1.000163,1.000367255457397,0.9998,0.9999
2025-09-10 22:00:00+00:00,0.0,0.0,1.0001682602635231,1.0003695815724396,0.9998,0.9999
2025-09-10 23:00:00+00:00,0.0,0.0,1.000169,1.0003713868919353,0.9998,0.9999
2025-09-11 00:00:00+00:00,0.0,0.0,1.0001457261284683,1.0003729921969988,0.9998,0.9999
2025-09-11 01:00:00+00:00,0.0,0.0,1.0001719,1.0003807998750194,0.9998,0.9999
2025-09-11 02:00:00+00:00,0.0,0.0,1.0001786669664228,1.000391483455375,0.9998,0.9999
2025-09-11 03:00:00+00:00,0.0,0.0,1.000185508766752,1.0004559848932943,0.9998,0.9999
2025-09-11 04:00:00+00:00,0.0,0.0,1.000249179151768,1.00045848695983,0.9998,0.9999
2025-09-11 05:00:00+00:00,0.0,0.0,1.0002484673982976,1.0004508399006484,0.9998,0.9999
2025-09-11 06:00:00+00:00,0.0,0.0,1.000245,1.000448888884135,0.9998,0.9999
2025-09-11 07:00:00+00:00,0.0,0.0,1.0002447457037311,1.000445918226248,0.9998,0.9999
2025-09-11 08:00:00+00:00,0.0,0.0,1.000238670694864,1.0004485468801427,0.9998,0.9999
2025-09-11 09:00:00+00:00,0.0,0.0,1.0002327927368668,1.0004487207984174,0.9998,0.9999
2025-09-11 10:00:00+00:00,221269.7342154777,0.0,1.0002393756535122,1.0054013486647086,0.9998,0.9999
2025-09-11 11:00:00+00:00,0.0,0.0,1.000249857142857,1.0004539807999104,0.9997,1.0
2025-09-11 12:00:00+00:00,0.0,0.0,1.000221787892556,1.000453734281428,0.9997,0.9998
2025-09-11 13:00:00+00:00,0.0007840051282051,0.0,1.0002174888277475,1.0025641025641026,0.9997,0.9998
2025-09-11 14:00:00+00:00,0.0,0.0,1.0002104207973572,1.0004241838808692,0.9997,0.9998
2025-09-11 15:00:00+00:00,0.0,0.0,1.0002076929188326,1.000422429426827,0.9997,0.9998
2025-09-11 16:00:00+00:00,0.0,0.0,1.0002272322580643,1.0004635933768935,0.9997,0.9998
2025-09-11 17:00:00+00:00,0.0,0.0,1.0002627544861131,1.000470697027032,0.9997,0.9998
2025-09-11 18:00:00+00:00,0.0,0.0,1.000267824310521,1.0004749131081434,0.9997,0.9998
2025-09-11 19:00:00+00:00,0.0,0.0,1.000271858575211,1.0004751333265198,0.9997,0.9998
2025-09-11 20:00:00+00:00,0.0,0.0,1.0002742501805977,1.0004794934114054,0.9997,0.9998
2025-09-11 21:00:00+00:00,0.0,0.0,1.000276209204496,1.0004795883458326,0.9997,0.9998
2025-09-11 22:00:00+00:00,0.0,0.0,1.0002708880163833,1.0004796364016528,0.9997,0.9998
2025-09-11 23:00:00+00:00,0.0,0.0,1.0002731621582746,1.0004897197537748,0.9997,0.9998
2025-09-12 00:00:00+00:00,0.0,0.0,1.0002891935857363,1.0005581322778718,0.9997,0.9998
2025-09-12 01:00:00+00:00,0.0,0.0,1.000348792182107,1.000562527189167,0.9997,0.9998
2025-09-12 02:00:00+00:00,0.0,0.0,1.00035296,1.0005604784123812,0.9997,0.9998
2025-09-12 03:00:00+00:00,0.0,0.0,1.0003,1.0005594594183462,0.9997,0.9998
2025-09-12 04:00:00+00:00,0.0,0.0,1.000354421407053,1.0005615458733954,0.9997,0.9998
2025-09-12 05:00:00+00:00,0.0,0.0,1.0003602390481936,1.0005911396628415,0.9997,0.9998
2025-09-12 06:00:00+00:00,0.0,0.0,1.0003713568398611,1.0005832926029434,0.9997,0.9998
2025-09-12 07:00:00+00:00,0.0,0.0,1.0002920119148846,1.0005730323086484,0.9997,0.9998
2025-09-12 08:00:00+00:00,0.0,0.0,1.000309451475461,1.000530272325426,0.9997,0.9998
2025-09-12 09:00:00+00:00,0.0,0.0,1.0002835518566913,1.000525673642075,0.9997,0.9998
2025-09-12 10:00:00+00:00,0.0,0.0,1.0002160028171636,1.000484234369435,0.9997,0.9998
2025-09-12 11:00:00+00:00,0.0,0.0,1.0002152280098728,1.000428819574466,0.9997,0.9998
2025-09-12 12:00:00+00:00,0.0,0.0,1.000227338508091,1.0004377505416893,0.9997,0.9998
2025-09-12 13:00:00+00:00,0.0,0.0,1.00023745,1.0004505228794631,0.9997,0.9998
2025-09-12 14:00:00+00:00,0.0,0.0,1.0002467459447495,1.0004571118591354,0.9997,0.9998
2025-09-12 15:00:00+00:00,0.0,0.0,1.0002569992306567,1.0004925326756613,0.9997,0.9998
2025-09-12 16:00:00+00:00,0.0,0.0,1.0002905933333333,1.0004974245541938,0.9997,0.9998
2025-09-12 17:00:00+00:00,0.0,0.0,1.0002973423986288,1.0007854200511797,0.9997,0.9998
2025-09-12 18:00:00+00:00,0.0,0.0,1.000563287947554,1.0007859135751012,0.9997,0.9998
2025-09-12 19:00:00+00:00,365004.9474506711,0.0,1.0005621483551406,1.0011432797701454,0.9996,0.9998
2025-09-12 20:00:00+00:00,5390758.508215047,0.0,1.00066363422292,1.004192910805534,0.9996,0.9997
2025-09-12 21:00:00+00:00,0.0,0.0,1.0006883483080449,1.0009408926955032,0.9996,0.9997
2025-09-12 22:00:00+00:00,436.9000975511082,0.0,1.000709065926362,1.0010134224768124,0.9996,0.9997
2025-09-12 23:00:00+00:00,0.0,0.0,1.000679879649559,1.0009361731949455,0.9996,0.9997
2025-09-13 00:00:00+00:00,0.0,0.0,1.000690263688078,1.0008980900831888,0.9996,0.9997
2025-09-13 01:00:00+00:00,0.0,0.0,1.00064304358459,1.000892613536008,0.9996,0.9997
2025-09-13 02:00:00+00:00,3993127.599106908,0.0,1.0004989914302476,1.0109796183996735,0.9996,0.9997
2025-09-13 03:00:00+00:00,0.0,0.0,1.0004971595057712,1.000764005803176,0.9996,0.9997
2025-09-13 04:00:00+00:00,0.0,0.0,0.999,1.0007221451173274,0.9996,0.9997
2025-09-13 05:00:00+00:00,0.0,0.0,0.999,1.000809913834789,0.9996,0.9997
2025-09-13 06:00:00+00:00,0.0,0.0,0.999,1.000819329099405,0.9996,0.9997
2025-09-13 07:00:00+00:00,0.0,0.0,1.0005473400886835,1.0008122963454134,0.9996,0.9997
2025-09-13 08:00:00+00:00,0.0,0.0,1.00055307838047,1.0007648759363157,0.9996,0.9997
2025-09-13 09:00:00+00:00,0.0,0.0,1.0005,1.000767829205649,0.9996,0.9997
2025-09-13 10:00:00+00:00,10508226.830328545,0.0,0.999,1.0108593537447437,0.9996,0.9997
2025-09-13 11:00:00+00:00,0.0,0.0,1.000636276316052,1.000846492455331,0.9996,0.9997
2025-09-13 12:00:00+00:00,0.0,0.0,1.0005623364677416,1.0008459100619518,0.9996,0.9997
2025-09-13 13:00:00+00:00,0.0,0.0,1.0005493828241876,1.000777406287736,0.9996,0.9997
2025-09-13 14:00:00+00:00,0.0,0.0,1.0005523529411764,1.000836227651356,0.9996,0.9997
2025-09-13 15:00:00+00:00,0.0,0.0,1.0006074015855655,1.000813192244314,0.9996,0.9997
2025-09-13 16:00:00+00:00,0.0,0.0,1.000602855548651,1.0008107498058847,0.9996,0.9997
2025-09-13 17:00:00+00:00,0.0,0.0,1.0005694636591478,1.0008150147034032,0.9996,0.9997
2025-09-13 18:00:00+00:00,0.0,0.0,1.000547659420612,1.0007711085958142,0.9996,0.9997
2025-09-13 19:00:00+00:00,0.0,0.0,1.000546849352461,1.000823737157373,0.9996,0.9997
2025-09-13 20:00:00+00:00,0.0,0.0,1.0006049141122104,1.0008192419926676,0.9996,0.9997
2025-09-13 21:00:00+00:00,0.0,0.0,1.00057188572029,1.0008057291849124,0.9996,0.9997
2025-09-13 22:00:00+00:00,0.0,0.0,1.000571515743227,1.0007811699700813,0.9996,0.9997
2025-09-13 23:00:00+00:00,0.0,0.0,1.0005774155395617,1.0007819681212549,0.9996,0.9997
2025-09-14 00:00:00+00:00,10949843.119722877,0.0,1.0005789628895572,1.0057936582610731,0.9996,0.9997
2025-09-14 01:00:00+00:00,2.25e-06,0.0,0.75,1.0008070377461544,0.9996,0.9997
2025-09-14 02:00:00+00:00,5070980.721879534,0.0,1.0005942323182353,1.0107580915822028,0.9996,0.9997
2025-09-14 03:00:00+00:00,0.0,0.0,1.0006050688265788,1.0008131859051808,0.9996,0.9997
2025-09-14 04:00:00+00:00,0.0,0.0,1.000605622948474,1.0008448260566951,0.9996,0.9997
2025-09-14 05:00:00+00:00,8565518.474423463,0.0,1.0006372575294658,1.0083369921591403,0.9996,0.9997
2025-09-14 06:00:00+00:00,0.0,0.0,1.0006222618543223,1.000863438334891,0.9996,0.9997
2025-09-14 07:00:00+00:00,0.0,0.0,1.0005690946893788,1.000831416944658,0.9996,0.9997
2025-09-14 08:00:00+00:00,0.0,0.0,1.0005451941224606,1.0007687715447295,0.9996,0.9997
2025-09-14 09:00:00+00:00,0.0,0.0,1.0002316960148283,1.0007622898844717,0.9996,0.9997
2025-09-14 10:00:00+00:00,0.0,0.0,1.000492872981994,1.0007682754699894,0.9996,0.9997
2025-09-14 11:00:00+00:00,0.0,0.0,1.000498503265881,1.0007095494654046,0.9996,0.9997
2025-09-14 12:00:00+00:00,0.0,0.0,1.0005077123817747,1.0007212550612032,0.9996,0.9997
2025-09-14 13:00:00+00:00,0.0,0.0,1.000523771313942,1.000778185101171,0.9996,0.9997
2025-09-14 14:00:00+00:00,0.0,0.0,1.0005657614175516,1.0008203911590787,0.9996,0.9997
2025-09-14 15:00:00+00:00,0.0,0.0,1.0005767172517026,1.0007882573046252,0.9996,0.9997
2025-09-14 16:00:00+00:00,0.0,0.0,1.0004981221071825,1.0007772046874528,0.9996,0.9997
2025-09-14 17:00:00+00:00,4330927.497402529,0.0,1.000495941842079,1.0056654321903198,0.9996,0.9997
2025-09-14 18:00:00+00:00,0.0,0.0,1.000516498,1.000722074687456,0.9996,0.9997
2025-09-14 19:00:00+00:00,0.0,0.0,1.000505222336251,1.0007543733177768,0.9996,0.9997
2025-09-14 20:00:00+00:00,0.0,0.0,1.0005215043572104,1.0007560465844394,0.9996,0.9997
2025-09-14 21:00:00+00:00,0.0,0.0,1.0005104628155792,1.0007510042276853,0.9996,0.9997
2025-09-14 22:00:00+00:00,0.0,0.0,1.0005029005666766,1.000711287361434,0.9996,0.9997
2025-09-14 23:00:00+00:00,0.0,0.0,1.0004668585114176,1.000705011055432,0.9996,0.9997
2025-09-15 00:00:00+00:00,0.0,0.0,1.0004538980096185,1.0006741201318128,0.9996,0.9997
2025-09-15 01:00:00+00:00,0.0,0.0,1.0004473073277198,1.0006573661993634,0.9996,0.9998
2025-09-15 02:00:00+00:00,0.0,0.0,1.0004426403879625,1.0007331241186612,0.9997,0.9998
2025-09-15 03:00:00+00:00,0.0,0.0,1.0003408333333337,1.0007076335177545,0.9997,0.9998
2025-09-15 04:00:00+00:00,0.0,0.0,1.0003041722975836,1.0006295430939318,0.9997,0.9998
2025-09-15 05:00:00+00:00,0.0,0.0,1.0003005239372882,1.000507079611499,0.9997,0.9998
2025-09-15 06:00:00+00:00,0.0,0.0,1.000300435518615,1.0005335665414323,0.9996,0.9998
2025-09-15 07:00:00+00:00,0.0,0.0,1.000332507333652,1.0005573836677482,0.9996,0.9997
2025-09-15 08:00:00+00:00,0.0,0.0,1.0003533056858185,1.0005876137538123,0.9996,0.9997
2025-09-15 09:00:00+00:00,0.0,0.0,1.0003675196685602,1.000591297116435,0.9996,0.9998
2025-09-15 10:00:00+00:00,8405530.681262167,0.0,1.000371738971246,1.02750839465625,0.9997,0.9998
2025-09-15 11:00:00+00:00,0.0,0.0,1.0003777578209745,1.000650246729608,0.9997,0.9998
2025-09-15 12:00:00+00:00,7048753.647966931,0.0,1.0003791582740256,1.003754518723194,0.9997,0.9999
2025-09-15 13:00:00+00:00,0.0,0.0,1.000406370246721,1.0007569690375406,0.9997,0.9999
2025-09-15 14:00:00+00:00,0.0,0.0,1.0004132954396856,1.0006266631921947,0.9997,0.9998
2025-09-15 15:00:00+00:00,0.0,0.0,1.0004217159286777,1.0006297289348958,0.9997,0.9999
2025-09-15 16:00:00+00:00,0.0,0.0,1.000428059411426,1.0006528233336125,0.9997,0.9998
2025-09-15 17:00:00+00:00,0.0,0.0,1.0003018743156833,1.0006437688304963,0.9997,0.9998
2025-09-15 18:00:00+00:00,0.0,0.0,1.0001373579306605,1.0005127370695188,0.9997,0.9998
2025-09-15 19:00:00+00:00,0.0,0.0,1.000160088088088,1.00037072579409,0.9997,0.9998
2025-09-15 20:00:00+00:00,0.0,0.0,1.000170653,1.0003829139147984,0.9997,0.9998
2025-09-15 21:00:00+00:00,0.0,0.0,1.0001835772821606,1.0003871072898416,0.9997,0.9998
2025-09-15 22:00:00+00:00,0.0,0.0,1.000183646160505,1.0003923459141109,0.9997,0.9998
2025-09-15 23:00:00+00:00,0.0,0.0,1.00019274,1.0003994855633604,0.9997,0.9998
2025-09-16 00:00:00+00:00,0.0,0.0,1.0001995670596542,1.0004097497934263,0.9997,0.9998
2025-09-16 01:00:00+00:00,0.0,0.0,1.000209402499144,1.0004183262976742,0.9997,0.9999
2025-09-16 02:00:00+00:00,0.0,0.0,1.0002159852290524,1.00042287730301,0.9998,0.9999
2025-09-16 03:00:00+00:00,0.0,0.0,1.0002246740220662,1.0004835969470631,0.9998,0.9999
2025-09-16 04:00:00+00:00,0.0,0.0,1.000281345,1.0006049895516065,0.9998,0.9999
2025-09-16 05:00:00+00:00,0.0,0.0,1.0002871521489909,1.0005608428244142,0.9998,0.9999
2025-09-16 06:00:00+00:00,0.0,0.0,1.0002642123026986,1.0004978048151882,0.9998,0.9999
2025-09-16 07:00:00+00:00,0.0,0.0,1.000266132621273,1.0004765907367594,0.9998,0.9999
2025-09-16 08:00:00+00:00,0.0,0.0,1.0002742784684904,1.0004790544271578,0.9998,0.9999
2025-09-16 09:00:00+00:00,0.0,0.0,1.0002267034347427,1.0004772839743834,0.9998,0.9999
2025-09-16 10:00:00+00:00,0.0,0.0,1.0002349964285715,1.0005251204516068,0.9998,0.9999
2025-09-16 11:00:00+00:00,0.0,0.0,1.0003143013118063,1.0005202188635074,0.9997,1.0
2025-09-16 12:00:00+00:00,0.0,0.0,1.00027745167255,1.000515135399316,0.9999,1.0
2025-09-16 13:00:00+00:00,0.0,0.0,1.0002372788676972,1.000481719920605,0.9998,1.0005
2025-09-16 14:00:00+00:00,0.0,0.0,1.000200131058076,1.0004456722123054,1.0,1.0002
2025-09-16 15:00:00+00:00,0.0,0.0,1.0002022,1.0004138468180797,0.9999,1.0001
2025-09-16 16:00:00+00:00,0.0,0.0,1.0002242760567046,1.0004579733889507,1.0,1.0005
2025-09-16 17:00:00+00:00,0.0,0.0,1.0002576730575514,1.000546767765229,1.0001,1.0002
2025-09-16 18:00:00+00:00,0.0,0.0,1.0003223323538106,1.0005334680254776,1.0001,1.0002
2025-09-16 19:00:00+00:00,0.0,0.0,1.000277872983871,1.000533208237199,1.0001,1.0002
2025-09-16 20:00:00+00:00,0.0,0.0,1.0003208070617906,1.0005281038831164,1.0001,1.0002
2025-09-16 21:00:00+00:00,0.0,0.0,1.0003308753349327,1.0005346434450084,1.0001,1.0002
2025-09-16 22:00:00+00:00,0.0,0.0,1.0003302542662569,1.000534939824516,1.0001,1.0002
2025-09-16 23:00:00+00:00,0.0,0.0,1.000330126147739,1.0005350546350835,1.0001,1.0002
2025-09-17 00:00:00+00:00,0.0,0.0,1.0003287059779868,1.000589840528135,1.0001,1.0002
2025-09-17 01:00:00+00:00,0.0,0.0,1.0003819767441862,1.000589376090239,1.0001,1.0002
2025-09-17 02:00:00+00:00,0.0,0.0,1.0003778119116045,1.000587789732747,1.0001,1.0002
2025-09-17 03:00:00+00:00,6030208.359119086,0.0,1.0003888947113742,1.0053635215987924,1.0001,1.0002
2025-09-17 04:00:00+00:00,0.0,0.0,1.0004764292878636,1.0006836914829282,1.0001,1.0002
2025-09-17 05:00:00+00:00,0.0,0.0,1.000477055366497,1.0007050984694623,1.0001,1.0002
2025-09-17 06:00:00+00:00,0.0,0.0,1.00039848,1.000687590637847,1.0001,1.0002
2025-09-17 07:00:00+00:00,3765393.4156711823,0.0,1.000419462603645,1.0055646054206748,1.0001,1.0002
2025-09-17 08:00:00+00:00,0.0,0.0,1.0003791056054212,1.0006418392452896,1.0001,1.0002
2025-09-17 09:00:00+00:00,0.0,0.0,1.0003803840233385,1.0006050514535756,1.0001,1.0002
2025-09-17 10:00:00+00:00,0.0,0.0,1.0004023568122076,1.0006165171046593,1.0001,1.0002
2025-09-17 11:00:00+00:00,0.0,0.0,1.0003986423271096,1.00060980659612,1.0001,1.0002
2025-09-17 12:00:00+00:00,0.0,0.0,1.00036895,1.0006066177620183,1.0001,1.0002
2025-09-17 13:00:00+00:00,0.0,0.0,1.0003543195,1.0005792166909584,1.0001,1.0002
2025-09-17 14:00:00+00:00,0.0,0.0,1.0003677670631363,1.0005857514087586,1.0001,1.0002
2025-09-17 15:00:00+00:00,0.0,0.0,1.0003840607210628,1.000588468945116,1.0001,1.0002
2025-09-17 16:00:00+00:00,0.0,0.0,1.000376215760883,1.0005947781086924,1.0001,1.0002
2025-09-17 17:00:00+00:00,0.0,0.0,1.0003885376526689,1.000600817319541,1.0001,1.0002
2025-09-17 18:00:00+00:00,0.0,0.0,1.0003709294675434,1.0005814131791833,1.0001,1.0002
2025-09-17 19:00:00+00:00,0.0,0.0,1.0003785,1.0005883239215227,1.0001,1.0002
2025-09-17 20:00:00+00:00,0.0,0.0,1.0003879949558638,1.000646534506626,1.0001,1.0002
2025-09-17 21:00:00+00:00,0.0,0.0,1.0004448376491522,1.0006571140191256,1.0001,1.0002
2025-09-17 22:00:00+00:00,0.0,0.0,1.0004653347745611,1.0006703735534843,1.0001,1.0002
2025-09-17 23:00:00+00:00,0.0,0.0,1.0004355377639118,1.0006676872563345,1.0001,1.0002
2025-09-18 00:00:00+00:00,0.0,0.0,1.00043,1.0006381798190198,1.0001,1.0002
2025-09-18 01:00:00+00:00,6886877.636553183,0.0,1.0004264336410256,1.0106573825281495,1.0001,1.0002
2025-09-18 02:00:00+00:00,0.0,0.0,1.0004288229974774,1.0006417608433986,1.0001,1.0002
2025-09-18 03:00:00+00:00,6757347.726268511,0.0,1.0004392387352394,1.052425774232413,1.0001,1.0002
2025-09-18 04:00:00+00:00,0.0,0.0,1.0004283555784814,1.0006452660998446,1.0001,1.0002
2025-09-18 05:00:00+00:00,0.0,0.0,1.0004033645,1.000628251133606,1.0001,1.0002
2025-09-18 06:00:00+00:00,0.0,0.0,1.000396148745242,1.0006550463254162,1.0001,1.0002
2025-09-18 07:00:00+00:00,0.0,0.0,1.000323532692113,1.0006124633480002,1.0001,1.0002
2025-09-18 08:00:00+00:00,0.0,0.0,1.0003242340936729,1.000529934586076,1.0001,1.0002
2025-09-18 09:00:00+00:00,0.0,0.0,1.000330225318726,1.0005465696067997,1.0001,1.0002
2025-09-18 10:00:00+00:00,0.0,0.0,1.0003458329886816,1.000548787524035,1.0001,1.0002
2025-09-18 11:00:00+00:00,0.0,0.0,1.0003271466919703,1.0005469057571583,1.0001,1.0002
2025-09-18 12:00:00+00:00,0.0,0.0,1.0003346,1.0005374212184348,1.0001,1.0002
2025-09-18 13:00:00+00:00,0.0,0.0,1.0003346236895363,1.000579356109084,1.0,1.0002
2025-09-18 14:00:00+00:00,0.0,0.0,1.000379175401228,1.000617438912896,1.0,1.0001
2025-09-18 15:00:00+00:00,0.0,0.0,1.000398261971831,1.0006479160875448,1.0,1.0001
2025-09-18 16:00:00+00:00,0.0,0.0,1.0004473183333331,1.000657651400276,1.0,1.0001
2025-09-18 17:00:00+00:00,0.0,0.0,1.0004576121844513,1.0006663964094031,1.0,1.0001
2025-09-18 18:00:00+00:00,0.0,0.0,1.0004662065225811,1.0006745941898838,1.0,1.0001
2025-09-18 19:00:00+00:00,0.0,0.0,1.0004606477188365,1.0006751008142516,1.0,1.0001
2025-09-18 20:00:00+00:00,0.0,0.0,1.0004599638177172,1.0006850148370947,1.0,1.0001
2025-09-18 21:00:00+00:00,0.0,0.0,1.00047986240487,1.000683384469318,1.0,1.0001
2025-09-18 22:00:00+00:00,0.0,0.0,1.000474327790674,1.0006801528193257,1.0,1.0001
2025-09-18 23:00:00+00:00,0.0,0.0,1.000472653143094,1.0006751147224997,1.0,1.0001
2025-09-19 00:00:00+00:00,0.0,0.0,1.0004712,1.000676366901616,1.0,1.0001
2025-09-19 01:00:00+00:00,0.0,0.0,1.0004559157393278,1.0006736522969415,1.0,1.0001
2025-09-19 02:00:00+00:00,0.0,0.0,1.0004640482142857,1.0006775004979918,1.0,1.0001
2025-09-19 03:00:00+00:00,5863996.238302405,0.0,1.0003671745915184,1.0197807234740035,1.0,1.0001
2025-09-19 04:00:00+00:00,0.0,0.0,1.0004314692823473,1.000704608460521,1.0,1.0001
2025-09-19 05:00:00+00:00,0.0,0.0,1.0004307868316435,1.000641665687514,1.0,1.0001
2025-09-19 06:00:00+00:00,0.0,0.0,1.0004403209628887,1.0006534039742028,1.0,1.0001
2025-09-19 07:00:00+00:00,0.0002100194174757,0.0,1.0003915407854984,1.0097087378640777,1.0,1.0001
2025-09-19 08:00:00+00:00,0.0,0.0,1.0004160084183469,1.00062291056609,0.9999,1.0001
2025-09-19 09:00:00+00:00,0.0,0.0,1.0004227952953952,1.00063635079673,0.9999,1.0
2025-09-19 10:00:00+00:00,7587987.349109275,0.0,1.000427846153846,1.0208635655622944,0.9999,1.0
2025-09-19 11:00:00+00:00,0.0,0.0,1.000430558818231,1.000666370501999,0.9999,1.0
2025-09-19 12:00:00+00:00,0.0,0.0,1.000432214062853,1.0006388516159592,0.9999,1.0
2025-09-19 13:00:00+00:00,0.0,0.0,1.0004351,1.000648894841203,0.9999,1.0
2025-09-19 14:00:00+00:00,0.0,0.0,1.0004462666666667,1.0006496815478778,0.9999,1.0
2025-09-19 15:00:00+00:00,0.0,0.0,1.0004440841991502,1.000668528474214,0.9999,1.0
2025-09-19 16:00:00+00:00,0.0,0.0,1.0004596666666667,1.0008269930532585,0.9999,1.0
2025-09-19 17:00:00+00:00,0.0,0.0,1.0004716597059624,1.0006864285160515,0.9999,1.0
2025-09-19 18:00:00+00:00,0.0,0.0,1.0004859133333337,1.0007009734741494,0.9999,1.0
2025-09-19 19:00:00+00:00,0.0,0.0,1.0004954,1.000716742695997,0.9999,1.0
2025-09-19 20:00:00+00:00,0.0,0.0,1.0005009139251204,1.0007066497009287,0.9999,1.0
2025-09-19 21:00:00+00:00,0.0,0.0,1.000497489712588,1.0007058827060236,0.9999,1.0
2025-09-19 22:00:00+00:00,0.0,0.0,1.0004951977880685,1.000696406530891,0.9999,1.0
2025-09-19 23:00:00+00:00,1901650.0905199617,0.0,1.0004865600206538,1.0010116628103674,0.9999,1.0
2025-09-20 00:00:00+00:00,0.0,0.0,1.0005408806514806,1.000779591022444,0.9999,1.0
2025-09-20 01:00:00+00:00,0.0,0.0,1.0005393646262226,1.0007784657395378,0.9999,1.0
2025-09-20 02:00:00+00:00,0.0,0.0,1.0005674922494128,1.0007811429079736,0.9999,1.0
2025-09-20 03:00:00+00:00,0.0,0.0,1.0005809341849237,1.000783059475393,0.9999,1.0
2025-09-20 04:00:00+00:00,0.0,0.0,1.000581367181823,1.000787329343336,0.9999,1.0
2025-09-20 05:00:00+00:00,0.0,0.0,1.0005558271103043,1.0007873874839517,0.9999,1.0
2025-09-20 06:00:00+00:00,0.0,0.0,1.0005208412849165,1.0007446958410204,0.9999,1.0
2025-09-20 07:00:00+00:00,0.0,0.0,1.0005212145493207,1.0007335725993234,0.9999,1.0
2025-09-20 08:00:00+00:00,0.0,0.0,1.00049415281114,1.0007318316242966,0.9999,1.0
2025-09-20 09:00:00+00:00,0.0,0.0,1.0004878212426764,1.0006996434061255,0.9999,1.0
2025-09-20 10:00:00+00:00,0.0,0.0,1.0004876902049655,1.0006931742718468,0.9999,1.0
2025-09-20 11:00:00+00:00,0.0,0.0,1.0004865166666668,1.0007102040318014,0.9999,1.0
2025-09-20 12:00:00+00:00,0.0,0.0,1.0004861448711715,1.0006924522458849,0.9999,1.0
2025-09-20 13:00:00+00:00,0.0,0.0,1.0004916955840093,1.0006953671369982,0.9999,1.0
2025-09-20 14:00:00+00:00,0.0,0.0,1.000494387563167,1.0007010844564204,0.9999,1.0
2025-09-20 15:00:00+00:00,0.0,0.0,1.00049589450285,1.0007098673517163,0.9999,1.0
2025-09-20 16:00:00+00:00,0.0,0.0,1.0005084804297328,1.0007100087068697,0.9999,1.0
2025-09-20 17:00:00+00:00,0.0,0.0,1.00050725,1.0007229531444268,0.9999,1.0
2025-09-20 18:00:00+00:00,0.0,0.0,1.0005137180384704,1.0007218527544128,0.9999,1.0
2025-09-20 19:00:00+00:00,0.0,0.0,1.0005158381977697,1.0007216193720752,0.9999,1.0
2025-09-20 20:00:00+00:00,0.0,0.0,1.000429003021148,1.0007249431215428,0.9999,1.0
2025-09-20 21:00:00+00:00,0.0,0.0,1.0004595535077403,1.0007087823152967,0.9999,1.0
2025-09-20 22:00:00+00:00,0.0,0.0,1.0005089337267872,1.000712906439292,0.9999,1.0
2025-09-20 23:00:00+00:00,0.0,0.0,1.0005075589619246,1.0007121634317395,0.9999,1.0
2025-09-21 00:00:00+00:00,0.0,0.0,1.0005062263994602,1.000710274023068,0.9999,1.0
2025-09-21 01:00:00+00:00,0.0,0.0,1.0005061193814433,1.0007091815624645,0.9999,1.0
2025-09-21 02:00:00+00:00,0.0,0.0,1.000496354053859,1.000715968114622,0.9999,1.0
2025-09-21 03:00:00+00:00,0.0,0.0,1.0005133635905197,1.000716768078185,0.9999,1.0
2025-09-21 04:00:00+00:00,0.0,0.0,1.0005106747744887,1.0007145101602544,0.9999,1.0
2025-09-21 05:00:00+00:00,0.0,0.0,1.000507958977901,1.0007251491302067,0.9999,1.0
2025-09-21 06:00:00+00:00,0.0,0.0,1.00052484,1.0007395676911668,0.9999,1.0
2025-09-21 07:00:00+00:00,0.0,0.0,1.000539,1.000749200529638,0.9999,1.0
2025-09-21 08:00:00+00:00,0.0,0.0,1.0005476956051635,1.000757180766643,0.9999,1.0
2025-09-21 09:00:00+00:00,0.0,0.0,1.0005543956043956,1.00075731442347,0.9999,1.0
2025-09-21 10:00:00+00:00,0.0,0.0,1.0004925693385844,1.0007694974512118,0.9999,1.0
2025-09-21 11:00:00+00:00,0.0,0.0,1.0004896339833,1.000758314960013,0.9999,1.0
2025-09-21 12:00:00+00:00,0.0,0.0,1.000556880817258,1.000767588740564,0.9999,1.0
2025-09-21 13:00:00+00:00,0.0,0.0,1.0005577481448948,1.0007630724304315,0.9999,1.0
2025-09-21 14:00:00+00:00,0.0,0.0,1.0005614070623186,1.000766151119583,0.9999,1.0
2025-09-21 15:00:00+00:00,0.0,0.0,1.0005639,1.0007660303688053,0.9999,1.0
2025-09-21 16:00:00+00:00,0.0,0.0,1.0005547270861677,1.0007616333439016,0.9999,1.0
2025-09-21 17:00:00+00:00,0.0,0.0,1.0005485308225328,1.000754059141332,0.9999,1.0
2025-09-21 18:00:00+00:00,0.0,0.0,1.000547182352941,1.000749100925926,0.9999,1.0
2025-09-21 19:00:00+00:00,0.0,0.0,1.0005471780366055,1.0007802002378638,0.9999,1.0
2025-09-21 20:00:00+00:00,0.0,0.0,1.0005786847521645,1.0007796654243148,0.9999,1.0
2025-09-21 21:00:00+00:00,0.0,0.0,1.0005662800137165,1.0007665659244922,0.9999,1.0
2025-09-21 22:00:00+00:00,0.0,0.0,1.000562747458831,1.0007654186884647,0.9999,1.0
2025-09-21 23:00:00+00:00,0.0,0.0,1.0005534887780358,1.000762945616796,0.9999,1.0
2025-09-22 00:00:00+00:00,0.0,0.0,1.00053691843441,1.000754662832524,0.9999,1.0
2025-09-22 01:00:00+00:00,0.0,0.0,1.0004524513443334,1.0007293057901585,0.9999,1.0
2025-09-22 02:00:00+00:00,0.0,0.0,1.0005038333333334,1.0007470962264045,0.9999,1.0
2025-09-22 03:00:00+00:00,0.0,0.0,1.0005286021505375,1.0007501467255902,0.9999,1.0
2025-09-22 04:00:00+00:00,0.0,0.0,1.0004999268460637,1.0009003601440576,0.9999,1.0
2025-09-22 05:00:00+00:00,0.0,0.0,1.000464020108381,1.0006683773746208,0.9999,1.0
2025-09-22 06:00:00+00:00,0.0,0.0,1.0004611834102308,1.0007942204925016,0.9999,1.0
2025-09-22 07:00:00+00:00,0.0,0.0,1.000578636717758,1.0008765228461538,0.9999,1.0
2025-09-22 08:00:00+00:00,0.0,0.0,1.0006595875313782,1.0008733477850866,0.9999,1.0
2025-09-22 09:00:00+00:00,5422033.497415403,0.0,1.000655316,1.005765298990036,0.9998,1.0
2025-09-22 10:00:00+00:00,0.0,0.0,1.0006903681290973,1.0009269924477286,0.9998,0.9999
2025-09-22 11:00:00+00:00,0.0,0.0,1.000666746,1.000888897888612,0.9998,0.9999
2025-09-22 12:00:00+00:00,0.0,0.0,1.000681013630766,1.000898248906263,0.9998,0.9999
2025-09-22 13:00:00+00:00,0.000988001010101,0.0,0.9989898989898992,1.0009217475851593,0.9998,0.9999
2025-09-22 14:00:00+00:00,0.0,0.0,1.0007346884743584,1.0009605797226513,0.9991,0.9999
2025-09-22 15:00:00+00:00,0.0,0.0,1.0007058593870477,1.000949375210786,0.9991,0.9992
2025-09-22 16:00:00+00:00,0.0,0.0,1.0007024675193876,1.000932709718054,0.9991,0.9992
2025-09-22 17:00:00+00:00,0.0,0.0,1.0007069807852966,1.000948552003713,0.9991,0.9995
2025-09-22 18:00:00+00:00,0.0,0.0,1.000692839243063,1.0009099732686606,0.9994,0.9995
2025-09-22 19:00:00+00:00,0.0,0.0,1.000708266052236,1.0009948232080603,0.9994,0.9996
2025-09-22 20:00:00+00:00,4229027.795786073,0.0,1.0007026390027818,1.005915069753912,0.9995,0.9996
2025-09-22 21:00:00+00:00,0.0,0.0,1.0006857576638624,1.0009216030734214,0.9995,0.9996
2025-09-22 22:00:00+00:00,0.0,0.0,1.000689061286255,1.0009436285613664,0.9995,0.9996
2025-09-22 23:00:00+00:00,3511179.018663768,0.0,1.0007169333333332,1.0059523024366015,0.9995,0.9996
2025-09-23 00:00:00+00:00,0.0,0.0,1.0007571754614877,1.0009809613421152,0.9995,0.9996
2025-09-23 01:00:00+00:00,0.0,0.0,1.0007566482175096,1.0009791842574676,0.9995,0.9996
2025-09-23 02:00:00+00:00,400210.0252131566,0.0,1.0007492942938276,1.001125027059512,0.9995,0.9996
2025-09-23 03:00:00+00:00,8650709.436614498,0.0,1.000802967992859,1.0040457937671454,0.9995,0.9996
2025-09-23 04:00:00+00:00,6662566.139296444,0.0,0.0,1.0060851814717393,0.9995,0.9996
2025-09-23 05:00:00+00:00,0.0,0.0,1.0006468287878196,1.0009457584792687,0.9995,0.9996
2025-09-23 06:00:00+00:00,7221164.559557116,0.0,1.0006073970444445,1.0534244408764977,0.9995,0.9996
2025-09-23 07:00:00+00:00,0.0,0.0,1.0005960181819404,1.000838503039822,0.9995,0.9996
2025-09-23 08:00:00+00:00,0.0,0.0,1.000566371047655,1.0008386596556422,0.9995,0.9996
2025-09-23 09:00:00+00:00,0.0,0.0,1.0006169632109423,1.0008348206475908,0.9995,0.9996
2025-09-23 10:00:00+00:00,0.0,0.0,1.0006035,1.0008183017221175,0.9995,0.9997
2025-09-23 11:00:00+00:00,0.0,0.0,1.0006117547612123,1.0009590533057762,0.9996,0.9998
2025-09-23 12:00:00+00:00,0.0036560043859649,0.0,1.000691106807398,1.00109649122807,0.9997,0.9998
2025-09-23 13:00:00+00:00,0.0,0.0,1.0004880982467288,1.000894719700748,0.9997,0.9998
2025-09-23 14:00:00+00:00,0.0,0.0,1.0005143285894085,1.0007440854094858,0.9996,0.9998
2025-09-23 15:00:00+00:00,0.0,0.0,1.0005447168882833,1.00077664579273,0.9997,0.9998
2025-09-23 16:00:00+00:00,1.90476190476e-05,0.0,0.9523809523809526,1.0007774501129765,0.9997,0.9998
2025-09-23 17:00:00+00:00,0.0019780020181634,0.0,0.9989909182643796,1.000759197708308,0.9997,0.9998
2025-09-23 18:00:00+00:00,0.0,0.0,1.000386224654007,1.0006378577030943,0.9997,0.9998
2025-09-23 19:00:00+00:00,0.0,0.0,1.0003395373903363,1.0005711462128597,0.9997,1.0001
2025-09-23 20:00:00+00:00,0.0,0.0,1.000344663563135,1.0005474247271022,0.9997,0.9998
2025-09-23 21:00:00+00:00,0.0,0.0,1.0003123333333332,1.000548301428633,0.9997,0.9998
2025-09-23 22:00:00+00:00,0.0,0.0,1.0002995441435194,1.0005042945221618,0.9997,0.9998
2025-09-23 23:00:00+00:00,0.0,0.0,1.0003039073333333,1.0005241905760365,0.9997,0.9998
2025-09-24 00:00:00+00:00,0.0,0.0,1.0003105133716017,1.0005144135436492,0.9997,0.9998
2025-09-24 01:00:00+00:00,0.0,0.0,1.0003121,1.0005359142307648,0.9997,0.9998
2025-09-24 02:00:00+00:00,0.0,0.0,1.0003357050814417,1.0005602416018844,0.9997,0.9998
2025-09-24 03:00:00+00:00,0.0,0.0,1.000359033396149,1.000631637362883,0.9997,0.9998
2025-09-24 04:00:00+00:00,0.0,0.0,1.00034169876259,1.0005988561473245,0.9997,0.9998
2025-09-24 05:00:00+00:00,0.0,0.0,1.00029949909104,1.000545248165615,0.9997,0.9998
2025-09-24 06:00:00+00:00,0.0,0.0,1.0002420106868404,1.0004662212470756,0.9997,0.9998
2025-09-24 07:00:00+00:00,0.0,0.0,1.0002453474699693,1.0004683430077146,0.9997,0.9998
2025-09-24 08:00:00+00:00,0.0,0.0,1.0002457113060963,1.0004483957136336,0.9997,0.9998
2025-09-24 09:00:00+00:00,0.0,0.0,1.0002392544330685,1.000450428711572,0.9997,0.9998
2025-09-24 10:00:00+00:00,0.0,0.0,1.0002409372694343,1.0004758096559856,0.9997,0.9998
2025-09-24 11:00:00+00:00,0.0,0.0,1.0002678191282377,1.0004751657912183,0.9997,0.9998
2025-09-24 12:00:00+00:00,0.0,0.0,1.00027,1.0008853474988932,0.9997,0.9998
2025-09-24 13:00:00+00:00,0.0,0.0,1.0002607319117236,1.0004740441881574,0.9997,0.9998
2025-09-24 14:00:00+00:00,0.0,0.0,1.0002688195353755,1.0004824326290138,0.9997,0.9998
2025-09-24 15:00:00+00:00,0.0,0.0,1.000282231138515,1.000546867107022,0.9996,0.9998
2025-09-24 16:00:00+00:00,0.0,0.0,1.000345940044258,1.0006551249445048,0.9996,0.9997
2025-09-24 17:00:00+00:00,0.0,0.0,1.0004501272111543,1.0006574684798362,0.9996,0.9997
2025-09-24 18:00:00+00:00,0.0,0.0,1.0004530640322444,1.0006587541101752,0.9996,0.9997
2025-09-24 19:00:00+00:00,0.0,0.0,1.0004264407709142,1.0006724949562875,0.9996,0.9997
2025-09-24 20:00:00+00:00,0.0,0.0,1.000429840267473,1.000639567663855,0.9996,0.9997
2025-09-24 21:00:00+00:00,0.0,0.0,1.0004326886726194,1.0006442247583416,0.9996,0.9997
2025-09-24 22:00:00+00:00,0.0,0.0,1.0004270357899012,1.0006346066728322,0.9996,0.9997
2025-09-24 23:00:00+00:00,0.0,0.0,1.0004304314027015,1.0006323262783166,0.9996,0.9997
2025-09-25 00:00:00+00:00,0.0,0.0,1.000326116751269,1.0006309082210243,0.9996,0.9997
2025-09-25 01:00:00+00:00,0.0,0.0,1.0001940475901716,1.000529496615549,0.9996,0.9997
2025-09-25 02:00:00+00:00,0.0,0.0,1.000205875,1.000462107047937,0.9996,0.9997
2025-09-25 03:00:00+00:00,0.0,0.0,1.000024289032826,1.0003804420320903,0.9996,0.9997
2025-09-25 04:00:00+00:00,0.0,0.0,1.000025388469558,1.0002698,0.9996,0.9997
2025-09-25 05:00:00+00:00,0.0,0.0,1.0000680919939875,1.0003404492676853,0.9996,0.9997
2025-09-25 06:00:00+00:00,0.0,0.0,1.0001141876009103,1.000363917341723,0.9996,0.9997
2025-09-25 07:00:00+00:00,0.0,0.0,1.0001651003573049,1.0004618174154003,0.9996,0.9997
2025-09-25 08:00:00+00:00,0.0,0.0,1.000031180890909,1.0004540319547677,0.9996,0.9998
2025-09-25 09:00:00+00:00,0.0,0.0,1.0001666799513846,1.0003757336593189,0.9997,0.9998
2025-09-25 10:00:00+00:00,0.0,0.0,1.0001767096774197,1.0004274381310652,0.9997,0.9998
2025-09-25 11:00:00+00:00,0.0,0.0,1.0002299114583333,1.0004611564519703,0.9997,0.9998
2025-09-25 12:00:00+00:00,0.0,0.0,1.0002474770642202,1.00059081706106,0.9997,0.9998
2025-09-25 13:00:00+00:00,0.0,0.0,1.000385950017815,1.00065205696033,0.9997,0.9998
2025-09-25 14:00:00+00:00,0.0,0.0,1.00039506068081,1.000782339660513,0.9996,0.9998
2025-09-25 15:00:00+00:00,4396429.150112932,0.0,1.0005780343942938,1.007555531718377,0.9997,0.9998
2025-09-25 16:00:00+00:00,0.0,0.0,1.0005174222222222,1.0008402116938655,0.9997,0.9998
2025-09-25 17:00:00+00:00,0.0,0.0,1.0004475186670936,1.000793535724233,0.9997,0.9998
2025-09-25 18:00:00+00:00,0.0,0.0,1.000354700726702,1.0007176802044906,0.9997,0.9998
2025-09-25 19:00:00+00:00,0.0,0.0,1.000302075309261,1.0005850463639632,0.9997,0.9998
2025-09-25 20:00:00+00:00,0.0,0.0,1.00031568872867,1.0005414052725836,0.9997,0.9998
2025-09-25 21:00:00+00:00,0.0,0.0,1.0001968733739113,1.000603243190201,0.9997,0.9998
2025-09-25 22:00:00+00:00,0.0,0.0,1.0004017077170368,1.0006682455161178,0.9997,0.9998
2025-09-25 23:00:00+00:00,0.0,0.0,1.0004539686475076,1.0006594345673798,0.9997,0.9998
2025-09-26 00:00:00+00:00,0.0,0.0,1.0004558,1.0006830561539934,0.9997,0.9998
2025-09-26 01:00:00+00:00,0.0,0.0,1.000476995090797,1.0009750195644809,0.9997,0.9998
2025-09-26 02:00:00+00:00,0.0,0.0,1.000619437569061,1.0008514315316153,0.9997,0.9998
2025-09-26 03:00:00+00:00,0.0,0.0,1.0006032473505035,1.0008413026097756,0.9997,0.9998
2025-09-26 04:00:00+00:00,0.0,0.0,1.0005417239944856,1.0008075469829112,0.9997,0.9998
2025-09-26 05:00:00+00:00,0.0,0.0,1.0005433796024243,1.00089680701374,0.9997,0.9998
2025-09-26 06:00:00+00:00,0.0,0.0,1.0005883762077472,1.0008096550109038,0.9997,0.9998
2025-09-26 07:00:00+00:00,0.0,0.0,1.0006059933407323,1.0009942019603972,0.9997,0.9998
2025-09-26 08:00:00+00:00,472667.3502075161,0.0,1.000756677,1.0011215358100447,0.9996,0.9998
2025-09-26 09:00:00+00:00,306822.15042805177,0.0,1.0007550909182736,1.0010255557889085,0.9996,0.9997
2025-09-26 10:00:00+00:00,253740.87119720623,0.0,1.000712019858128,1.0010335713063274,0.9996,0.9997
2025-09-26 11:00:00+00:00,0.0,0.0,1.0006522219537055,1.0009131910377356,0.9996,0.9997
2025-09-26 12:00:00+00:00,0.0,0.0,1.000626035,1.0009057971014492,0.9996,0.9997
2025-09-26 13:00:00+00:00,0.0,0.0,1.0006093821223812,1.0008384848854768,0.9996,0.9997
2025-09-26 14:00:00+00:00,0.0003120129870129,0.0,1.0005313130040323,1.0064935064935066,0.9996,0.9997
2025-09-26 15:00:00+00:00,0.0,0.0,1.0004927152117231,1.0007254675109314,0.9996,0.9998
2025-09-26 16:00:00+00:00,0.0,0.0,1.0005254550652896,1.0007622923206831,0.9997,0.9998
2025-09-26 17:00:00+00:00,0.0,0.0,1.0005618859945051,1.0008601707804543,0.9997,0.9998
2025-09-26 18:00:00+00:00,0.0,0.0,1.0006546870925686,1.0008991978761417,0.9997,0.9998
2025-09-26 19:00:00+00:00,0.0,0.0,1.0006330496264464,1.000858632480818,0.9997,0.9998
2025-09-26 20:00:00+00:00,0.0,0.0,1.0006526579425277,1.0008687900954336,0.9997,0.9998
2025-09-26 21:00:00+00:00,0.0,0.0,1.000658842857143,1.0008753637622747,0.9997,0.9998
2025-09-26 22:00:00+00:00,0.0,0.0,1.0006598181818185,1.0008892047602789,0.9997,0.9998
2025-09-26 23:00:00+00:00,0.0,0.0,1.0006789136086849,1.000887842688294,0.9997,0.9998
2025-09-27 00:00:00+00:00,0.0,0.0,1.0006785035416863,1.00089292448543,0.9997,0.9998
2025-09-27 01:00:00+00:00,0.0,0.0,1.0006775555235763,1.0008864561548458,0.9997,0.9998
2025-09-27 02:00:00+00:00,0.0,0.0,1.0006443817962145,1.000883547657918,0.9997,0.9998
2025-09-27 03:00:00+00:00,0.0,0.0,1.0006530254690065,1.000864781994346,0.9997,0.9998
2025-09-27 04:00:00+00:00,0.0,0.0,1.0006703992564674,1.0008748402918022,0.9997,0.9998
2025-09-27 05:00:00+00:00,0.0,0.0,1.000579997469102,1.0008522306990708,0.9997,0.9998
2025-09-27 06:00:00+00:00,0.0,0.0,1.0005880675905758,1.0007977532447214,0.9997,0.9998
2025-09-27 07:00:00+00:00,0.0,0.0,1.0005959839374052,1.0008036528580846,0.9997,0.9998
2025-09-27 08:00:00+00:00,0.0,0.0,1.0005905957176302,1.000820362933006,0.9997,0.9998
2025-09-27 09:00:00+00:00,0.0,0.0,1.0005510356207743,1.0008926390120267,0.9997,0.9998
2025-09-27 10:00:00+00:00,0.0,0.0,1.000580181338449,1.0008385731899148,0.9997,0.9998
2025-09-27 11:00:00+00:00,0.0,0.0,1.0005705983446462,1.000789166292345,0.9997,0.9998
2025-09-27 12:00:00+00:00,0.0,0.0,1.000577,1.000831496339907,0.9995,0.9998
2025-09-27 13:00:00+00:00,0.0,0.0,1.000565923076923,1.000789355809499,0.9995,0.9996
2025-09-27 14:00:00+00:00,0.0,0.0,1.000562,1.0007698145385715,0.9995,0.9996
2025-09-27 15:00:00+00:00,0.0,0.0,1.000574804264244,1.000779740611384,0.9995,0.9996
2025-09-27 16:00:00+00:00,0.0,0.0,1.0005249924945476,1.0007806938674912,0.9995,0.9996
2025-09-27 17:00:00+00:00,0.0,0.0,1.000444,1.000726823268708,0.9995,0.9996
2025-09-27 18:00:00+00:00,0.0,0.0,1.0004478931931915,1.000660121220556,0.9995,0.9996
2025-09-27 19:00:00+00:00,0.0,0.0,1.0004744285714284,1.0006854831892038,0.9995,0.9996
2025-09-27 20:00:00+00:00,0.0,0.0,1.000485196423484,1.0006900021753895,0.9995,0.9996
2025-09-27 21:00:00+00:00,0.0,0.0,1.0004905108261055,1.0006923400802996,0.9995,0.9996
2025-09-27 22:00:00+00:00,0.0,0.0,1.0004869460776071,1.0007042669568234,0.9995,0.9997
2025-09-27 23:00:00+00:00,0.0,0.0,1.000503920704941,1.000708796827069,0.9996,0.9997
2025-09-28 00:00:00+00:00,0.0,0.0,1.0005051841731092,1.0007077231264914,0.9996,0.9997
2025-09-28 01:00:00+00:00,0.0,0.0,1.00050761803955,1.0007117878174523,0.9996,0.9997
2025-09-28 02:00:00+00:00,0.0,0.0,1.0005053525505525,1.0007132495756847,0.9996,0.9997
2025-09-28 03:00:00+00:00,0.0,0.0,1.0005055321127854,1.000729532558768,0.9996,0.9998
2025-09-28 04:00:00+00:00,0.0,0.0,1.0005137907043609,1.00071530574803,0.9997,0.9998
2025-09-28 05:00:00+00:00,0.0,0.0,1.000514545563116,1.0007159344997618,0.9997,0.9998
2025-09-28 06:00:00+00:00,0.0,0.0,1.000512,1.000722857370928,0.9997,0.9998
2025-09-28 07:00:00+00:00,0.0,0.0,1.000496195831955,1.0007132369157568,0.9997,0.9998
2025-09-28 08:00:00+00:00,0.0,0.0,1.0005052442533904,1.000713500346906,0.9997,0.9998
2025-09-28 09:00:00+00:00,0.0,0.0,1.0004959109311742,1.0007180765859782,0.9997,0.9998
2025-09-28 10:00:00+00:00,0.0,0.0,1.000491221743091,1.0006989850155088,0.9997,0.9998
2025-09-28 11:00:00+00:00,0.0,0.0,1.000493058863899,1.000696934698273,0.9997,0.9998
2025-09-28 12:00:00+00:00,0.0,0.0,1.0004576226101414,1.0006962955137162,0.9997,0.9998
2025-09-28 13:00:00+00:00,0.0,0.0,1.0003486190701183,1.000658293826122,0.9997,0.9999
2025-09-28 14:00:00+00:00,0.0,0.0,1.0003941777078147,1.0005981881841275,0.9998,0.9999
2025-09-28 15:00:00+00:00,0.0,0.0,1.0003598876270972,1.0005963809771086,0.9998,0.9999
2025-09-28 16:00:00+00:00,0.0,0.0,1.0003603268587242,1.000567156690813,0.9998,0.9999
2025-09-28 17:00:00+00:00,0.0,0.0,1.0003594545454546,1.0005640001362686,0.9998,0.9999
2025-09-28 18:00:00+00:00,0.0,0.0,1.0003614570164785,1.0005640408736272,0.9998,0.9999
2025-09-28 19:00:00+00:00,0.0,0.0,1.0003635449052228,1.000587282967309,0.9998,0.9999
2025-09-28 20:00:00+00:00,0.0,0.0,1.0003788609320228,1.000587644089448,0.9998,0.9999
2025-09-28 21:00:00+00:00,0.0,0.0,1.0003775840952007,1.000579750831194,0.9998,0.9999
2025-09-28 22:00:00+00:00,0.0,0.0,1.0003729138334905,1.0006122101848312,0.9998,0.9999
2025-09-28 23:00:00+00:00,0.0,0.0,1.0004116371136471,1.0006241493534092,0.9998,0.9999
2025-09-29 00:00:00+00:00,0.0,0.0,1.0004988670460329,1.0007115842762502,0.9998,0.9999
2025-09-29 01:00:00+00:00,0.0,0.0,1.0004958768768768,1.000707478929162,0.9998,0.9999
2025-09-29 02:00:00+00:00,0.0,0.0,1.000483988012888,1.000700578099806,0.9998,0.9999
2025-09-29 03:00:00+00:00,0.0,0.0,1.000480225176307,1.0007008313238666,0.9998,0.9999
2025-09-29 04:00:00+00:00,0.0,0.0,1.0004742064971048,1.0006924702755324,0.9998,0.9999
2025-09-29 05:00:00+00:00,0.00284900316567,0.0,1.0004683812594828,1.0010552233556105,0.9998,0.9999
2025-09-29 06:00:00+00:00,0.0,0.0,1.0004549219551344,1.0006709261441975,0.9998,0.9999
2025-09-29 07:00:00+00:00,0.0,0.0,1.0004253802514933,1.0006691419739606,0.9998,0.9999
2025-09-29 08:00:00+00:00,0.0,0.0,1.0003900222143087,1.0006303971502046,0.9998,0.9999
2025-09-29 09:00:00+00:00,0.0,0.0,1.00035008,1.0005929004922285,0.9998,0.9999
2025-09-29 10:00:00+00:00,0.0,0.0,1.000346045816733,1.0005524812169018,0.9997,0.9999
2025-09-29 11:00:00+00:00,0.0,0.0,1.00034485392817,1.0005474482914871,0.9997,0.9998
2025-09-29 12:00:00+00:00,0.0,0.0,1.0003208446,1.0005953023608083,0.9995,0.9998
2025-09-29 13:00:00+00:00,0.0,0.0,1.0003652040781992,1.0005945484859318,0.9995,0.9996
2025-09-29 14:00:00+00:00,0.0,0.0,1.0003704160626468,1.00069052649781,0.9995,0.9996
2025-09-29 15:00:00+00:00,0.0,0.0,1.0004773777065474,1.0007122680255276,0.9995,0.9996
2025-09-29 16:00:00+00:00,0.0,0.0,1.0005189107810448,1.0007723002909734,0.9995,0.9996
2025-09-29 17:00:00+00:00,0.0,0.0,1.0005321381381382,1.0008355942109457,0.9995,0.9996
2025-09-29 18:00:00+00:00,0.0,0.0,1.000606076530299,1.0008258090862348,0.9995,0.9996
2025-09-29 19:00:00+00:00,0.0,0.0,1.0005988790807627,1.0008139953829114,0.9995,0.9996
2025-09-29 20:00:00+00:00,0.0,0.0,1.000595679807958,1.0007990607703428,0.9995,0.9996
2025-09-29 21:00:00+00:00,0.0,0.0,1.00059800990099,1.0008267930219834,0.9995,0.9996
2025-09-29 22:00:00+00:00,0.0,0.0,1.00062664,1.0008408338074664,0.9995,0.9996
2025-09-29 23:00:00+00:00,0.0,0.0,1.000640595087446,1.0008473944692482,0.9995,0.9995
2025-09-30 00:00:00+00:00,181261.21391083408,0.0,1.0006472921236291,1.0010280837373242,0.9995,0.9996
2025-09-30 01:00:00+00:00,0.0,0.0,1.0007579770103767,1.0009775378487396,0.9995,0.9996
2025-09-30 02:00:00+00:00,0.0,0.0,1.000695217424448,1.000962285102406,0.9995,0.9996
2025-09-30 03:00:00+00:00,4717117.743761944,0.0,1.0006982669216429,1.0109618236310576,0.9995,0.9996
2025-09-30 04:00:00+00:00,0.0,0.0,1.000696113846154,1.000920895350666,0.9995,0.9996
2025-09-30 05:00:00+00:00,1790772.3946939,0.0,1.0006928764697811,1.0010028207853066,0.9995,0.9996
2025-09-30 06:00:00+00:00,0.0,0.0,1.0006271633466135,1.000894913823482,0.9995,0.9996
2025-09-30 07:00:00+00:00,0.0,0.0,1.0005754874415589,1.0008375267033345,0.9995,0.9996
2025-09-30 08:00:00+00:00,0.0,0.0,1.0005579054497291,1.0007964671884708,0.9995,0.9999
2025-09-30 09:00:00+00:00,0.0,0.0,1.0005949642053895,1.0008105281515831,0.9997,0.9998
2025-09-30 10:00:00+00:00,0.0,0.0,1.0006027488653555,1.0008326109118186,0.9997,0.9998
2025-09-30 11:00:00+00:00,0.0,0.0,1.0005659124657824,1.0008040448149629,0.9997,0.9998
2025-09-30 12:00:00+00:00,0.0,0.0,1.000568106,1.0007868067343684,0.9997,0.9998
2025-09-30 13:00:00+00:00,0.0,0.0,1.0005719790270913,1.0007760450800398,0.9997,0.9998
2025-09-30 14:00:00+00:00,0.0,0.0,1.000439600219216,1.000777517839285,0.9997,0.9998
2025-09-30 15:00:00+00:00,0.0,0.0,1.000319506676509,1.000660623600345,0.9997,0.9998
2025-09-30 16:00:00+00:00,0.0,0.0,1.0001561652700075,1.000570980799803,0.9997,0.9998
2025-09-30 17:00:00+00:00,0.0,0.0,1.000164585932911,1.0004028438379329,0.9997,0.9999
2025-09-30 18:00:00+00:00,0.0,0.0,1.0001831546033684,1.0004036368468214,0.9998,0.9999
2025-09-30 19:00:00+00:00,0.0,0.0,1.0001912903225807,1.000439591283297,0.9998,0.9999
2025-09-30 20:00:00+00:00,0.0,0.0,1.0002306920762287,1.000439960562954,0.9998,0.9999
2025-09-30 21:00:00+00:00,0.0,0.0,1.0002380331208989,1.0004446405576577,0.9998,0.9999
2025-09-30 22:00:00+00:00,0.0,0.0,1.0002465570416257,1.0004484710597636,0.9998,0.9999
2025-09-30 23:00:00+00:00,0.0,0.0,1.0002479000371578,1.000468928920222,0.9998,0.9999
