time,uniswap_min_price,uniswap_max_price,uniswap_volume,out_of_band_value
2025-09-30 23:00:00.000 UTC,1.0002479000371578,1.000468928920222,535495.5930466473,
2025-09-30 22:00:00.000 UTC,1.0002465570416255,1.0004484710597636,248523.1525942009,
2025-09-30 21:00:00.000 UTC,1.0002380331208989,1.0004446405576575,230433.29753049446,
2025-09-30 20:00:00.000 UTC,1.0002306920762287,1.000439960562954,222505.17248940963,
2025-09-30 19:00:00.000 UTC,1.0001912903225807,1.000439591283297,1221472.1866126992,
2025-09-30 18:00:00.000 UTC,1.0001831546033684,1.0004036368468214,871455.5669864626,
2025-09-30 17:00:00.000 UTC,1.0001645859329107,1.0004028438379329,7225111.712954333,
2025-09-30 16:00:00.000 UTC,1.0001561652700075,1.0005709807998027,6728628.538528765,
2025-09-30 15:00:00.000 UTC,1.000319506676509,1.000660623600345,3781791.396188743,
2025-09-30 14:00:00.000 UTC,1.000439600219216,1.000777517839285,1998524.3096556808,
2025-09-30 13:00:00.000 UTC,1.0005719790270913,1.0007760450800398,246175.75453262968,
2025-09-30 12:00:00.000 UTC,1.000568106,1.0007868067343684,543000.6756004334,
2025-09-30 11:00:00.000 UTC,1.0005659124657824,1.0008040448149629,640184.7160349186,
2025-09-30 10:00:00.000 UTC,1.0006027488653555,1.0008326109118186,1525547.2128879284,
2025-09-30 09:00:00.000 UTC,1.0005949642053895,1.0008105281515831,1015470.0503879508,
2025-09-30 08:00:00.000 UTC,1.0005579054497291,1.0007964671884708,900484.6698023019,
2025-09-30 07:00:00.000 UTC,1.0005754874415587,1.0008375267033343,1210653.7168905246,
2025-09-30 06:00:00.000 UTC,1.0006271633466135,1.000894913823482,1043823.9347653047,
2025-09-30 05:00:00.000 UTC,1.0006928764697813,1.0010028207853066,3681381.9341251384,1790772.3946939
2025-09-30 04:00:00.000 UTC,1.0006961138461539,1.0009208953506659,311301.7295815777,
2025-09-30 03:00:00.000 UTC,1.0006982669216429,1.0109618236310576,4931230.549139641,4717117.743761944
2025-09-30 02:00:00.000 UTC,1.000695217424448,1.000962285102406,896880.3897870983,
2025-09-30 01:00:00.000 UTC,1.0007579770103767,1.0009775378487396,536483.3782978762,
2025-09-30 00:00:00.000 UTC,1.0006472921236291,1.0010280837373242,1932666.330736271,181261.21391083408
2025-09-29 23:00:00.000 UTC,1.000640595087446,1.0008473944692482,146315.52408745332,
2025-09-29 22:00:00.000 UTC,1.00062664,1.0008408338074664,391567.31220050727,
2025-09-29 21:00:00.000 UTC,1.0005980099009901,1.0008267930219834,448250.6062749536,
2025-09-29 20:00:00.000 UTC,1.000595679807958,1.0007990607703428,227722.93673499208,
2025-09-29 19:00:00.000 UTC,1.0005988790807627,1.0008139953829114,400012.619957497,
2025-09-29 18:00:00.000 UTC,1.0006060765302993,1.0008258090862348,480137.0982310821,
2025-09-29 17:00:00.000 UTC,1.0005321381381382,1.0008355942109457,2617977.6432756204,
2025-09-29 16:00:00.000 UTC,1.0005189107810448,1.0007723002909734,1062806.0552958562,
2025-09-29 15:00:00.000 UTC,1.0004773777065474,1.0007122680255276,1579278.4369080176,
2025-09-29 14:00:00.000 UTC,1.0003704160626468,1.0006905264978099,3896470.044004976,
2025-09-29 13:00:00.000 UTC,1.0003652040781992,1.0005945484859318,1709301.8757960307,
2025-09-29 12:00:00.000 UTC,1.0003208446,1.0005953023608083,2897627.147262307,
2025-09-29 11:00:00.000 UTC,1.00034485392817,1.0005474482914871,207601.96912718203,
2025-09-29 10:00:00.000 UTC,1.000346045816733,1.0005524812169018,249804.9345429309,
2025-09-29 09:00:00.000 UTC,1.00035008,1.0005929004922283,1493023.7831631089,
2025-09-29 08:00:00.000 UTC,1.0003900222143087,1.0006303971502046,1051506.6437474072,
2025-09-29 07:00:00.000 UTC,1.0004253802514933,1.0006691419739606,877474.0360242118,
2025-09-29 06:00:00.000 UTC,1.0004549219551344,1.0006709261441975,698810.8495253035,
2025-09-29 05:00:00.000 UTC,1.0004683812594828,1.0010552233556103,191075.10146671804,0.0028490031656700668
2025-09-29 04:00:00.000 UTC,1.0004742064971048,1.0006924702755324,336572.4080885048,
2025-09-29 03:00:00.000 UTC,1.000480225176307,1.0007008313238666,990408.6252812335,
2025-09-29 02:00:00.000 UTC,1.000483988012888,1.000700578099806,340320.561441446,
2025-09-29 01:00:00.000 UTC,1.0004958768768768,1.000707478929162,341949.379883896,
2025-09-29 00:00:00.000 UTC,1.0004988670460329,1.0007115842762502,1863997.295907052,
2025-09-28 23:00:00.000 UTC,1.0004116371136471,1.0006241493534092,290377.3039761192,
2025-09-28 22:00:00.000 UTC,1.0003729138334903,1.0006122101848312,871191.5278062742,
2025-09-28 21:00:00.000 UTC,1.0003775840952007,1.000579750831194,74843.35466344244,
2025-09-28 20:00:00.000 UTC,1.0003788609320228,1.0005876440894481,206714.47766654604,
2025-09-28 19:00:00.000 UTC,1.0003635449052228,1.000587282967309,492243.28662655724,
2025-09-28 18:00:00.000 UTC,1.0003614570164783,1.0005640408736272,54608.18953857603,
2025-09-28 17:00:00.000 UTC,1.0003594545454546,1.0005640001362686,141291.25394761108,
2025-09-28 16:00:00.000 UTC,1.0003603268587242,1.000567156690813,250815.2962211923,
2025-09-28 15:00:00.000 UTC,1.0003598876270972,1.0005963809771086,730212.3003984323,
2025-09-28 14:00:00.000 UTC,1.0003941777078147,1.0005981881841277,114388.34136989604,
2025-09-28 13:00:00.000 UTC,1.0003486190701185,1.000658293826122,4011907.06245926,
2025-09-28 12:00:00.000 UTC,1.0004576226101414,1.0006962955137162,779686.2048470216,
2025-09-28 11:00:00.000 UTC,1.000493058863899,1.000696934698273,51170.706722560295,
2025-09-28 10:00:00.000 UTC,1.000491221743091,1.0006989850155088,60332.66206172153,
2025-09-28 09:00:00.000 UTC,1.0004959109311742,1.0007180765859782,600337.2626639669,
2025-09-28 08:00:00.000 UTC,1.0005052442533904,1.0007135003469059,161532.49863520754,
2025-09-28 07:00:00.000 UTC,1.000496195831955,1.0007132369157568,465917.45903451566,
2025-09-28 06:00:00.000 UTC,1.000512,1.000722857370928,162303.81624843803,
2025-09-28 05:00:00.000 UTC,1.000514545563116,1.0007159344997618,57406.63240675786,
2025-09-28 04:00:00.000 UTC,1.0005137907043609,1.00071530574803,27173.70898819817,
2025-09-28 03:00:00.000 UTC,1.0005055321127854,1.000729532558768,129833.8153639659,
2025-09-28 02:00:00.000 UTC,1.0005053525505525,1.0007132495756847,180009.75397060544,
2025-09-28 01:00:00.000 UTC,1.00050761803955,1.0007117878174523,117075.11227870353,
2025-09-28 00:00:00.000 UTC,1.0005051841731092,1.0007077231264914,78763.2050883877,
2025-09-27 23:00:00.000 UTC,1.000503920704941,1.000708796827069,34592.3489362539,
2025-09-27 22:00:00.000 UTC,1.0004869460776071,1.0007042669568234,666355.0434790488,
2025-09-27 21:00:00.000 UTC,1.0004905108261057,1.0006923400802996,85619.62818641303,
2025-09-27 20:00:00.000 UTC,1.000485196423484,1.0006900021753897,109129.80186450251,
2025-09-27 19:00:00.000 UTC,1.0004744285714284,1.0006854831892038,453442.48136806145,
2025-09-27 18:00:00.000 UTC,1.0004478931931917,1.0006601212205561,230798.1059624086,
2025-09-27 17:00:00.000 UTC,1.000444,1.000726823268708,1045059.9012437849,
2025-09-27 16:00:00.000 UTC,1.0005249924945476,1.0007806938674912,983353.9844162378,
2025-09-27 15:00:00.000 UTC,1.000574804264244,1.000779740611384,356650.8025409437,
2025-09-27 14:00:00.000 UTC,1.000562,1.0007698145385715,316546.36551788554,
2025-09-27 13:00:00.000 UTC,1.000565923076923,1.000789355809499,639242.0576930182,
2025-09-27 12:00:00.000 UTC,1.000577,1.000831496339907,1609981.7680479817,
2025-09-27 11:00:00.000 UTC,1.0005705983446462,1.000789166292345,674034.089109763,
2025-09-27 10:00:00.000 UTC,1.000580181338449,1.0008385731899148,2159423.700279667,
2025-09-27 09:00:00.000 UTC,1.0005510356207743,1.0008926390120267,4038026.1884632027,
2025-09-27 08:00:00.000 UTC,1.0005905957176302,1.0008203629330061,669392.9446680187,
2025-09-27 07:00:00.000 UTC,1.0005959839374052,1.0008036528580846,120666.22533005643,
2025-09-27 06:00:00.000 UTC,1.0005880675905758,1.0007977532447214,183089.7769445821,
2025-09-27 05:00:00.000 UTC,1.0005799974691019,1.0008522306990708,1436115.132023469,
2025-09-27 04:00:00.000 UTC,1.0006703992564674,1.0008748402918022,241201.29891224374,
2025-09-27 03:00:00.000 UTC,1.0006530254690065,1.0008647819943461,385921.581476876,
2025-09-27 02:00:00.000 UTC,1.0006443817962143,1.000883547657918,585275.131194059,
2025-09-27 01:00:00.000 UTC,1.0006775555235765,1.0008864561548458,454853.93862762226,
2025-09-27 00:00:00.000 UTC,1.0006785035416863,1.00089292448543,474385.84757307754,
2025-09-26 23:00:00.000 UTC,1.0006789136086847,1.0008878426882941,166666.32937800136,
2025-09-26 22:00:00.000 UTC,1.0006598181818183,1.0008892047602789,881919.4835147616,
2025-09-26 21:00:00.000 UTC,1.000658842857143,1.0008753637622747,379415.05576763075,
2025-09-26 20:00:00.000 UTC,1.0006526579425277,1.0008687900954336,367249.9109554709,
2025-09-26 19:00:00.000 UTC,1.0006330496264464,1.000858632480818,872745.5634577692,
2025-09-26 18:00:00.000 UTC,1.0006546870925686,1.0008991978761417,1670593.7497086588,
2025-09-26 17:00:00.000 UTC,1.0005618859945051,1.0008601707804543,1591805.19347912,
2025-09-26 16:00:00.000 UTC,1.0005254550652896,1.0007622923206831,721043.9751719142,
2025-09-26 15:00:00.000 UTC,1.0004927152117231,1.0007254675109314,2104947.820146819,
2025-09-26 14:00:00.000 UTC,1.0005313130040323,1.0064935064935066,1274940.2116301018,0.00031201298701298704
2025-09-26 13:00:00.000 UTC,1.0006093821223812,1.0008384848854768,793008.404316595,
2025-09-26 12:00:00.000 UTC,1.000626035,1.0009057971014492,642950.0492347203,
2025-09-26 11:00:00.000 UTC,1.0006522219537055,1.0009131910377356,1136878.44467359,
2025-09-26 10:00:00.000 UTC,1.000712019858128,1.0010335713063274,2401955.6001247177,253740.87119720626
2025-09-26 09:00:00.000 UTC,1.0007550909182736,1.0010255557889083,1266052.9355860045,306822.15042805177
2025-09-26 08:00:00.000 UTC,1.000756677,1.0011215358100447,2242486.9142766134,472667.3502075161
2025-09-26 07:00:00.000 UTC,1.0006059933407325,1.0009942019603972,2573905.3528270535,
2025-09-26 06:00:00.000 UTC,1.0005883762077472,1.0008096550109038,625279.8377815232,
2025-09-26 05:00:00.000 UTC,1.0005433796024243,1.00089680701374,6103420.146356919,
2025-09-26 04:00:00.000 UTC,1.0005417239944856,1.0008075469829112,1580825.8169368901,
2025-09-26 03:00:00.000 UTC,1.0006032473505035,1.0008413026097756,1359130.3232925,
2025-09-26 02:00:00.000 UTC,1.000619437569061,1.0008514315316153,2928131.471309452,
2025-09-26 01:00:00.000 UTC,1.000476995090797,1.0009750195644807,4671510.776876636,
2025-09-26 00:00:00.000 UTC,1.0004558,1.0006830561539934,760021.3897405341,
2025-09-25 23:00:00.000 UTC,1.0004539686475076,1.0006594345673798,415110.36299520417,
2025-09-25 22:00:00.000 UTC,1.0004017077170368,1.0006682455161178,1467303.2379983936,
2025-09-25 21:00:00.000 UTC,1.0001968733739113,1.000603243190201,5501950.583465854,
2025-09-25 20:00:00.000 UTC,1.00031568872867,1.0005414052725836,770456.1388694135,
2025-09-25 19:00:00.000 UTC,1.000302075309261,1.0005850463639632,2610845.2781449677,
2025-09-25 18:00:00.000 UTC,1.000354700726702,1.0007176802044906,4354886.07851585,
2025-09-25 17:00:00.000 UTC,1.0004475186670936,1.000793535724233,13854806.091509907,
2025-09-25 16:00:00.000 UTC,1.0005174222222222,1.0008402116938655,4410694.93356848,
2025-09-25 15:00:00.000 UTC,1.0005780343942938,1.007555531718377,4664090.411341817,4396429.150112932
2025-09-25 14:00:00.000 UTC,1.0003950606808099,1.0007823396605133,3589682.440874934,
2025-09-25 13:00:00.000 UTC,1.000385950017815,1.0006520569603299,2378262.8546517994,
2025-09-25 12:00:00.000 UTC,1.0002474770642202,1.00059081706106,2988884.856805989,
2025-09-25 11:00:00.000 UTC,1.0002299114583333,1.0004611564519703,1573273.0345247032,
2025-09-25 10:00:00.000 UTC,1.0001767096774195,1.0004274381310652,1193742.8353301068,
2025-09-25 09:00:00.000 UTC,1.0001666799513846,1.0003757336593189,446322.96132329485,
2025-09-25 08:00:00.000 UTC,1.000031180890909,1.0004540319547677,6967957.431533077,
2025-09-25 07:00:00.000 UTC,1.0001651003573047,1.0004618174154003,1981370.8168627385,
2025-09-25 06:00:00.000 UTC,1.0001141876009105,1.000363917341723,1288455.0086739494,
2025-09-25 05:00:00.000 UTC,1.0000680919939875,1.0003404492676853,2510953.0829931367,
2025-09-25 04:00:00.000 UTC,1.000025388469558,1.0002697999999999,3212002.733182175,
2025-09-25 03:00:00.000 UTC,1.0000242890328261,1.0003804420320903,3838467.5977797797,
2025-09-25 02:00:00.000 UTC,1.000205875,1.000462107047937,2386271.0204990203,
2025-09-25 01:00:00.000 UTC,1.0001940475901716,1.0005294966155487,5097788.908264956,
2025-09-25 00:00:00.000 UTC,1.000326116751269,1.0006309082210243,2114857.2303302004,
2025-09-24 23:00:00.000 UTC,1.0004304314027017,1.0006323262783166,42301.20085531638,
2025-09-24 22:00:00.000 UTC,1.0004270357899012,1.0006346066728322,413212.9801812855,
2025-09-24 21:00:00.000 UTC,1.0004326886726194,1.0006442247583416,389603.5018613752,
2025-09-24 20:00:00.000 UTC,1.000429840267473,1.0006395676638553,326825.07315549813,
2025-09-24 19:00:00.000 UTC,1.0004264407709142,1.0006724949562877,630499.942045725,
2025-09-24 18:00:00.000 UTC,1.0004530640322444,1.0006587541101752,250547.78686739923,
2025-09-24 17:00:00.000 UTC,1.0004501272111543,1.0006574684798362,226045.369864941,
2025-09-24 16:00:00.000 UTC,1.000345940044258,1.0006551249445048,2065743.1607688274,
2025-09-24 15:00:00.000 UTC,1.000282231138515,1.000546867107022,1650908.4122709958,
2025-09-24 14:00:00.000 UTC,1.0002688195353757,1.0004824326290138,298026.0848242296,
2025-09-24 13:00:00.000 UTC,1.0002607319117236,1.0004740441881574,360694.0013988809,
2025-09-24 12:00:00.000 UTC,1.00027,1.0008853474988932,153417.02436524467,
2025-09-24 11:00:00.000 UTC,1.0002678191282375,1.0004751657912183,300044.46934202133,
2025-09-24 10:00:00.000 UTC,1.0002409372694343,1.0004758096559856,1021138.7240110711,
2025-09-24 09:00:00.000 UTC,1.0002392544330685,1.0004504287115719,423696.02540068375,
2025-09-24 08:00:00.000 UTC,1.0002457113060963,1.0004483957136336,100798.45088569079,
2025-09-24 07:00:00.000 UTC,1.0002453474699693,1.0004683430077146,586819.5265710464,
2025-09-24 06:00:00.000 UTC,1.0002420106868404,1.0004662212470756,1138826.9702205437,
2025-09-24 05:00:00.000 UTC,1.0002994990910399,1.000545248165615,966196.9718082885,
2025-09-24 04:00:00.000 UTC,1.00034169876259,1.0005988561473245,1602847.2580107094,
2025-09-24 03:00:00.000 UTC,1.000359033396149,1.000631637362883,2256160.559225832,
2025-09-24 02:00:00.000 UTC,1.0003357050814417,1.0005602416018844,586962.7202246021,
2025-09-24 01:00:00.000 UTC,1.0003121,1.0005359142307648,601592.6630616375,
2025-09-24 00:00:00.000 UTC,1.0003105133716017,1.0005144135436492,136011.22367676214,
2025-09-23 23:00:00.000 UTC,1.0003039073333333,1.0005241905760365,221429.14932402055,
2025-09-23 22:00:00.000 UTC,1.0002995441435194,1.0005042945221618,369832.6928128583,
2025-09-23 21:00:00.000 UTC,1.0003123333333332,1.000548301428633,831868.0452009295,
2025-09-23 20:00:00.000 UTC,1.000344663563135,1.0005474247271022,131187.07926899713,
2025-09-23 19:00:00.000 UTC,1.0003395373903363,1.0005711462128595,1113966.0250247521,
2025-09-23 18:00:00.000 UTC,1.000386224654007,1.0006378577030945,1095301.2294444644,
2025-09-23 17:00:00.000 UTC,0.9989909182643795,1.0007591977083081,1640244.9697865215,0.001978002018163471
2025-09-23 16:00:00.000 UTC,0.9523809523809526,1.0007774501129763,382625.467550064,0.000019047619047619053
2025-09-23 15:00:00.000 UTC,1.0005447168882833,1.00077664579273,763398.9134486811,
2025-09-23 14:00:00.000 UTC,1.0005143285894085,1.0007440854094858,326327.98755193135,
2025-09-23 13:00:00.000 UTC,1.0004880982467288,1.000894719700748,3537785.7566224122,
2025-09-23 12:00:00.000 UTC,1.000691106807398,1.00109649122807,779245.5883978629,0.0036560043859649115
2025-09-23 11:00:00.000 UTC,1.0006117547612123,1.0009590533057762,1628158.909020274,
2025-09-23 10:00:00.000 UTC,1.0006035,1.0008183017221175,532902.2252869571,
2025-09-23 09:00:00.000 UTC,1.0006169632109423,1.0008348206475908,428581.6651342242,
2025-09-23 08:00:00.000 UTC,1.0005663710476547,1.0008386596556422,1594140.8144868996,
2025-09-23 07:00:00.000 UTC,1.0005960181819404,1.000838503039822,693871.9763132583,
2025-09-23 06:00:00.000 UTC,1.0006073970444445,1.0534244408764977,7864852.0640138695,7221164.559557116
2025-09-23 05:00:00.000 UTC,1.0006468287878196,1.0009457584792687,2344480.2410319196,
2025-09-23 04:00:00.000 UTC,0,1.0060851814717393,8019248.080741822,6662566.139296444
2025-09-23 03:00:00.000 UTC,1.000802967992859,1.0040457937671454,10256432.627141181,8650709.436614498
2025-09-23 02:00:00.000 UTC,1.0007492942938276,1.001125027059512,1060310.3409137025,400210.0252131566
2025-09-23 01:00:00.000 UTC,1.0007566482175096,1.0009791842574676,298406.6308362889,
2025-09-23 00:00:00.000 UTC,1.0007571754614877,1.0009809613421152,201613.56662428644,
2025-09-22 23:00:00.000 UTC,1.0007169333333332,1.0059523024366015,3932956.0646315916,3511179.0186637677
2025-09-22 22:00:00.000 UTC,1.0006890612862547,1.0009436285613664,800794.486358122,
2025-09-22 21:00:00.000 UTC,1.0006857576638624,1.0009216030734214,495265.7102993082,
2025-09-22 20:00:00.000 UTC,1.0007026390027818,1.005915069753912,5823072.054034254,4229027.795786073
2025-09-22 19:00:00.000 UTC,1.000708266052236,1.0009948232080605,2180289.088223737,
2025-09-22 18:00:00.000 UTC,1.000692839243063,1.0009099732686606,242045.4217367946,
2025-09-22 17:00:00.000 UTC,1.0007069807852966,1.000948552003713,779793.6673495584,
2025-09-22 16:00:00.000 UTC,1.0007024675193876,1.000932709718054,535128.1989739521,
2025-09-22 15:00:00.000 UTC,1.0007058593870475,1.0009493752107859,542845.473190075,
2025-09-22 14:00:00.000 UTC,1.0007346884743584,1.0009605797226513,746801.6617612062,
2025-09-22 13:00:00.000 UTC,0.9989898989898991,1.0009217475851593,471016.59482833074,0.0009880010101010104
2025-09-22 12:00:00.000 UTC,1.000681013630766,1.000898248906263,484656.25900109566,
2025-09-22 11:00:00.000 UTC,1.000666746,1.0008888978886121,554460.5877347109,
2025-09-22 10:00:00.000 UTC,1.0006903681290973,1.0009269924477286,816323.5978750036,
2025-09-22 09:00:00.000 UTC,1.000655316,1.005765298990036,7897201.168231235,5422033.497415403
2025-09-22 08:00:00.000 UTC,1.0006595875313782,1.0008733477850866,500852.9348193708,
2025-09-22 07:00:00.000 UTC,1.000578636717758,1.0008765228461538,1390775.7543430843,
2025-09-22 06:00:00.000 UTC,1.0004611834102308,1.0007942204925016,3147629.5787127777,
2025-09-22 05:00:00.000 UTC,1.000464020108381,1.0006683773746208,130730.89005818895,
2025-09-22 04:00:00.000 UTC,1.0004999268460637,1.0009003601440576,1281501.9289870847,
2025-09-22 03:00:00.000 UTC,1.0005286021505375,1.0007501467255902,824578.4276458536,
2025-09-22 02:00:00.000 UTC,1.0005038333333334,1.0007470962264045,1016788.5840567101,
2025-09-22 01:00:00.000 UTC,1.0004524513443334,1.0007293057901585,10557104.198189266,
2025-09-22 00:00:00.000 UTC,1.00053691843441,1.000754662832524,600847.6970038781,
2025-09-21 23:00:00.000 UTC,1.0005534887780358,1.000762945616796,128878.8359212021,
2025-09-21 22:00:00.000 UTC,1.000562747458831,1.0007654186884647,48475.397617931696,
2025-09-21 21:00:00.000 UTC,1.0005662800137165,1.0007665659244922,160681.58855610513,
2025-09-21 20:00:00.000 UTC,1.0005786847521643,1.0007796654243148,32286.321044531822,
2025-09-21 19:00:00.000 UTC,1.0005471780366055,1.0007802002378638,670658.5297082637,
2025-09-21 18:00:00.000 UTC,1.000547182352941,1.000749100925926,81610.04947561861,
2025-09-21 17:00:00.000 UTC,1.0005485308225328,1.000754059141332,107655.89507904918,
2025-09-21 16:00:00.000 UTC,1.0005547270861677,1.0007616333439016,160378.7255976952,
2025-09-21 15:00:00.000 UTC,1.0005639,1.0007660303688053,60692.47858117469,
2025-09-21 14:00:00.000 UTC,1.0005614070623186,1.000766151119583,83997.92020944643,
2025-09-21 13:00:00.000 UTC,1.0005577481448948,1.0007630724304315,84943.22731566234,
2025-09-21 12:00:00.000 UTC,1.000556880817258,1.000767588740564,262085.92679723466,
2025-09-21 11:00:00.000 UTC,1.0004896339833,1.000758314960013,1153661.5519676462,
2025-09-21 10:00:00.000 UTC,1.0004925693385844,1.0007694974512118,1213725.081587982,
2025-09-21 09:00:00.000 UTC,1.0005543956043956,1.00075731442347,50214.18723490638,
2025-09-21 08:00:00.000 UTC,1.0005476956051635,1.000757180766643,123088.9589044354,
2025-09-21 07:00:00.000 UTC,1.000539,1.0007492005296381,155233.0956872264,
2025-09-21 06:00:00.000 UTC,1.00052484,1.0007395676911668,204244.5687607682,
2025-09-21 05:00:00.000 UTC,1.0005079589779007,1.0007251491302067,273563.44968090294,
2025-09-21 04:00:00.000 UTC,1.0005106747744887,1.0007145101602544,50629.389945432675,
2025-09-21 03:00:00.000 UTC,1.0005133635905195,1.000716768078185,55976.832145969754,
2025-09-21 02:00:00.000 UTC,1.000496354053859,1.000715968114622,145486.00703109763,
2025-09-21 01:00:00.000 UTC,1.0005061193814433,1.0007091815624645,61155.215842793375,
2025-09-21 00:00:00.000 UTC,1.0005062263994602,1.000710274023068,90002.47903774066,
2025-09-20 23:00:00.000 UTC,1.0005075589619246,1.0007121634317397,91599.90349280358,
2025-09-20 22:00:00.000 UTC,1.0005089337267872,1.0007129064392921,43097.45796053573,
2025-09-20 21:00:00.000 UTC,1.0004595535077403,1.0007087823152967,819173.7730140818,
2025-09-20 20:00:00.000 UTC,1.000429003021148,1.0007249431215428,3009986.331719799,
2025-09-20 19:00:00.000 UTC,1.0005158381977695,1.0007216193720752,109949.28790771024,
2025-09-20 18:00:00.000 UTC,1.0005137180384704,1.0007218527544128,206742.55459564424,
2025-09-20 17:00:00.000 UTC,1.00050725,1.0007229531444268,228555.69363633526,
2025-09-20 16:00:00.000 UTC,1.0005084804297328,1.0007100087068697,26196.79582229138,
2025-09-20 15:00:00.000 UTC,1.0004958945028501,1.0007098673517163,261996.14964945184,
2025-09-20 14:00:00.000 UTC,1.0004943875631673,1.0007010844564204,332940.6606261543,
2025-09-20 13:00:00.000 UTC,1.0004916955840093,1.0006953671369982,88077.20707810775,
2025-09-20 12:00:00.000 UTC,1.0004861448711717,1.0006924522458849,171021.64273072407,
2025-09-20 11:00:00.000 UTC,1.0004865166666668,1.0007102040318014,654916.2052802908,
2025-09-20 10:00:00.000 UTC,1.0004876902049655,1.0006931742718468,122138.3249874298,
2025-09-20 09:00:00.000 UTC,1.0004878212426764,1.0006996434061257,305340.3950661404,
2025-09-20 08:00:00.000 UTC,1.00049415281114,1.0007318316242966,544608.0002477792,
2025-09-20 07:00:00.000 UTC,1.0005212145493207,1.0007335725993234,196774.28487414523,
2025-09-20 06:00:00.000 UTC,1.0005208412849165,1.0007446958410204,717364.9011005195,
2025-09-20 05:00:00.000 UTC,1.0005558271103043,1.0007873874839517,412170.9304011223,
2025-09-20 04:00:00.000 UTC,1.0005813671818227,1.000787329343336,155150.5434879057,
2025-09-20 03:00:00.000 UTC,1.0005809341849237,1.000783059475393,80002.41401539776,
2025-09-20 02:00:00.000 UTC,1.0005674922494128,1.0007811429079736,225071.09873435195,
2025-09-20 01:00:00.000 UTC,1.0005393646262226,1.0007784657395378,334038.0750837515,
2025-09-20 00:00:00.000 UTC,1.0005408806514806,1.000779591022444,252318.17632401193,
2025-09-19 23:00:00.000 UTC,1.0004865600206538,1.0010116628103674,3731530.243247685,1901650.0905199617
2025-09-19 22:00:00.000 UTC,1.0004951977880685,1.000696406530891,75658.67372701556,
2025-09-19 21:00:00.000 UTC,1.000497489712588,1.0007058827060236,76348.70500670429,
2025-09-19 20:00:00.000 UTC,1.0005009139251204,1.0007066497009287,87020.62935621457,
2025-09-19 19:00:00.000 UTC,1.0004954,1.000716742695997,294878.20310966624,
2025-09-19 18:00:00.000 UTC,1.0004859133333335,1.0007009734741494,393917.5745867216,
2025-09-19 17:00:00.000 UTC,1.0004716597059624,1.0006864285160517,319380.87425477465,
2025-09-19 16:00:00.000 UTC,1.0004596666666667,1.0008269930532583,463224.72258539544,
2025-09-19 15:00:00.000 UTC,1.0004440841991502,1.000668528474214,1198041.4161654557,
2025-09-19 14:00:00.000 UTC,1.0004462666666667,1.0006496815478778,202613.7260219247,
2025-09-19 13:00:00.000 UTC,1.0004351,1.0006488948412027,388535.04212644923,
2025-09-19 12:00:00.000 UTC,1.000432214062853,1.0006388516159592,218844.4064712344,
2025-09-19 11:00:00.000 UTC,1.000430558818231,1.000666370501999,231116.81703489658,
2025-09-19 10:00:00.000 UTC,1.000427846153846,1.0208635655622944,7899698.111890438,7587987.349109275
2025-09-19 09:00:00.000 UTC,1.0004227952953952,1.00063635079673,363011.96973612974,
2025-09-19 08:00:00.000 UTC,1.0004160084183467,1.00062291056609,466378.24895390915,
2025-09-19 07:00:00.000 UTC,1.0003915407854984,1.0097087378640777,1479173.9526354882,0.00021001941747572815
2025-09-19 06:00:00.000 UTC,1.0004403209628887,1.0006534039742028,269950.54223251157,
2025-09-19 05:00:00.000 UTC,1.0004307868316435,1.000641665687514,284031.16490739095,
2025-09-19 04:00:00.000 UTC,1.0004314692823473,1.000704608460521,1260438.8957725153,
2025-09-19 03:00:00.000 UTC,1.0003671745915184,1.0197807234740037,7192311.327635441,5863996.238302405
2025-09-19 02:00:00.000 UTC,1.0004640482142857,1.0006775004979918,262615.1708703876,
2025-09-19 01:00:00.000 UTC,1.0004559157393278,1.0006736522969415,263254.82165918656,
2025-09-19 00:00:00.000 UTC,1.0004712,1.0006763669016159,168984.6190485991,
2025-09-18 23:00:00.000 UTC,1.0004726531430939,1.0006751147224995,142471.50753533634,
2025-09-18 22:00:00.000 UTC,1.000474327790674,1.0006801528193257,139879.2762756528,
2025-09-18 21:00:00.000 UTC,1.00047986240487,1.0006833844693181,89533.2026157302,
2025-09-18 20:00:00.000 UTC,1.0004599638177172,1.0006850148370947,665569.1534935987,
2025-09-18 19:00:00.000 UTC,1.0004606477188365,1.0006751008142516,349385.2616198996,
2025-09-18 18:00:00.000 UTC,1.0004662065225811,1.0006745941898838,221678.66052829215,
2025-09-18 17:00:00.000 UTC,1.0004576121844513,1.0006663964094031,208081.92463031953,
2025-09-18 16:00:00.000 UTC,1.0004473183333333,1.000657651400276,570770.4498204051,
2025-09-18 15:00:00.000 UTC,1.000398261971831,1.0006479160875448,1433435.1629785863,
2025-09-18 14:00:00.000 UTC,1.0003791754012281,1.000617438912896,782663.991133114,
2025-09-18 13:00:00.000 UTC,1.0003346236895363,1.000579356109084,948570.9374676566,
2025-09-18 12:00:00.000 UTC,1.0003346,1.0005374212184348,294033.7279857294,
2025-09-18 11:00:00.000 UTC,1.0003271466919705,1.0005469057571585,996362.1165242065,
2025-09-18 10:00:00.000 UTC,1.0003458329886816,1.000548787524035,271730.04516049323,
2025-09-18 09:00:00.000 UTC,1.000330225318726,1.0005465696067997,353415.01145749656,
2025-09-18 08:00:00.000 UTC,1.0003242340936727,1.000529934586076,164490.68704502872,
2025-09-18 07:00:00.000 UTC,1.000323532692113,1.0006124633480002,2020718.2362693246,
2025-09-18 06:00:00.000 UTC,1.000396148745242,1.0006550463254162,3469020.160490363,
2025-09-18 05:00:00.000 UTC,1.0004033645,1.000628251133606,782974.1959445026,
2025-09-18 04:00:00.000 UTC,1.0004283555784814,1.0006452660998446,340108.2568054363,
2025-09-18 03:00:00.000 UTC,1.0004392387352394,1.052425774232413,10497837.038587838,6757347.726268511
2025-09-18 02:00:00.000 UTC,1.0004288229974774,1.0006417608433986,351754.9136599991,
2025-09-18 01:00:00.000 UTC,1.0004264336410256,1.0106573825281495,7274826.47913613,6886877.636553183
2025-09-18 00:00:00.000 UTC,1.00043,1.0006381798190198,250563.75066208374,
2025-09-17 23:00:00.000 UTC,1.0004355377639118,1.0006676872563343,766837.651989775,
2025-09-17 22:00:00.000 UTC,1.0004653347745613,1.0006703735534843,272230.0702556704,
2025-09-17 21:00:00.000 UTC,1.0004448376491522,1.0006571140191256,419908.9765940218,
2025-09-17 20:00:00.000 UTC,1.0003879949558638,1.000646534506626,1032017.2326134006,
2025-09-17 19:00:00.000 UTC,1.0003785,1.0005883239215227,338498.6708652232,
2025-09-17 18:00:00.000 UTC,1.0003709294675434,1.0005814131791833,936464.2940919405,
2025-09-17 17:00:00.000 UTC,1.0003885376526687,1.0006008173195413,480041.1218544354,
2025-09-17 16:00:00.000 UTC,1.000376215760883,1.0005947781086924,550699.2661627821,
2025-09-17 15:00:00.000 UTC,1.0003840607210628,1.000588468945116,195765.04537343048,
2025-09-17 14:00:00.000 UTC,1.0003677670631363,1.0005857514087586,360260.8088711088,
2025-09-17 13:00:00.000 UTC,1.0003543195,1.0005792166909584,2119200.9009599295,
2025-09-17 12:00:00.000 UTC,1.00036895,1.0006066177620183,1554738.043695081,
2025-09-17 11:00:00.000 UTC,1.0003986423271096,1.00060980659612,534918.2446062784,
2025-09-17 10:00:00.000 UTC,1.0004023568122076,1.0006165171046593,503108.3399718173,
2025-09-17 09:00:00.000 UTC,1.0003803840233383,1.0006050514535756,624934.9842771252,
2025-09-17 08:00:00.000 UTC,1.0003791056054212,1.0006418392452896,1491903.3609748152,
2025-09-17 07:00:00.000 UTC,1.0004194626036447,1.0055646054206748,7615869.918053093,3765393.4156711823
2025-09-17 06:00:00.000 UTC,1.00039848,1.000687590637847,2368515.1313704075,
2025-09-17 05:00:00.000 UTC,1.000477055366497,1.0007050984694623,1452330.0445386346,
2025-09-17 04:00:00.000 UTC,1.0004764292878636,1.0006836914829282,568400.9121623437,
2025-09-17 03:00:00.000 UTC,1.0003888947113742,1.0053635215987924,6887600.049783122,6030208.359119086
2025-09-17 02:00:00.000 UTC,1.0003778119116045,1.0005877897327473,808071.8208332243,
2025-09-17 01:00:00.000 UTC,1.0003819767441862,1.000589376090239,522697.0545635165,
2025-09-17 00:00:00.000 UTC,1.0003287059779868,1.000589840528135,1387559.6469283835,
2025-09-16 23:00:00.000 UTC,1.000330126147739,1.0005350546350835,304325.90622578835,
2025-09-16 22:00:00.000 UTC,1.0003302542662567,1.000534939824516,564551.7816628342,
2025-09-16 21:00:00.000 UTC,1.0003308753349327,1.0005346434450084,365725.5890264613,
2025-09-16 20:00:00.000 UTC,1.0003208070617906,1.0005281038831164,322294.65428170626,
2025-09-16 19:00:00.000 UTC,1.000277872983871,1.000533208237199,2199756.8526989194,
2025-09-16 18:00:00.000 UTC,1.0003223323538106,1.0005334680254776,1201787.4175296132,
2025-09-16 17:00:00.000 UTC,1.0002576730575514,1.0005467677652293,3819781.9246625565,
2025-09-16 16:00:00.000 UTC,1.0002242760567046,1.0004579733889507,1270491.3846756883,
2025-09-16 15:00:00.000 UTC,1.0002022,1.0004138468180797,977027.4635044143,
2025-09-16 14:00:00.000 UTC,1.0002001310580761,1.0004456722123054,1537133.6242403763,
2025-09-16 13:00:00.000 UTC,1.0002372788676972,1.000481719920605,2072698.7295624171,
2025-09-16 12:00:00.000 UTC,1.00027745167255,1.000515135399316,1583683.6186844758,
2025-09-16 11:00:00.000 UTC,1.0003143013118063,1.0005202188635074,271258.4261622952,
2025-09-16 10:00:00.000 UTC,1.0002349964285715,1.0005251204516068,3122955.296553097,
2025-09-16 09:00:00.000 UTC,1.0002267034347427,1.0004772839743834,1334802.7766924405,
2025-09-16 08:00:00.000 UTC,1.0002742784684904,1.0004790544271578,411938.97822686174,
2025-09-16 07:00:00.000 UTC,1.000266132621273,1.0004765907367594,574306.3587432633,
2025-09-16 06:00:00.000 UTC,1.0002642123026986,1.0004978048151882,1600272.356368372,
2025-09-16 05:00:00.000 UTC,1.0002871521489909,1.0005608428244142,2301583.3780810917,
2025-09-16 04:00:00.000 UTC,1.000281345,1.0006049895516063,6553516.688692893,
2025-09-16 03:00:00.000 UTC,1.0002246740220662,1.0004835969470633,2896776.6137387776,
2025-09-16 02:00:00.000 UTC,1.0002159852290524,1.00042287730301,419025.7293521012,
2025-09-16 01:00:00.000 UTC,1.000209402499144,1.0004183262976742,672648.3450290398,
2025-09-16 00:00:00.000 UTC,1.0001995670596542,1.0004097497934263,450354.0897344738,
2025-09-15 23:00:00.000 UTC,1.00019274,1.0003994855633604,181075.9273438342,
2025-09-15 22:00:00.000 UTC,1.000183646160505,1.0003923459141109,290744.65734980354,
2025-09-15 21:00:00.000 UTC,1.0001835772821606,1.0003871072898416,247276.6476781864,
2025-09-15 20:00:00.000 UTC,1.000170653,1.0003829139147984,420230.1371015826,
2025-09-15 19:00:00.000 UTC,1.000160088088088,1.00037072579409,488476.6291023965,
2025-09-15 18:00:00.000 UTC,1.0001373579306603,1.0005127370695188,3050417.7425539074,
2025-09-15 17:00:00.000 UTC,1.0003018743156833,1.0006437688304965,3332036.390801628,
2025-09-15 16:00:00.000 UTC,1.0004280594114259,1.0006528233336123,1638389.4038541545,
2025-09-15 15:00:00.000 UTC,1.0004217159286775,1.0006297289348958,691015.7536918274,
2025-09-15 14:00:00.000 UTC,1.0004132954396856,1.0006266631921947,684583.4539758959,
2025-09-15 13:00:00.000 UTC,1.000406370246721,1.0007569690375406,9544004.606577838,
2025-09-15 12:00:00.000 UTC,1.0003791582740256,1.003754518723194,11562572.352645267,7048753.647966931
2025-09-15 11:00:00.000 UTC,1.0003777578209745,1.000650246729608,1718441.9532547023,
2025-09-15 10:00:00.000 UTC,1.0003717389712459,1.02750839465625,11858731.93406823,8405530.681262167
2025-09-15 09:00:00.000 UTC,1.0003675196685602,1.000591297116435,1631808.6860322212,
2025-09-15 08:00:00.000 UTC,1.0003533056858183,1.0005876137538123,1958352.9258492012,
2025-09-15 07:00:00.000 UTC,1.000332507333652,1.0005573836677482,1105998.4616523632,
2025-09-15 06:00:00.000 UTC,1.000300435518615,1.0005335665414323,911688.8673199588,
2025-09-15 05:00:00.000 UTC,1.0003005239372882,1.000507079611499,396482.8475633841,
2025-09-15 04:00:00.000 UTC,1.0003041722975836,1.0006295430939318,3453840.9684384125,
2025-09-15 03:00:00.000 UTC,1.0003408333333335,1.0007076335177543,4472630.564532818,
2025-09-15 02:00:00.000 UTC,1.0004426403879625,1.0007331241186612,3319621.8475611755,
2025-09-15 01:00:00.000 UTC,1.0004473073277198,1.0006573661993634,872717.9463229856,
2025-09-15 00:00:00.000 UTC,1.0004538980096183,1.0006741201318128,776889.4760513044,
2025-09-14 23:00:00.000 UTC,1.0004668585114176,1.0007050110554319,1148332.2499213037,
2025-09-14 22:00:00.000 UTC,1.0005029005666766,1.0007112873614339,506889.59607540583,
2025-09-14 21:00:00.000 UTC,1.0005104628155792,1.0007510042276853,861237.0694925706,
2025-09-14 20:00:00.000 UTC,1.0005215043572104,1.0007560465844394,754234.2761653331,
2025-09-14 19:00:00.000 UTC,1.000505222336251,1.0007543733177768,1376855.7459343888,
2025-09-14 18:00:00.000 UTC,1.0005164979999999,1.0007220746874559,229457.47782387806,
2025-09-14 17:00:00.000 UTC,1.0004959418420787,1.0056654321903198,8536359.925482836,4330927.497402529
2025-09-14 16:00:00.000 UTC,1.0004981221071823,1.0007772046874528,2211937.6138851186,
2025-09-14 15:00:00.000 UTC,1.0005767172517026,1.0007882573046252,745849.0452420254,
2025-09-14 14:00:00.000 UTC,1.0005657614175516,1.0008203911590787,2390796.9930784097,
2025-09-14 13:00:00.000 UTC,1.0005237713139419,1.000778185101171,1028914.0306787747,
2025-09-14 12:00:00.000 UTC,1.0005077123817747,1.0007212550612032,323981.9224619398,
2025-09-14 11:00:00.000 UTC,1.000498503265881,1.0007095494654046,530924.0798450798,
2025-09-14 10:00:00.000 UTC,1.000492872981994,1.0007682754699894,1266432.7307171952,
2025-09-14 09:00:00.000 UTC,1.0002316960148283,1.0007622898844717,524005.87896533235,
2025-09-14 08:00:00.000 UTC,1.0005451941224606,1.0007687715447295,533900.3933661298,
2025-09-14 07:00:00.000 UTC,1.0005690946893788,1.000831416944658,1084979.861420553,
2025-09-14 06:00:00.000 UTC,1.0006222618543223,1.000863438334891,944811.2038684313,
2025-09-14 05:00:00.000 UTC,1.0006372575294658,1.0083369921591403,8836202.903073745,8565518.474423463
2025-09-14 04:00:00.000 UTC,1.000605622948474,1.0008448260566951,723251.2633193952,
2025-09-14 03:00:00.000 UTC,1.0006050688265788,1.0008131859051808,217593.6397385649,
2025-09-14 02:00:00.000 UTC,1.0005942323182353,1.0107580915822028,5657204.883400168,5070980.721879534
2025-09-14 01:00:00.000 UTC,0.75,1.0008070377461544,308905.99958575,0.00000225
2025-09-14 00:00:00.000 UTC,1.0005789628895572,1.0057936582610731,11184964.711214272,10949843.119722875
2025-09-13 23:00:00.000 UTC,1.0005774155395617,1.0007819681212549,188726.90715574613,
2025-09-13 22:00:00.000 UTC,1.0005715157432267,1.0007811699700813,189608.12390089786,
2025-09-13 21:00:00.000 UTC,1.0005718857202899,1.0008057291849124,877858.5405160877,
2025-09-13 20:00:00.000 UTC,1.0006049141122104,1.0008192419926676,749248.3726187787,
2025-09-13 19:00:00.000 UTC,1.000546849352461,1.000823737157373,1242435.6137629389,
2025-09-13 18:00:00.000 UTC,1.000547659420612,1.0007711085958142,414302.5052743187,
2025-09-13 17:00:00.000 UTC,1.0005694636591478,1.0008150147034032,946384.1567874955,
2025-09-13 16:00:00.000 UTC,1.000602855548651,1.0008107498058847,419389.88179597416,
2025-09-13 15:00:00.000 UTC,1.0006074015855657,1.000813192244314,401463.7521895695,
2025-09-13 14:00:00.000 UTC,1.0005523529411764,1.000836227651356,1540794.2332263743,
2025-09-13 13:00:00.000 UTC,1.0005493828241876,1.0007774062877361,505632.5155310605,
2025-09-13 12:00:00.000 UTC,1.0005623364677416,1.0008459100619518,1212801.254587813,
2025-09-13 11:00:00.000 UTC,1.000636276316052,1.000846492455331,222865.1424755127,
2025-09-13 10:00:00.000 UTC,0.9990000000000001,1.0108593537447437,11583120.418904971,10508226.830328543
2025-09-13 09:00:00.000 UTC,1.0005,1.000767829205649,138312.3755409634,
2025-09-13 08:00:00.000 UTC,1.0005530783804701,1.0007648759363157,228210.1066931101,
2025-09-13 07:00:00.000 UTC,1.0005473400886837,1.0008122963454134,931778.0981949222,
2025-09-13 06:00:00.000 UTC,0.9990000000000001,1.000819329099405,356116.5771498332,
2025-09-13 05:00:00.000 UTC,0.9990000000000001,1.000809913834789,1202761.154817596,
2025-09-13 04:00:00.000 UTC,0.9990000000000001,1.0007221451173274,353102.7892197292,
2025-09-13 03:00:00.000 UTC,1.0004971595057712,1.000764005803176,3295639.8624829575,
2025-09-13 02:00:00.000 UTC,1.0004989914302476,1.0109796183996735,6538915.99426923,3993127.5991069083
2025-09-13 01:00:00.000 UTC,1.00064304358459,1.000892613536008,884941.5331445165,
2025-09-13 00:00:00.000 UTC,1.0006902636880781,1.0008980900831888,317990.12824660906,
2025-09-12 23:00:00.000 UTC,1.000679879649559,1.0009361731949455,463245.9200398427,
2025-09-12 22:00:00.000 UTC,1.000709065926362,1.0010134224768124,989376.1092238133,436.9000975511082
2025-09-12 21:00:00.000 UTC,1.0006883483080449,1.0009408926955032,316451.8250343694,
2025-09-12 20:00:00.000 UTC,1.00066363422292,1.004192910805534,7166921.166871756,5390758.508215047
2025-09-12 19:00:00.000 UTC,1.0005621483551406,1.0011432797701454,1399657.7609390535,365004.9474506711
2025-09-12 18:00:00.000 UTC,1.0005632879475541,1.0007859135751012,533301.0605405127,
2025-09-12 17:00:00.000 UTC,1.0002973423986288,1.0007854200511797,2824332.7043490265,
2025-09-12 16:00:00.000 UTC,1.0002905933333333,1.0004974245541938,294971.2891661822,
2025-09-12 15:00:00.000 UTC,1.0002569992306567,1.0004925326756613,771601.7990223089,
2025-09-12 14:00:00.000 UTC,1.0002467459447495,1.0004571118591354,333861.1050144749,
2025-09-12 13:00:00.000 UTC,1.00023745,1.0004505228794631,385299.1844959409,
2025-09-12 12:00:00.000 UTC,1.000227338508091,1.0004377505416893,187954.02600499013,
2025-09-12 11:00:00.000 UTC,1.0002152280098728,1.000428819574466,288573.73777186254,
2025-09-12 10:00:00.000 UTC,1.0002160028171636,1.000484234369435,1505646.8826157378,
2025-09-12 09:00:00.000 UTC,1.0002835518566913,1.0005256736420747,1149507.7651499487,
2025-09-12 08:00:00.000 UTC,1.0003094514754607,1.000530272325426,1066716.8428283872,
2025-09-12 07:00:00.000 UTC,1.0002920119148846,1.0005730323086484,2182301.5942799696,
2025-09-12 06:00:00.000 UTC,1.0003713568398613,1.0005832926029434,457202.27104101615,
2025-09-12 05:00:00.000 UTC,1.0003602390481936,1.0005911396628415,661950.7121116708,
2025-09-12 04:00:00.000 UTC,1.000354421407053,1.0005615458733954,146476.19627437321,
2025-09-12 03:00:00.000 UTC,1.0003,1.0005594594183462,141230.09687890476,
2025-09-12 02:00:00.000 UTC,1.00035296,1.0005604784123812,204935.13194785823,
2025-09-12 01:00:00.000 UTC,1.000348792182107,1.000562527189167,671178.5564252132,
2025-09-12 00:00:00.000 UTC,1.0002891935857363,1.0005581322778718,1200947.3477081568,
2025-09-11 23:00:00.000 UTC,1.0002731621582746,1.0004897197537748,668120.296187759,
2025-09-11 22:00:00.000 UTC,1.0002708880163833,1.0004796364016528,362597.28370620403,
2025-09-11 21:00:00.000 UTC,1.000276209204496,1.0004795883458326,122914.9217721176,
2025-09-11 20:00:00.000 UTC,1.0002742501805975,1.0004794934114054,104460.1052257051,
2025-09-11 19:00:00.000 UTC,1.000271858575211,1.0004751333265198,111231.63585263318,
2025-09-11 18:00:00.000 UTC,1.000267824310521,1.0004749131081434,518189.28246328136,
2025-09-11 17:00:00.000 UTC,1.0002627544861131,1.000470697027032,243263.10208702082,
2025-09-11 16:00:00.000 UTC,1.0002272322580645,1.0004635933768937,1006481.859548287,
2025-09-11 15:00:00.000 UTC,1.0002076929188326,1.000422429426827,643706.744323731,
2025-09-11 14:00:00.000 UTC,1.0002104207973572,1.0004241838808692,1106444.2676042432,
2025-09-11 13:00:00.000 UTC,1.0002174888277475,1.0025641025641026,595314.797510915,0.0007840051282051282
2025-09-11 12:00:00.000 UTC,1.0002217878925561,1.000453734281428,989894.4400336441,
2025-09-11 11:00:00.000 UTC,1.000249857142857,1.0004539807999104,161447.31490245386,
2025-09-11 10:00:00.000 UTC,1.0002393756535122,1.0054013486647086,10262168.38774366,221269.73421547774
2025-09-11 09:00:00.000 UTC,1.0002327927368668,1.0004487207984174,513844.61892213154,
2025-09-11 08:00:00.000 UTC,1.000238670694864,1.0004485468801427,177488.99500657577,
2025-09-11 07:00:00.000 UTC,1.0002447457037313,1.000445918226248,78215.45502241187,
2025-09-11 06:00:00.000 UTC,1.000245,1.000448888884135,88988.50473430096,
2025-09-11 05:00:00.000 UTC,1.0002484673982976,1.0004508399006484,125031.27567315003,
2025-09-11 04:00:00.000 UTC,1.000249179151768,1.00045848695983,363025.0298368472,
2025-09-11 03:00:00.000 UTC,1.000185508766752,1.0004559848932943,1212986.1995781898,
2025-09-11 02:00:00.000 UTC,1.0001786669664228,1.0003914834553753,198424.54921911866,
2025-09-11 01:00:00.000 UTC,1.0001719,1.0003807998750194,198330.01487293938,
2025-09-11 00:00:00.000 UTC,1.0001457261284683,1.0003729921969988,2498942.0058946,
2025-09-10 23:00:00.000 UTC,1.000169,1.0003713868919353,100639.48499667666,
2025-09-10 22:00:00.000 UTC,1.0001682602635231,1.0003695815724396,97633.7291383564,
2025-09-10 21:00:00.000 UTC,1.000163,1.000367255457397,159389.5402317857,
2025-09-10 20:00:00.000 UTC,1.0001508120994707,1.000363516711765,553347.4361235881,
2025-09-10 19:00:00.000 UTC,1.0001568433143608,1.0003668302502888,374379.66146644833,
2025-09-10 18:00:00.000 UTC,1.0001607052805992,1.0003673529847432,277797.3518610638,
2025-09-10 17:00:00.000 UTC,1.0001545167777577,1.0003683817908882,222754.56234679278,
2025-09-10 16:00:00.000 UTC,1.0001520669506967,1.0003585871291627,155028.81270187756,
2025-09-10 15:00:00.000 UTC,1.0001280887544124,1.000352472773938,576382.8281322448,
2025-09-10 14:00:00.000 UTC,1.00007,1.0003293725433051,1879951.519828965,
2025-09-10 13:00:00.000 UTC,1.0000765923362482,1.0003068411313019,999642.2113620321,
2025-09-10 12:00:00.000 UTC,1.0001033700490316,1.0003171166989453,658065.4262460264,
2025-09-10 11:00:00.000 UTC,1.0001128045157903,1.0003181785634268,240238.37818130627,
2025-09-10 10:00:00.000 UTC,1.0000907791765907,1.0052631848360583,14824399.861168157,383895.5672987562
2025-09-10 09:00:00.000 UTC,1.0000960455538745,1.0003070098243145,359913.8574428785,
2025-09-10 08:00:00.000 UTC,0.8571428571428572,1.000312375773959,879606.9498452743,0.000005142857142857143
2025-09-10 07:00:00.000 UTC,1.0000996589769306,1.0003282158437732,1785405.311397791,
2025-09-10 06:00:00.000 UTC,1.0001123398398397,1.000327161053984,585062.9771076117,
2025-09-10 05:00:00.000 UTC,1.0000624921884764,1.0003268457283523,762430.5220025083,
2025-09-10 04:00:00.000 UTC,1.0001141373920297,1.0003161959994027,85231.92128239364,
2025-09-10 03:00:00.000 UTC,1.0000788892627517,1.0003153196565824,1138364.1780501257,
2025-09-10 02:00:00.000 UTC,1.0000703268718283,1.0002776020420086,199478.32204922804,
2025-09-10 01:00:00.000 UTC,1.0000677776426201,1.0002705731900479,78053.36785258577,
2025-09-10 00:00:00.000 UTC,1.0000686693322762,1.000270165002588,132190.5478350221,
2025-09-09 23:00:00.000 UTC,1.0000676589986468,1.0002698139791457,62675.01960139815,
2025-09-09 22:00:00.000 UTC,1.0000638911620827,1.0002687336936442,246688.40539313614,
2025-09-09 21:00:00.000 UTC,1.0000677456666667,1.0002802670630202,413694.2060673352,
2025-09-09 20:00:00.000 UTC,1.0000550227158003,1.0002889305074578,1054700.994189235,
2025-09-09 19:00:00.000 UTC,1.000059097735286,1.0002893805130746,894898.2328217663,
2025-09-09 18:00:00.000 UTC,1.0000971602276354,1.0003077041759176,319642.5389275891,
2025-09-09 17:00:00.000 UTC,1.0001072533200432,1.0003124394944516,641408.8193489092,
2025-09-09 16:00:00.000 UTC,1.000100866371476,1.0003089670491134,522815.0267814889,
2025-09-09 15:00:00.000 UTC,1.0000774432907282,1.0002909641942026,380394.35829745006,
2025-09-09 14:00:00.000 UTC,1.00007852,1.0002903829517302,601615.0454085673,
2025-09-09 13:00:00.000 UTC,1.0000580269824682,1.0002865762274056,681598.9764904969,
2025-09-09 12:00:00.000 UTC,1.0000547470525152,1.0002582218229819,174194.02937734785,
2025-09-09 11:00:00.000 UTC,1.000052687070445,1.0002558660007799,181158.433097431,
2025-09-09 10:00:00.000 UTC,1.0000500247215498,1.0002552831675562,246367.79901110302,
2025-09-09 09:00:00.000 UTC,1.000050181818182,1.0003000706088176,876194.2222080716,
2025-09-09 08:00:00.000 UTC,1.00009828,1.000300179112722,90463.78935166971,
2025-09-09 07:00:00.000 UTC,1.000099505740685,1.000306111237553,473367.47953452304,
2025-09-09 06:00:00.000 UTC,1.0001062849117854,1.0003170026725903,311366.6355362596,
2025-09-09 05:00:00.000 UTC,1.00011856,1.0003463174787217,672434.6073096769,
2025-09-09 04:00:00.000 UTC,1.0001390530487382,1.0004537580638313,6388055.315738014,
2025-09-09 03:00:00.000 UTC,1.0000992154827166,1.0003869057258092,3326603.974652499,
2025-09-09 02:00:00.000 UTC,1.0000985328639034,1.0003014508333334,57610.34588817643,
2025-09-09 01:00:00.000 UTC,1.0000655711422846,1.0003011418942596,936524.723121938,
2025-09-09 00:00:00.000 UTC,1.000065511,1.0002683888613948,111402.57796145027,
2025-09-08 23:00:00.000 UTC,1.0000503500295321,1.0002700145239105,466631.81447726587,
2025-09-08 22:00:00.000 UTC,1.0000468481888412,1.0002520543472686,130748.51980936623,
2025-09-08 21:00:00.000 UTC,1.0000412890335573,1.0002472889753908,142698.58433582395,
2025-09-08 20:00:00.000 UTC,1.0000373436734693,1.0002416646542422,168540.13272812532,
2025-09-08 19:00:00.000 UTC,1.0000369587146987,1.0002555678007694,676010.1125300317,
2025-09-08 18:00:00.000 UTC,1.0000509178412345,1.000255525183473,191985.67186421243,
2025-09-08 17:00:00.000 UTC,1.000025703617489,1.000248844841976,909064.4421887166,
2025-09-08 16:00:00.000 UTC,1.0000113615307265,1.0002301074660214,642776.307035932,
2025-09-08 15:00:00.000 UTC,1.0000069751974388,1.0002206319160467,880490.3156415859,
2025-09-08 14:00:00.000 UTC,1.0000112785367572,1.0002185803725234,164786.22339492675,
2025-09-08 13:00:00.000 UTC,0.999993593603946,1.0002113546613536,542616.6649974622,
2025-09-08 12:00:00.000 UTC,0.9999963012293029,1.000198670792748,83795.99215876308,
2025-09-08 11:00:00.000 UTC,0.9999974877527948,1.000222357115217,1100432.0040232916,
2025-09-08 10:00:00.000 UTC,0.9999977407967725,1.0002346694044744,1750812.1837047334,
2025-09-08 09:00:00.000 UTC,0.999996968556508,1.0002022408931086,425095.9883218468,
2025-09-08 08:00:00.000 UTC,1.0000019892825036,1.0002184606765614,754021.0570931893,
2025-09-08 07:00:00.000 UTC,1.0000146774007277,1.0002166361444813,36261.85553923275,
2025-09-08 06:00:00.000 UTC,1.0000157318880694,1.0002181320349444,148213.59756701931,
2025-09-08 05:00:00.000 UTC,1.0000198840020664,1.0002260428535954,282810.25981780473,
2025-09-08 04:00:00.000 UTC,0.999986684427074,1.0002564279203516,6329094.638055506,
2025-09-08 03:00:00.000 UTC,0.9999707292649529,1.0002153083298015,2092301.8583636847,
2025-09-08 02:00:00.000 UTC,1.0000126299999998,1.0002258793508387,342447.16475667286,
2025-09-08 01:00:00.000 UTC,1.0000241666666667,1.0002293909246154,276590.5931035442,
2025-09-08 00:00:00.000 UTC,1.0000327998000262,1.0002538024909484,1296113.0211755743,
2025-09-07 23:00:00.000 UTC,1.0000500503575076,1.0002970728414482,1086677.9879466179,
2025-09-07 22:00:00.000 UTC,1.0000947333333332,1.0002975758684638,85784.04058548216,
2025-09-07 21:00:00.000 UTC,1.0000947268304494,1.0002961449333303,33256.824009332035,
2025-09-07 20:00:00.000 UTC,1.0000956429463328,1.0003016748882867,153374.78445071384,
2025-09-07 19:00:00.000 UTC,1.0001000901882617,1.0003027450078517,70306.48698388952,
2025-09-07 18:00:00.000 UTC,1.0001003424938026,1.0003073155006093,376359.23986754304,
2025-09-07 17:00:00.000 UTC,1.00011,1.0003165325849188,212843.8663531553,
2025-09-07 16:00:00.000 UTC,1.0001165195460278,1.0003293107788402,340608.8801137426,
2025-09-07 15:00:00.000 UTC,1.0001217014926953,1.0003366444224395,967922.1987614566,
2025-09-07 14:00:00.000 UTC,1.0001261909757193,1.000328834179243,143552.20946399568,
2025-09-07 13:00:00.000 UTC,1.0001292019444974,1.0003377435974412,289990.25149995444,
2025-09-07 12:00:00.000 UTC,1.0001387112004079,1.000343382597113,228642.93741596746,
2025-09-07 11:00:00.000 UTC,1.0001380678494478,1.0003409883017438,74277.57584919734,
2025-09-07 10:00:00.000 UTC,1.0001356155474228,1.0003393594202261,117412.09810659592,
2025-09-07 09:00:00.000 UTC,1.0001346090857892,1.0003361044098464,56150.392948282955,
2025-09-07 08:00:00.000 UTC,1.0001315873896595,1.0003361514922724,104829.58275667188,
2025-09-07 07:00:00.000 UTC,1.0001083249749247,1.0003501037905704,1574803.3375195728,
2025-09-07 06:00:00.000 UTC,1.000148185483871,1.000350060210356,35855.445493147156,
2025-09-07 05:00:00.000 UTC,1.0001472206001178,1.000351538356823,196920.6106975489,
2025-09-07 04:00:00.000 UTC,1.000146875331249,1.0003473572688955,2783.5686013606937,
2025-09-07 03:00:00.000 UTC,1.000146584600088,1.0003493441102138,141136.4278882619,
2025-09-07 02:00:00.000 UTC,1.000147849452047,1.000348268537272,21395.093090665105,
2025-09-07 01:00:00.000 UTC,1.0001476662052686,1.0003504257855176,51674.182192098444,
2025-09-07 00:00:00.000 UTC,1.00013980355771,1.000348880475136,249358.07816914428,
2025-09-06 23:00:00.000 UTC,1.0001402196587963,1.0003579191576233,481201.92637445114,
2025-09-06 22:00:00.000 UTC,1.0001419795911353,1.0003581361383447,393720.2701263675,
2025-09-06 21:00:00.000 UTC,1.0001414674620983,1.000343544241407,79744.01204259196,
2025-09-06 20:00:00.000 UTC,1.0001430693675544,1.0003436379658004,38374.5888988899,
2025-09-06 19:00:00.000 UTC,1.0001372273679918,1.0003569274698765,709097.7974769244,
2025-09-06 18:00:00.000 UTC,1.0001530885,1.000354160788998,58139.73853232914,
2025-09-06 17:00:00.000 UTC,1.0001522530048743,1.0003532324917128,22727.76018747986,
2025-09-06 16:00:00.000 UTC,1.000138,1.0003540887158686,630186.6668987916,
2025-09-06 15:00:00.000 UTC,1.0001366089064503,1.0003434892673186,380077.91138217715,
2025-09-06 14:00:00.000 UTC,1.0001258698940998,1.000337137408717,335518.3336250597,
2025-09-06 13:00:00.000 UTC,1.000108576919663,1.0003271662903839,598807.5409537384,
2025-09-06 12:00:00.000 UTC,1.0001015022330493,1.0003086619094432,98317.41262447898,
2025-09-06 11:00:00.000 UTC,1.0001053708104775,1.0003149658378077,251668.60865579036,
2025-09-06 10:00:00.000 UTC,1.00010250910754,1.0003152993823654,228566.12808012473,
2025-09-06 09:00:00.000 UTC,1.0000999605350616,1.000307614597641,299461.84881188336,
2025-09-06 08:00:00.000 UTC,1.0000944,1.0003124267749746,146276.95498451378,
2025-09-06 07:00:00.000 UTC,1.0000960944295914,1.0003003686076894,138610.276814241,
2025-09-06 06:00:00.000 UTC,1.00009938,1.000302562519919,108438.75949313669,
2025-09-06 05:00:00.000 UTC,1.0000984916000197,1.0003027072039221,200466.29826987098,
2025-09-06 04:00:00.000 UTC,1.0000980661827141,1.0003235683378546,1664362.655998752,
2025-09-06 03:00:00.000 UTC,1.0000900132304962,1.0002965052508,223566.77522886317,
2025-09-06 02:00:00.000 UTC,1.0000856950026844,1.0002900997290267,107187.08919522424,
2025-09-06 01:00:00.000 UTC,1.0000726812012386,1.0002883060719596,351894.3512370922,
2025-09-06 00:00:00.000 UTC,1.000073238727489,1.0002949938155823,530639.7227173843,
2025-09-05 23:00:00.000 UTC,1.0000863555286894,1.0002941436118815,315286.090487464,
2025-09-05 22:00:00.000 UTC,1.0000895460224906,1.000295528161493,92442.9568192108,
2025-09-05 21:00:00.000 UTC,1.0000796101134763,1.0002917054720373,478534.82881743106,
2025-09-05 20:00:00.000 UTC,1.0000750035571087,1.000320572525345,1341149.3434453038,
2025-09-05 19:00:00.000 UTC,1.0001150642058267,1.0003277959236236,132468.47678073973,
2025-09-05 18:00:00.000 UTC,1.000116935483871,1.0003191510987337,182156.09622210957,
2025-09-05 17:00:00.000 UTC,1.0000939702702656,1.0003284877583414,2069868.4594997016,
2025-09-05 16:00:00.000 UTC,1.0000932661816824,1.0003205554446037,1749238.5891577431,
2025-09-05 15:00:00.000 UTC,1.0000960728600057,1.00031905110448,555555.8768871641,
2025-09-05 14:00:00.000 UTC,1.0001088001172382,1.0003423109575487,1145479.232425886,
2025-09-05 13:00:00.000 UTC,1.000113,1.0003427898180917,987677.7298549559,
2025-09-05 12:00:00.000 UTC,1.000104403701721,1.000313500625438,656822.5868459173,
2025-09-05 11:00:00.000 UTC,1.00010177473303,1.0020040080160322,185650.57708915218,0.0010020040080160322
2025-09-05 10:00:00.000 UTC,1.0000951378446115,1.0003401228647895,1508397.5817899876,
2025-09-05 09:00:00.000 UTC,1,1.000339014892147,493437.84704592073,
2025-09-05 08:00:00.000 UTC,1.0001100567111112,1.0003255142263274,549262.7953710257,
2025-09-05 07:00:00.000 UTC,1.00005006508461,1.0003197132008388,1431686.3653210658,
2025-09-05 06:00:00.000 UTC,1.000073248709398,1.000275318649672,113411.89158169611,
2025-09-05 05:00:00.000 UTC,1.0000695301500113,1.00027613733556,143806.26662792044,
2025-09-05 04:00:00.000 UTC,1.0000561183550651,1.0002739584921847,590328.5126180316,
2025-09-05 03:00:00.000 UTC,1.0000492727865424,1.0002540406182734,211755.2928733279,
2025-09-05 02:00:00.000 UTC,1.0000283832879202,1.0003143859242065,1205321.677045958,
2025-09-05 01:00:00.000 UTC,1.00010906166301,1.00032495334018,641889.852859007,
2025-09-05 00:00:00.000 UTC,1.0001034359111096,1.0003099299427487,184957.27200603037,
2025-09-04 23:00:00.000 UTC,1.0001054529550164,1.0003140037326923,289180.6251866752,
2025-09-04 22:00:00.000 UTC,1.0001140161295385,1.0003276974572237,506630.9212090123,
2025-09-04 21:00:00.000 UTC,1.0001272526122462,1.000340713165597,331264.5120369228,
2025-09-04 20:00:00.000 UTC,1.0001266666666668,1.00038866658376,1984384.4855641914,
2025-09-04 19:00:00.000 UTC,1.0001685547135624,1.000410256265078,1588912.5006527205,
2025-09-04 18:00:00.000 UTC,1.0001662148820096,1.0003722111487678,316755.49690418434,
2025-09-04 17:00:00.000 UTC,1.0001675023752508,1.0004013068991051,999104.364916612,
2025-09-04 16:00:00.000 UTC,1.0001999877550347,1.0004299331822335,1736095.2177256597,
2025-09-04 15:00:00.000 UTC,1.0001883668288212,1.0004738711819392,7620730.779285582,
2025-09-04 14:00:00.000 UTC,1.0002643960719388,1.0004755298878611,440275.8674346335,
2025-09-04 13:00:00.000 UTC,0.9986666666666666,1.0004658635495112,229368.5080478319,0.0007480013333333332
2025-09-04 12:00:00.000 UTC,1.000265001735796,1.0020040080160322,702678.9550147714,0.0010020040080160322
2025-09-04 11:00:00.000 UTC,1.0002889304654672,1.0005008965608584,444652.4250025949,
2025-09-04 10:00:00.000 UTC,1.000295852235904,1.0005070529724183,362710.8234880946,
2025-09-04 09:00:00.000 UTC,1.0002821006630986,1.000506387787398,1302146.1107809243,
2025-09-04 08:00:00.000 UTC,1.0003061733256327,1.0005253482305954,475332.2339532755,
2025-09-04 07:00:00.000 UTC,1.0003264518359805,1.0005425200054254,432368.58801506646,
2025-09-04 06:00:00.000 UTC,1.0003299069995106,1.0005568950886166,1728954.4555656149,
2025-09-04 05:00:00.000 UTC,1.000335528298699,1.0005796047795825,823726.4932064286,
2025-09-04 04:00:00.000 UTC,1.0003798918318416,1.000589297228857,770795.380619503,
2025-09-04 03:00:00.000 UTC,1.0003291615091918,1.0005564459599086,703461.9718311673,
2025-09-04 02:00:00.000 UTC,1.00032875,1.0005534180866538,1072809.4429605526,
2025-09-04 01:00:00.000 UTC,1.0003182047402925,1.0005216546858322,124785.04305424933,
2025-09-04 00:00:00.000 UTC,1.0003152018322359,1.0005465205141968,805469.0295366925,
2025-09-03 23:00:00.000 UTC,1.0003451367099956,1.0005491024266937,147433.78089101004,
2025-09-03 22:00:00.000 UTC,1.000347994609796,1.0005525220281808,130679.30100648264,
2025-09-03 21:00:00.000 UTC,1.0003479347934792,1.000558012037843,392754.98272276914,
2025-09-03 20:00:00.000 UTC,1.0002628996347112,1.0105588913875407,11259610.309981577,5514017.012262704
2025-09-03 19:00:00.000 UTC,1.0001532942943863,1.0004607752836878,884748.1844201759,
2025-09-03 18:00:00.000 UTC,1.0001285249634755,1.0003906925810806,3834101.806315881,
2025-09-03 17:00:00.000 UTC,1.0001459148609235,1.00037517607516,758654.0159159051,
2025-09-03 16:00:00.000 UTC,1.000131613161316,1.0003469991032836,516304.5669713847,
2025-09-03 15:00:00.000 UTC,1.0000947782258065,1.0003318092137536,1142021.5682151334,
2025-09-03 14:00:00.000 UTC,1.0000729840582745,1.0003212044920817,2119653.813800359,
2025-09-03 13:00:00.000 UTC,1.0001093852894984,1.000337083916029,1233729.1101430322,
2025-09-03 12:00:00.000 UTC,1.0000977017870127,1.0003209759282177,657108.2974696774,
2025-09-03 11:00:00.000 UTC,1.0000949643255557,1.0003050096691983,673236.6546030785,
2025-09-03 10:00:00.000 UTC,1.0000933389135953,1.0003091936538462,1158074.6122149243,
2025-09-03 09:00:00.000 UTC,1.0000984756258473,1.0003024929946014,305904.81722719467,
2025-09-03 08:00:00.000 UTC,1.0000958358502967,1.000304843281968,478989.10971252713,
2025-09-03 07:00:00.000 UTC,1.0001016739120219,1.0003052353749649,185694.89361055355,
2025-09-03 06:00:00.000 UTC,1.0001028929741755,1.000313668086886,196056.31498840358,
2025-09-03 05:00:00.000 UTC,1.000102708124373,1.0003090662645473,474368.70657717006,
2025-09-03 04:00:00.000 UTC,1.0001032302882524,1.0003108328074684,247928.4270421695,
2025-09-03 03:00:00.000 UTC,1.0000857142857142,1.0003207879682319,279824.94340857875,
2025-09-03 02:00:00.000 UTC,1.0001068380209641,1.00032770735693,861381.0874385779,
2025-09-03 01:00:00.000 UTC,1.0001058824698605,1.0003106660056778,321648.8817770371,
2025-09-03 00:00:00.000 UTC,1.000108816449348,1.0003277706642972,697134.286380793,
2025-09-02 23:00:00.000 UTC,1.00010337235918,1.0003373078170779,1511185.1450611732,
2025-09-02 22:00:00.000 UTC,1.0001016674673635,1.0003066826316869,308691.29900444933,
2025-09-02 21:00:00.000 UTC,1.0001015,1.0003035510870952,127815.99826021884,
2025-09-02 20:00:00.000 UTC,1.0001005454545455,1.0003207295010974,834202.1702702807,
2025-09-02 19:00:00.000 UTC,1.0001196666666667,1.0003255024439586,344433.6578001082,
2025-09-02 18:00:00.000 UTC,1.0001181955645162,1.0003475815355336,3393781.949900814,
2025-09-02 17:00:00.000 UTC,1.0001288517582625,1.0003425561934511,550604.7699397509,
2025-09-02 16:00:00.000 UTC,1.000142161405527,1.0003439534386762,319126.98692699533,
2025-09-02 15:00:00.000 UTC,1.0000402288365953,1.000356332189095,2577566.325536772,
2025-09-02 14:00:00.000 UTC,0.9999962913657433,1.000242475378977,2053119.9534346894,
2025-09-02 13:00:00.000 UTC,1.0000173883865315,1.0002303566263515,499696.09584226855,
2025-09-02 12:00:00.000 UTC,1.0000304075720479,1.0002350561507223,298580.58240478294,
2025-09-02 11:00:00.000 UTC,1.0000049737881365,1.0002307256337912,694682.4943500649,
2025-09-02 10:00:00.000 UTC,0.999998249269836,1.000207181096934,412742.59222828085,
2025-09-02 09:00:00.000 UTC,0.999974464599995,1.000198273821988,611295.4668730907,
2025-09-02 08:00:00.000 UTC,0.9999715603871324,1.0001752689471777,118487.46929026462,
2025-09-02 07:00:00.000 UTC,0.9999650853093948,1.0001725157894736,206079.89088613604,
2025-09-02 06:00:00.000 UTC,0.9999610215053765,1.00016505632185,123975.79502634837,
2025-09-02 05:00:00.000 UTC,0.9999549486736046,1.0001616535250835,224204.7832586686,
2025-09-02 04:00:00.000 UTC,0.9999547,1.0001727805808107,780899.278239557,
2025-09-02 03:00:00.000 UTC,0.9999522557999905,1.0001727148092694,562661.7655558261,
2025-09-02 02:00:00.000 UTC,0.9999533978426177,1.000155347351819,56820.78755344193,
2025-09-02 01:00:00.000 UTC,0.99995598369568,1.0001727214716947,606734.4582136192,
2025-09-02 00:00:00.000 UTC,0.9999705268877029,1.000172495710304,109168.40167071487,
2025-09-01 23:00:00.000 UTC,0.9999721602501979,1.000180073920779,282988.6873563262,
2025-09-01 22:00:00.000 UTC,0.9999776717466613,1.0001799382917507,99861.5652808442,
2025-09-01 21:00:00.000 UTC,0.9999779143873505,1.0001833980200925,376651.62286916,
2025-09-01 20:00:00.000 UTC,0.9999741214849488,1.000188169059906,887368.1306744701,
2025-09-01 19:00:00.000 UTC,0.9999865076840456,1.0002223932775105,1150487.8845545698,
2025-09-01 18:00:00.000 UTC,1.0000191719125702,1.0002214843265564,164559.35001696303,
2025-09-01 17:00:00.000 UTC,1.0000185704710363,1.000225332966453,295581.5992361692,
2025-09-01 16:00:00.000 UTC,1.0000122776080411,1.0002225340780748,303696.7098788419,
2025-09-01 15:00:00.000 UTC,0.9999417373333334,1.0002123519046442,1960374.7986558385,
2025-09-01 14:00:00.000 UTC,0.9999249661398621,1.000142305805541,987918.5644333446,
2025-09-01 13:00:00.000 UTC,0.9999013321692514,1.000125626074393,1456968.8823941294,
2025-09-01 12:00:00.000 UTC,0.999927110158972,1.0001846381851978,2350933.447920977,
2025-09-01 11:00:00.000 UTC,0.9999845111111111,1.000232117364124,1283770.674863848,
2025-09-01 10:00:00.000 UTC,1.0000132867692628,1.0002325229633557,628120.1568035338,
2025-09-01 09:00:00.000 UTC,1.0000090959106447,1.0002160257529136,369355.73606513994,
2025-09-01 08:00:00.000 UTC,1.0000144369239632,1.0002284531056838,453747.1396238763,
2025-09-01 07:00:00.000 UTC,1.0000274779612546,1.000251209958829,716205.0935683005,
2025-09-01 06:00:00.000 UTC,1.000050122936289,1.0002513860551074,122916.39140113923,
2025-09-01 05:00:00.000 UTC,1.0000506097560975,1.0002517211440292,84597.78429447445,
2025-09-01 04:00:00.000 UTC,1.0000485801238164,1.0002513193695026,88547.14450405237,
2025-09-01 03:00:00.000 UTC,1.0000486423447033,1.000277059475434,62805.27823547234,
2025-09-01 02:00:00.000 UTC,1.0000428231736818,1.000253119713097,602341.7974933364,
2025-09-01 01:00:00.000 UTC,1.0000401676304236,1.0002441165768534,195349.650048748,
2025-09-01 00:00:00.000 UTC,1.0000440411218245,1.0002477028100123,162557.91678333553,
2025-08-31 23:00:00.000 UTC,1.0000363434306552,1.0002507945022079,947126.4450058023,
2025-08-31 22:00:00.000 UTC,1.000047984607776,1.000250062515629,60027.53626057858,
2025-08-31 21:00:00.000 UTC,1.0000497497840088,1.0002507165306727,71175.3608364972,
2025-08-31 20:00:00.000 UTC,1.0000475468084344,1.000251410406467,294209.0406967462,
2025-08-31 19:00:00.000 UTC,1.0000546134478674,1.000256051082586,41886.797863338325,
2025-08-31 18:00:00.000 UTC,1.0000511,1.0002702588573118,761473.4603102142,
2025-08-31 17:00:00.000 UTC,1,1.000277786427306,498710.01986939926,
2025-08-31 16:00:00.000 UTC,1.0000635191701406,1.000300090027008,567351.5083274327,
2025-08-31 15:00:00.000 UTC,1.0000454876273654,1.0002650702436144,141151.02392369666,
2025-08-31 14:00:00.000 UTC,1.0000531000000001,1.0002654013742824,421920.53570831066,
2025-08-31 13:00:00.000 UTC,1.0000477923930808,1.0002521532909339,393687.19453940715,
2025-08-31 12:00:00.000 UTC,1.0000483980528756,1.0002562689739267,255954.05163679543,
2025-08-31 11:00:00.000 UTC,1.0000311379657605,1.0002475257227945,681394.6379390785,
2025-08-31 10:00:00.000 UTC,1.0000027603974972,1.0002353494939986,707555.5612236345,
2025-08-31 09:00:00.000 UTC,1.0000005587216447,1.000205092,224732.770328622,
2025-08-31 08:00:00.000 UTC,0.9999940138408095,1.0002010804252086,278273.048716462,
2025-08-31 07:00:00.000 UTC,0.999993215199992,1.0001965798936758,211447.3954132071,
2025-08-31 06:00:00.000 UTC,0.9999897321428571,1.0001950794922538,345323.6081321352,
2025-08-31 05:00:00.000 UTC,0.9999340717299579,1.0001954667712205,86100.03710236974,
2025-08-31 04:00:00.000 UTC,0.9999708726874176,1.0001938823287149,1182032.4589801366,
2025-08-31 03:00:00.000 UTC,0.9999513592069431,1.000211115958959,1434461.4508726932,
2025-08-31 02:00:00.000 UTC,0.9999992558164457,1.0002087145169936,313100.5500468443,
2025-08-31 01:00:00.000 UTC,1.0000013965106784,1.0002030535711595,134763.19403235518,
2025-08-31 00:00:00.000 UTC,1.0000024169189157,1.0002061919114602,165535.05045723132,
2025-08-30 23:00:00.000 UTC,1.0000023483965896,1.00020762323304,192671.870030265,
2025-08-30 22:00:00.000 UTC,1.0000029803514716,1.0002033546505105,166644.445553076,
2025-08-30 21:00:00.000 UTC,1.0000085161671102,1.0002093753930057,57128.50145074234,
2025-08-30 20:00:00.000 UTC,1.0000079613841526,1.0002094059585696,79284.27376491665,
2025-08-30 19:00:00.000 UTC,1.0000031445205941,1.0002086519138944,121363.56470604824,
2025-08-30 18:00:00.000 UTC,0.99999758022773,1.0002250506363932,344160.1143681364,
2025-08-30 17:00:00.000 UTC,1.0000080553852244,1.0002174711184526,500138.40765564644,
2025-08-30 16:00:00.000 UTC,1.0000091507113227,1.0002689262491786,1647293.335756077,
2025-08-30 15:00:00.000 UTC,1.0000511189602102,1.0002588714119898,457386.08821598266,
2025-08-30 14:00:00.000 UTC,1.0000545415675708,1.000259186915695,419240.39196801605,
2025-08-30 13:00:00.000 UTC,1.0000447,1.0002567197382595,455665.34318502166,
2025-08-30 12:00:00.000 UTC,1.0000367885177515,1.0002464281824055,346610.40602550237,
2025-08-30 11:00:00.000 UTC,1.0000326765478786,1.0002375124248413,235001.50535191156,
2025-08-30 10:00:00.000 UTC,0.9899999999999999,1.0002699965842006,1388467.086744216,0.00009800999999999998
2025-08-30 09:00:00.000 UTC,0.8999999999999999,1.0002710665563384,159711.17928187567,0.00030212999999999996
2025-08-30 08:00:00.000 UTC,1.0000662235676223,1.0002714824025105,159217.038958622,
2025-08-30 07:00:00.000 UTC,1.0000573400425425,1.0002667459179564,286807.59741307463,
2025-08-30 06:00:00.000 UTC,1.0000577818282157,1.000263669503281,175687.45657348918,
2025-08-30 05:00:00.000 UTC,1.00006362,1.0002778628493314,328056.0422403542,
2025-08-30 04:00:00.000 UTC,1.0000627844915873,1.0002768621287368,493427.5160649045,
2025-08-30 03:00:00.000 UTC,1.000060868820809,1.00026719285603,273477.54285644664,
2025-08-30 02:00:00.000 UTC,1.0000557905393546,1.0002620941460794,378625.0143514147,
2025-08-30 01:00:00.000 UTC,1.000041670602677,1.000257410640025,446950.1439963684,
2025-08-30 00:00:00.000 UTC,1.0000385680000001,1.0002413597854918,335321.1214717098,
2025-08-29 23:00:00.000 UTC,1.000023706265664,1.0002841115523793,1740008.1451193097,
2025-08-29 22:00:00.000 UTC,1.0000857587877583,1.0002960169152524,256809.36561884652,
2025-08-29 21:00:00.000 UTC,1.0000942826594128,1.0003016304629244,451509.70475809515,
2025-08-29 20:00:00.000 UTC,1.000091767680113,1.0002999220757445,526196.9560017632,
2025-08-29 19:00:00.000 UTC,1.0000900882769277,1.0002940262041233,212541.81171969845,
2025-08-29 18:00:00.000 UTC,1.0000894237652034,1.0002939951734282,309392.4246621986,
2025-08-29 17:00:00.000 UTC,1.0000753410852712,1.0002972082439492,726724.8852776994,
2025-08-29 16:00:00.000 UTC,1.0000744657360159,1.0002940303305334,1322272.973688859,
2025-08-29 15:00:00.000 UTC,1.000078988435556,1.0002894000703522,1034667.0621946319,
2025-08-29 14:00:00.000 UTC,1.0000475696393343,1.0002986984661655,2823754.7090418003,
2025-08-29 13:00:00.000 UTC,1.0000279275002095,1.0002518606193749,1237069.813060467,
2025-08-29 12:00:00.000 UTC,1.0000460549521586,1.0002553933082892,1069862.3834757512,
2025-08-29 11:00:00.000 UTC,1.0000553589999999,1.0002858866519235,1365226.429240193,
2025-08-29 10:00:00.000 UTC,1.0000837504170839,1.000300090027008,326241.83578633546,
2025-08-29 09:00:00.000 UTC,1.0000541184110834,1.0002871252231815,1065742.8172055068,
2025-08-29 08:00:00.000 UTC,1.0000809354944864,1.0003308727291766,2207885.8504829183,
2025-08-29 07:00:00.000 UTC,1.0001217300000487,1.0003307760432785,787934.8039097338,
2025-08-29 06:00:00.000 UTC,1.0001047619564667,1.0003231914563893,758758.0714843904,
2025-08-29 05:00:00.000 UTC,1.0000942828485457,1.0003068770247427,683351.1496448329,
2025-08-29 04:00:00.000 UTC,1.0000985999999998,1.0003025108399717,96470.37958505696,
2025-08-29 03:00:00.000 UTC,1.0000947588619402,1.0002992364077876,284768.5066174031,
2025-08-29 02:00:00.000 UTC,1.000093797276853,1.0002948869326678,91910.21900657284,
2025-08-29 01:00:00.000 UTC,1.00008425,1.0002945372805179,490696.517379282,
2025-08-29 00:00:00.000 UTC,1.000084060200512,1.0002868925418935,116318.60913097672,
2025-08-28 23:00:00.000 UTC,1.0000854187520856,1.0002936559030113,325604.99005865975,
2025-08-28 22:00:00.000 UTC,1.0000928499683486,1.0002983115565895,26664.359892269054,
2025-08-28 21:00:00.000 UTC,1.0000801784042554,1.0002949168208686,462780.56719792605,
2025-08-28 20:00:00.000 UTC,1.0000792698546404,1.0002804959914122,276622.41692817106,
2025-08-28 19:00:00.000 UTC,1.0000815458207453,1.0002876945090313,481453.4545708955,
2025-08-28 18:00:00.000 UTC,1.0000796370967742,1.0002817237119477,70209.70270622594,
2025-08-28 17:00:00.000 UTC,1.0000803625377643,1.000281961954199,138354.31086105393,
2025-08-28 16:00:00.000 UTC,1.00002562,1.0002818347069056,2342569.9273802307,
2025-08-28 15:00:00.000 UTC,1.0000149306431274,1.00023005291217,931360.6600744522,
2025-08-28 14:00:00.000 UTC,1.0000235107582205,1.0002708897382993,1490512.6080907476,
2025-08-28 13:00:00.000 UTC,1.0000714230381904,1.0002768947156855,350062.8795439391,
2025-08-28 12:00:00.000 UTC,1.0000711352439566,1.0002748686738558,162957.92430943128,
2025-08-28 11:00:00.000 UTC,1.000069627876008,1.000274309169501,330301.7363669204,
2025-08-28 10:00:00.000 UTC,1.0000610887096772,1.0003439080807872,8504452.118278584,
2025-08-28 09:00:00.000 UTC,1.0000631324179208,1.0002762666848775,1020652.9427711115,
2025-08-28 08:00:00.000 UTC,1.0000726580000001,1.0002803087440242,312668.87717996474,
2025-08-28 07:00:00.000 UTC,1.0000799887487963,1.0002884533904324,617073.316044997,
2025-08-28 06:00:00.000 UTC,1.000088276140278,1.0003044468226472,539747.8027446193,
2025-08-28 05:00:00.000 UTC,1.0001026786786786,1.0003207581207023,906744.677588164,
2025-08-28 04:00:00.000 UTC,1.0000989842230388,1.0003481924099151,3696162.7725143805,
2025-08-28 03:00:00.000 UTC,1.0000955135778937,1.0003214604839705,1209829.3538141113,
2025-08-28 02:00:00.000 UTC,1.0000865436511719,1.0002952149676143,378320.68442575325,
2025-08-28 01:00:00.000 UTC,1.0000794410204652,1.0002882181167927,312757.31848756725,
2025-08-28 00:00:00.000 UTC,1.0000798739159995,1.0002832184419552,193822.61449902857,
2025-08-27 23:00:00.000 UTC,1.0000808097301441,1.0002857673011951,229497.2923589185,
2025-08-27 22:00:00.000 UTC,1.000082147520042,1.0002864852596272,344965.5161172506,
2025-08-27 21:00:00.000 UTC,1.000084657865737,1.0002924343004906,415466.0535927271,
2025-08-27 20:00:00.000 UTC,1.0000873104701955,1.0003014812118607,858240.125313863,
2025-08-27 19:00:00.000 UTC,1.0000742358577757,1.0003011495281469,1143535.8970127793,
2025-08-27 18:00:00.000 UTC,1.00008635375,1.0003076047115762,793491.2906836055,
2025-08-27 17:00:00.000 UTC,1.0001044502937773,1.00030703221809,246075.1012503279,
2025-08-27 16:00:00.000 UTC,1.0000796552256317,1.000308094893227,910272.7262596292,
2025-08-27 15:00:00.000 UTC,1.000065068880586,1.0002822061539391,609960.7730527662,
2025-08-27 14:00:00.000 UTC,1.000045048125224,1.000265298153513,762786.418226254,
2025-08-27 13:00:00.000 UTC,1.000029550901071,1.000246688849055,627314.3714397369,
2025-08-27 12:00:00.000 UTC,1.0000249948608697,1.0002564295390064,1232890.580934743,
2025-08-27 11:00:00.000 UTC,1.00004276442043,1.000250062515629,168385.69452392164,
2025-08-27 10:00:00.000 UTC,1.0000450110523234,1.0002466436085182,97228.60361153814,
2025-08-27 09:00:00.000 UTC,1.0000464980000001,1.000269692141373,947113.8505478225,
2025-08-27 08:00:00.000 UTC,1.0000637950237123,1.0002706764790665,304641.46580850286,
2025-08-27 07:00:00.000 UTC,1.0000651308564232,1.0002732478437502,480246.58362525393,
2025-08-27 06:00:00.000 UTC,1.0000639215686276,1.0002895575034878,859191.8369469929,
2025-08-27 05:00:00.000 UTC,1.0000841961060878,1.0002900298896327,270314.6451582295,
2025-08-27 04:00:00.000 UTC,1.0000841807499592,1.000303976221438,535248.7441373321,
2025-08-27 03:00:00.000 UTC,1.0000955413993526,1.0003060866049358,447962.6933926655,
2025-08-27 02:00:00.000 UTC,1.0000972454694932,1.0002998828684566,96661.95010356454,
2025-08-27 01:00:00.000 UTC,1.000097064499091,1.000303045578289,339253.0074361269,
2025-08-27 00:00:00.000 UTC,1.00009231103909,1.0002980809291515,248276.5479898358,
2025-08-26 23:00:00.000 UTC,1.0000881474502297,1.0002940864614196,749948.0975654132,
2025-08-26 22:00:00.000 UTC,1.0000884649564787,1.0002920739271042,140774.43686856198,
2025-08-26 21:00:00.000 UTC,1.00009039,1.0003049404929816,583212.2396151734,
2025-08-26 20:00:00.000 UTC,1.0000989156626503,1.0003312406014873,1570514.3673626417,
2025-08-26 19:00:00.000 UTC,1.0000755250194033,1.0003096036696053,976528.228605046,
2025-08-26 18:00:00.000 UTC,1.000048395046229,1.0002812775721268,1902852.486836308,
2025-08-26 17:00:00.000 UTC,1.0000424598021078,1.0002666614315958,1218206.5168212275,
2025-08-26 16:00:00.000 UTC,1.000046129759517,1.0002526398461093,364627.78023599903,
2025-08-26 15:00:00.000 UTC,1.000035974375788,1.0002476688246584,425693.3265327499,
2025-08-26 14:00:00.000 UTC,1.0000247660087243,1.000235529508978,726657.7016564651,
2025-08-26 13:00:00.000 UTC,1.0000246792365008,1.0002441201805128,686513.7067027886,
2025-08-26 12:00:00.000 UTC,1.0000405773539367,1.0003297207299644,1821514.7861628477,
2025-08-26 11:00:00.000 UTC,1.000131143720498,1.0003545295482503,731692.4508990722,
2025-08-26 10:00:00.000 UTC,1.000140759989804,1.000358543877677,1100361.3931363719,
2025-08-26 09:00:00.000 UTC,1.0001580238438097,1.00043816296526,6341948.004448618,
2025-08-26 08:00:00.000 UTC,1.0001239064115197,1.0003968129242335,2358676.589596037,
2025-08-26 07:00:00.000 UTC,1.0001,1.0003401432108117,314985.74384572014,
2025-08-26 06:00:00.000 UTC,1.0001368528998993,1.0003391659995384,494894.8651034701,
2025-08-26 05:00:00.000 UTC,1.0001542064492883,1.0003565224341544,45300.81008817726,
2025-08-26 04:00:00.000 UTC,1.0000824040382714,1.0003627919119578,2034536.7027272875,
2025-08-26 03:00:00.000 UTC,1.000078773347802,1.0002825829838617,231743.63553309592,
2025-08-26 02:00:00.000 UTC,1.0000677354000678,1.0002811565290706,696042.3904522419,
2025-08-26 01:00:00.000 UTC,1.0000691916833389,1.0002801204085703,518861.91586447996,
2025-08-26 00:00:00.000 UTC,1.0000661841119889,1.0002802871482515,1357286.092514945,
2025-08-25 23:00:00.000 UTC,1.0000664504472483,1.0003339807376181,4077339.276244006,
2025-08-25 22:00:00.000 UTC,0.9999899375,1.0002773877621536,2474259.0829053274,
2025-08-25 21:00:00.000 UTC,0.9999144577670832,1.0001970071083133,6105400.6068041315,
2025-08-25 20:00:00.000 UTC,0.9999716292334597,1.0002111524214863,2307522.9489062317,
2025-08-25 19:00:00.000 UTC,0.999996008484483,1.000220300431105,1108644.812488004,
2025-08-25 18:00:00.000 UTC,0.9999666666666668,1.0002203919314416,748591.8518539307,
2025-08-25 17:00:00.000 UTC,0.99995,1.0002295633005935,3897423.293034518,
2025-08-25 16:00:00.000 UTC,0.9998727942426974,1.000192269720539,2710590.646659124,
2025-08-25 15:00:00.000 UTC,0.9998466899058597,1.0000728543515824,720404.2364515797,
2025-08-25 14:00:00.000 UTC,0.9998232402721614,1.000086495118983,2145053.476235821,
2025-08-25 13:00:00.000 UTC,0.9997582848815346,1.0000838793,4034604.5847725202,
2025-08-25 12:00:00.000 UTC,0.9997468482097831,0.9999581062884099,655922.1227500598,
2025-08-25 11:00:00.000 UTC,0.9997518558752573,0.9999588123623037,402724.92325595004,
2025-08-25 10:00:00.000 UTC,0.9997588233333332,0.9999694243413263,646634.133286968,
2025-08-25 09:00:00.000 UTC,0.9997647647647648,0.9999692959562776,267305.1072635377,
2025-08-25 08:00:00.000 UTC,0.9997627724390253,0.9999789127540939,1012178.4568820505,
2025-08-25 07:00:00.000 UTC,0.99975,0.9999829662220182,264343.24642010033,
2025-08-25 06:00:00.000 UTC,0.999784676153534,1.0000661044639398,1987321.8287440618,
2025-08-25 05:00:00.000 UTC,0.9998550071364853,1.000108451318186,3264138.3788682176,
2025-08-25 04:00:00.000 UTC,0.9997751425998198,1.0000790353083846,3060420.1969390223,
2025-08-25 03:00:00.000 UTC,0.9997722014803946,0.9999757948370388,190835.39163195266,
2025-08-25 02:00:00.000 UTC,0.9997735944803896,0.9999756028772991,156362.32409718787,
2025-08-25 01:00:00.000 UTC,0.9997701957391587,0.9999745108367096,54445.28533919245,
2025-08-25 00:00:00.000 UTC,0.9997581784078661,0.9999909880682024,2290766.28130297,
2025-08-24 23:00:00.000 UTC,0.9997830000000001,0.9999870933709909,248149.67915276822,
2025-08-24 22:00:00.000 UTC,0.9997570514299088,0.9999878207168929,1263242.263559663,
2025-08-24 21:00:00.000 UTC,0.9997275306952207,0.9999580931725991,1948173.929598393,
2025-08-24 20:00:00.000 UTC,0.9996459603212101,0.9999253864276005,3252882.298304305,
2025-08-24 19:00:00.000 UTC,0.9996525419087733,0.9998821202122405,2387515.8310005786,
2025-08-24 18:00:00.000 UTC,0.9996743765911745,0.9998819693979805,619603.9381689596,
2025-08-24 17:00:00.000 UTC,0.9996732266666667,0.9998790329525403,376224.72013442253,
2025-08-24 16:00:00.000 UTC,0.999668658,0.9998788429873001,442136.44380156265,
2025-08-24 15:00:00.000 UTC,0.9996652498947352,0.9998886931708798,1105245.540917873,
2025-08-24 14:00:00.000 UTC,0.9996525254727858,0.9998838523023642,1407442.7644680927,
2025-08-24 13:00:00.000 UTC,0.9996467669614513,0.9998645308129556,688745.165628375,
2025-08-24 12:00:00.000 UTC,0.99964,0.9998490526806144,98371.51296949922,
2025-08-24 11:00:00.000 UTC,0.999647681564246,0.9998535435089562,312076.32317822287,
2025-08-24 10:00:00.000 UTC,0.9996259104831074,0.9998503301214722,764988.4707130576,
2025-08-24 09:00:00.000 UTC,0.9996249947915944,0.9998354112222445,356439.65221465484,
2025-08-24 08:00:00.000 UTC,0.999632,0.9998355862992568,105209.32121115437,
2025-08-24 07:00:00.000 UTC,0.9996299999999999,0.9998548843428213,645233.7245378797,
2025-08-24 06:00:00.000 UTC,0.9996525333333334,0.9998544866339206,72298.65618597179,
2025-08-24 05:00:00.000 UTC,0.9996490688154855,0.9998552745556384,339337.60868373065,
2025-08-24 04:00:00.000 UTC,0.9996515922235384,0.9998560689643203,194891.91060506736,
2025-08-24 03:00:00.000 UTC,0.9996505342635884,0.9998560957426653,407801.65164300246,
2025-08-24 02:00:00.000 UTC,0.999650037230082,0.9998552813431018,134456.2586378001,
2025-08-24 01:00:00.000 UTC,0.9996516582290548,0.9998555118446764,167729.57064704262,
2025-08-24 00:00:00.000 UTC,0.9996480268558879,0.9998523550904876,320789.16466683586,
2025-08-23 23:00:00.000 UTC,0.9996480956282093,0.9998523672188687,401207.39305418415,
2025-08-23 22:00:00.000 UTC,0.9996454501026918,0.9998519221412662,379326.7963528311,
2025-08-23 21:00:00.000 UTC,0.9996377851488278,0.999844068993666,200731.17717787373,
2025-08-23 20:00:00.000 UTC,0.9996432077611276,0.9998467862833651,39180.899324364735,
2025-08-23 19:00:00.000 UTC,0.9996418813461546,0.9998749609252893,136862.89266280492,
2025-08-23 18:00:00.000 UTC,0.9996406472917242,0.9998420438626943,81970.03953628862,
2025-08-23 17:00:00.000 UTC,0.9996405335951541,0.9998430214866856,295748.4035479723,
2025-08-23 16:00:00.000 UTC,0.9996345732446508,0.9998399900007925,320307.3018974475,
2025-08-23 15:00:00.000 UTC,0.9974126778783958,0.9998348641615371,1270646.870837772,0.0007690051746442432
2025-08-23 14:00:00.000 UTC,0.9996154605639219,0.9998224148593188,322407.7566960134,
2025-08-23 13:00:00.000 UTC,0.999625350471912,0.9998369185958311,571646.9904497496,
2025-08-23 12:00:00.000 UTC,0.9996334994144761,0.9998427092326496,682816.2637011932,
2025-08-23 11:00:00.000 UTC,0.9996317265763277,0.9998466956632465,735361.0467072359,
2025-08-23 10:00:00.000 UTC,0.9996415183006995,0.9998474973795929,303662.1566414415,
2025-08-23 09:00:00.000 UTC,0.9996414906588779,0.9998457058041208,324380.0657476608,
2025-08-23 08:00:00.000 UTC,0.9996401205141731,0.9998429105350066,132052.50447321328,
2025-08-23 07:00:00.000 UTC,0.9996400257566618,0.9998476846656992,902486.9346236873,
2025-08-23 06:00:00.000 UTC,0.9996407764680343,0.999847641383014,396035.08029485017,
2025-08-23 05:00:00.000 UTC,0.9996412321673505,0.9998521981416635,623772.1992311304,
2025-08-23 04:00:00.000 UTC,0.9996396063788449,0.9998506653923447,777254.5399777858,
2025-08-23 03:00:00.000 UTC,0.9996447156323157,0.9999099313654252,1793169.2487113057,
2025-08-23 02:00:00.000 UTC,0.9997041519583123,0.9999122317388178,779462.5338800751,
2025-08-23 01:00:00.000 UTC,0.999711158891553,1.0000110795304997,2824809.035735756,
2025-08-23 00:00:00.000 UTC,0.9998078871066088,1.0000448522916359,1320927.2187107473,
2025-08-22 23:00:00.000 UTC,0.9998429868677898,1.0001173692914502,2058859.3439227175,
2025-08-22 22:00:00.000 UTC,0.9999168163265306,1.0001535670098964,1813039.9294026361,
2025-08-22 21:00:00.000 UTC,0.9999535483319076,1.0001648002285097,732877.0424582068,
2025-08-22 20:00:00.000 UTC,0.9999637440568455,1.0001687549220186,310839.6145201891,
2025-08-22 19:00:00.000 UTC,0.9999091918265468,1.000161049433296,1802646.1103014196,
2025-08-22 18:00:00.000 UTC,0.9999087779640136,1.0001466214947112,2227337.5854211403,
2025-08-22 17:00:00.000 UTC,0.9998375074513617,1.000183673446387,6278835.261431331,
2025-08-22 16:00:00.000 UTC,0.9997850852,1.000048746453054,2193972.1980951736,
2025-08-22 15:00:00.000 UTC,0.9997853941398199,1.0000760398216149,7143389.578189263,
2025-08-22 14:00:00.000 UTC,0.9998028691534269,1.0000593381089806,3980282.948370493,
2025-08-22 13:00:00.000 UTC,0.9998070639919355,1.0000221396200137,544454.5512254608,
2025-08-22 12:00:00.000 UTC,0.999820559565486,1.0000283008009128,518017.00686091004,
2025-08-22 11:00:00.000 UTC,0.9997777783800728,1.0000283200620128,5307580.179922338,
2025-08-22 10:00:00.000 UTC,0.9998200513599024,1.0000305436774588,323767.2623998448,
2025-08-22 09:00:00.000 UTC,0.9998133684210526,1.000018411020772,179904.6191923227,
2025-08-22 08:00:00.000 UTC,0.9998128102872955,1.0000183451635787,414693.1677082512,
2025-08-22 07:00:00.000 UTC,0.9998092086638274,1.0000280443724539,966561.4671751694,
2025-08-22 06:00:00.000 UTC,0.9998073896826406,1.0000118162508744,236036.4483080612,
2025-08-22 05:00:00.000 UTC,0.9998101300000001,1.000011203977285,401934.5003762272,
2025-08-22 04:00:00.000 UTC,0.9997631533140622,1.0000386452122867,2189519.392785723,
2025-08-22 03:00:00.000 UTC,0.999759969127559,0.9999690944551822,459184.24660236435,
2025-08-22 02:00:00.000 UTC,0.9997515579087419,0.9999692171960438,623860.0762530013,
2025-08-22 01:00:00.000 UTC,0.9997727009008599,1.000003077536883,973649.2108366394,
2025-08-22 00:00:00.000 UTC,0.9998020180555212,1.0000222556730294,461513.0687158627,
2025-08-21 23:00:00.000 UTC,0.9998202607823471,1.000021562211239,50251.70876447996,
2025-08-21 22:00:00.000 UTC,0.9998188159148749,1.0000216955726364,77927.26171247277,
2025-08-21 21:00:00.000 UTC,0.9998017497136601,1.0000221412768833,772714.1763722269,
2025-08-21 20:00:00.000 UTC,0.9998126888217522,1.0000304605327415,423178.22275494295,
2025-08-21 19:00:00.000 UTC,0.999832690754789,1.000049413795126,550824.9994587611,
2025-08-21 18:00:00.000 UTC,0.999831418147821,1.0000480535757796,360759.88224883104,
2025-08-21 17:00:00.000 UTC,0.9998255693139914,1.0000390015210592,752503.6312653136,
2025-08-21 16:00:00.000 UTC,0.9998210723247855,1.00006367890118,1187267.2536935143,
2025-08-21 15:00:00.000 UTC,0.9998578255011986,1.0000602036242583,155611.91712158098,
2025-08-21 14:00:00.000 UTC,0.9998426734262449,1.0000575131672182,547482.6872385152,
2025-08-21 13:00:00.000 UTC,0.9998355641603696,1.000135683660168,2418312.415523487,
2025-08-21 12:00:00.000 UTC,0.9999328484744479,1.0001369413636363,231928.58404478055,
2025-08-21 11:00:00.000 UTC,0.9999323314262263,1.0001389362279596,270507.0663985646,
2025-08-21 10:00:00.000 UTC,0.9999316853766924,1.0001332418488988,150942.0803834473,
2025-08-21 09:00:00.000 UTC,0.9999286485565078,1.0001367930564333,852672.7695597562,
2025-08-21 08:00:00.000 UTC,0.9999781001396143,1.0002185314685315,951811.562292827,
2025-08-21 07:00:00.000 UTC,1.0000243331615728,1.0002488877801312,880923.3340511993,
2025-08-21 06:00:00.000 UTC,1.0000587426732601,1.0002612183962758,116117.46410735651,
2025-08-21 05:00:00.000 UTC,1.0000592072803025,1.0002610466000628,88961.0727320778,
2025-08-21 04:00:00.000 UTC,1.0000621893600552,1.0003461190618772,5899471.350450764,
2025-08-21 03:00:00.000 UTC,1.000045693877551,1.0002647059409682,682793.9733129553,
2025-08-21 02:00:00.000 UTC,1.0000452103438828,1.0002491673320517,239708.14555480442,
2025-08-21 01:00:00.000 UTC,1.0000482862903226,1.0002497232066363,65581.93257921051,
2025-08-21 00:00:00.000 UTC,0.9852941176470589,1.0002493570864022,144229.41768589945,0.00006601470588235294
2025-08-20 23:00:00.000 UTC,0.9999242309440824,1.0002663967179923,129289.78436412792,
2025-08-20 22:00:00.000 UTC,1.0000483769864128,1.0002510170486016,157313.63588267198,
2025-08-20 21:00:00.000 UTC,0.9988713318284426,1.000260146893999,1321680.3132517529,0.0008840011286681717
2025-08-20 20:00:00.000 UTC,1.0000231527432986,1.0002247864868854,111645.20879800954,
2025-08-20 19:00:00.000 UTC,1.0000226382697839,1.0002319867292015,773116.2646790931,
2025-08-20 18:00:00.000 UTC,1.0000005749899503,1.000232151673689,1156222.5968968691,
2025-08-20 17:00:00.000 UTC,1.0000033898305085,1.0002085216534873,509068.9507183345,
2025-08-20 16:00:00.000 UTC,1.0000035100000717,1.000217129171883,482104.85143438994,
2025-08-20 15:00:00.000 UTC,1.0000008831031468,1.000215257607917,724449.0703830128,
2025-08-20 14:00:00.000 UTC,1.0000015442899173,1.0002442958151099,2109338.6330549447,
2025-08-20 13:00:00.000 UTC,1.000013,1.0002266103877677,798820.7412759503,
2025-08-20 12:00:00.000 UTC,0.9999458538255918,1.0002128622875812,1650763.1340291672,
2025-08-20 11:00:00.000 UTC,0.9999441389703486,1.0001490222043083,270770.024434696,
2025-08-20 10:00:00.000 UTC,0.9999319234573941,1.00019267685794,1883407.2336390386,
2025-08-20 09:00:00.000 UTC,0.99999552155339,1.000212257255794,585059.7867951582,
2025-08-20 08:00:00.000 UTC,1.0000115287490658,1.0002573052466124,1816158.534726165,
2025-08-20 07:00:00.000 UTC,0.9999804109776882,1.0002622072996334,1595132.8389560962,
2025-08-20 06:00:00.000 UTC,1.00000502,1.000209661017146,345998.2684031387,
2025-08-20 05:00:00.000 UTC,0.999994429715,1.0002033522022966,296756.51640790387,
2025-08-20 04:00:00.000 UTC,0.9999494949494949,1.000232673452539,1017357.7166246492,
2025-08-20 03:00:00.000 UTC,0.9999197745227123,1.000257149386134,8536014.801129,
2025-08-20 02:00:00.000 UTC,0.9999063231917323,1.0001166854198398,249182.11622289257,
2025-08-20 01:00:00.000 UTC,0.999906232918954,1.0001289987174733,750275.4455243393,
2025-08-20 00:00:00.000 UTC,0.9999316270694877,1.0001805201053022,3715540.2590529425,
2025-08-19 23:00:00.000 UTC,0.9999303379310346,1.0001527203552554,996285.8429964234,
2025-08-19 22:00:00.000 UTC,0.999933073556527,1.0001525315211885,1000282.2448905988,
2025-08-19 21:00:00.000 UTC,0.9999512149936275,1.0001614960545824,330534.0386999274,
2025-08-19 20:00:00.000 UTC,0.9999592499989811,1.0001821594135802,959083.5599436747,
2025-08-19 19:00:00.000 UTC,0.9999595978412964,1.0002223313562164,3674123.055419642,
2025-08-19 18:00:00.000 UTC,1.000018645979483,1.0002444708378009,1203426.4376066183,
2025-08-19 17:00:00.000 UTC,1.0000369613181226,1.0002857485311878,1884968.9772384653,
2025-08-19 16:00:00.000 UTC,1.0000488311606812,1.0002931192003104,2090599.741185275,
2025-08-19 15:00:00.000 UTC,1.0000337788687512,1.0004534791370427,8036386.416973624,
2025-08-19 14:00:00.000 UTC,1.0002019547120684,1.0004674125792412,897674.660384062,
2025-08-19 13:00:00.000 UTC,1.000219992111962,1.00045043349546,1108139.875424236,
2025-08-19 12:00:00.000 UTC,1.0002631102174113,1.0005374659447093,1748514.5715538436,
2025-08-19 11:00:00.000 UTC,1.0003315744459984,1.0005418755902165,355646.2232189516,
2025-08-19 10:00:00.000 UTC,1.0003364000168202,1.000547076076218,749646.6982567685,
2025-08-19 09:00:00.000 UTC,1.0003070289828757,1.0005411696092463,708020.4790776878,
2025-08-19 08:00:00.000 UTC,1.0003061571243779,1.0005173542637193,411159.8101085936,
2025-08-19 07:00:00.000 UTC,1.0003138798547493,1.0005312940235909,457127.813082128,
2025-08-19 06:00:00.000 UTC,1.0003312929239447,1.000567322707233,769656.5924208994,
2025-08-19 05:00:00.000 UTC,1.000350267282615,1.0006052321407146,2112491.9130471344,
2025-08-19 04:00:00.000 UTC,1.0003597623857488,1.000603534706787,1386957.464137924,
2025-08-19 03:00:00.000 UTC,1.0003548532055124,1.000630337450421,1745311.7541018599,
2025-08-19 02:00:00.000 UTC,1.000428004721417,1.0006359893754027,539967.0015219752,
2025-08-19 01:00:00.000 UTC,1.0004261833688184,1.0006379834039814,356861.0478748936,
2025-08-19 00:00:00.000 UTC,1.0004098360655738,1.0006477306146078,480760.23580945586,
2025-08-18 23:00:00.000 UTC,1.0004448279238392,1.0006932729415572,359491.91885801806,
2025-08-18 22:00:00.000 UTC,1.0004623442254998,1.0006763197726551,299024.20321089646,
2025-08-18 21:00:00.000 UTC,1.000472900229396,1.0006969206941585,537803.2556197349,
2025-08-18 20:00:00.000 UTC,1.0005028917910448,1.0007204451240113,301760.1566002141,
2025-08-18 19:00:00.000 UTC,1.0005171164644084,1.0007380082603907,553351.4726844617,
2025-08-18 18:00:00.000 UTC,1.0005,1.0007806235808316,2888492.9140793937,
2025-08-18 17:00:00.000 UTC,1.000526,1.0007444655111486,528312.105936911,
2025-08-18 16:00:00.000 UTC,1.0005472749741071,1.0007857497057335,1528582.940252832,
2025-08-18 15:00:00.000 UTC,1.0004074114940966,1.0025503536644034,14596091.748251008,601530.212198642
2025-08-18 14:00:00.000 UTC,1.0003938802975718,1.000619822096616,933415.6239383585,
2025-08-18 13:00:00.000 UTC,1.0003849009830847,1.0007187941541347,3387034.3720724494,
2025-08-18 12:00:00.000 UTC,1.0005134873333332,1.0007208061534336,170497.05103118354,
2025-08-18 11:00:00.000 UTC,1.0004919423075387,1.0007134887789348,593338.7865444606,
2025-08-18 10:00:00.000 UTC,1.0004778929202605,1.0007143521168798,888571.5230766756,
2025-08-18 09:00:00.000 UTC,1.0005115975591081,1.064516129032258,800808.0537159861,0.000035129032258064514
2025-08-18 08:00:00.000 UTC,1.000529769174032,1.0007756618037282,824485.8399031529,
2025-08-18 07:00:00.000 UTC,1.0005559838592832,1.000772193786266,254708.7812396806,
2025-08-18 06:00:00.000 UTC,1.0004994467838526,1.00095475254323,5140945.130646043,
2025-08-18 05:00:00.000 UTC,1.0005276045835971,1.0008242463541666,2609046.886366346,
2025-08-18 04:00:00.000 UTC,1.0005793528130769,1.0007929195947685,424442.33276423765,
2025-08-18 03:00:00.000 UTC,1.0005929934642963,1.0008210554245116,512330.878129832,
2025-08-18 02:00:00.000 UTC,1.000534,1.0008496169458334,3168773.433451428,
2025-08-18 01:00:00.000 UTC,1.0004945171505524,1.0007889339260811,2988703.018512129,
2025-08-18 00:00:00.000 UTC,1.0004878056204207,1.0007423594391371,1140301.3477142504,
2025-08-17 23:00:00.000 UTC,1.000479516439205,1.0007105044581652,575198.7372625406,
2025-08-17 22:00:00.000 UTC,1.0005000811273868,1.000710523055768,452314.488915427,
2025-08-17 21:00:00.000 UTC,1.0004712077402749,1.0006921953989807,400647.3400367718,
2025-08-17 20:00:00.000 UTC,1,1.0006718790539795,238512.35073873124,
2025-08-17 19:00:00.000 UTC,1.0004305013248256,1.0006616955514769,513495.7513551118,
2025-08-17 18:00:00.000 UTC,1.0004070717858293,1.0006946299759552,1732866.4500134164,
2025-08-17 17:00:00.000 UTC,1.000404824595053,1.000607338788259,61279.55595515922,
2025-08-17 16:00:00.000 UTC,1.0004015108057527,1.000625902025436,748194.9173384008,
2025-08-17 15:00:00.000 UTC,1.0004014370730756,1.0007006305675108,306322.51390986063,
2025-08-17 14:00:00.000 UTC,1.000416071366369,1.0006474941653787,827180.9414857086,
2025-08-17 13:00:00.000 UTC,1.0004281009695755,1.0006388382861002,295908.33282880916,
2025-08-17 12:00:00.000 UTC,1.0004271878593916,1.000628978471409,37893.29414962098,
2025-08-17 11:00:00.000 UTC,1.0003523362550388,1.0064724919093853,1914549.8837682875,0.00031301294498381883
2025-08-17 10:00:00.000 UTC,1.0003992221501143,1.0006592503708163,917314.0327103934,
2025-08-17 09:00:00.000 UTC,1.0004497938881798,1.0007833059145999,2174779.2181223035,
2025-08-17 08:00:00.000 UTC,1.0005222555937638,1.0007843859156615,847395.6789442162,
2025-08-17 07:00:00.000 UTC,1.0005030828368897,1.0007227173772595,237104.4733538324,
2025-08-17 06:00:00.000 UTC,1.0005031828253748,1.0007702749167768,887701.3567152113,
2025-08-17 05:00:00.000 UTC,1.0005381671701914,1.000765496844464,650891.8559501624,
2025-08-17 04:00:00.000 UTC,1.0005653189771826,1.0008266870726397,798739.3658791491,
2025-08-17 03:00:00.000 UTC,1.000531926126064,1.000826402595464,1202741.2841126292,
2025-08-17 02:00:00.000 UTC,1.000534450398523,1.000741520969653,191478.2709119145,
2025-08-17 01:00:00.000 UTC,1.0005339475693396,1.0007480866245948,73806.12825846388,
2025-08-17 00:00:00.000 UTC,1.0005338851763321,1.0007361016368181,42696.00865426635,
2025-08-16 23:00:00.000 UTC,1.0005345010577114,1.0007425465072175,143685.72935800394,
2025-08-16 22:00:00.000 UTC,1.0005345230255025,1.0007430182162018,210121.55820108717,
2025-08-16 21:00:00.000 UTC,1.0005382623965142,1.000775000160124,476963.00660492294,
2025-08-16 20:00:00.000 UTC,1.000529639165876,1.0007848687266858,1182542.6521351396,
2025-08-16 19:00:00.000 UTC,1.0005291955563647,1.0007413241175427,285506.0375118156,
2025-08-16 18:00:00.000 UTC,1.0005388004176747,1.0007909948871643,841270.5589655911,
2025-08-16 17:00:00.000 UTC,1.000590599334169,1.0007951743014334,275357.65604909806,
2025-08-16 16:00:00.000 UTC,1.0005990937159208,1.0008118054322668,253432.16214997484,
2025-08-16 15:00:00.000 UTC,1.000594,1.000816169559516,941720.3560834045,
2025-08-16 14:00:00.000 UTC,1.0006033118812563,1.0008136646408845,388319.9887879929,
2025-08-16 13:00:00.000 UTC,1.000612313656469,1.000895755712,956972.9244957081,
2025-08-16 12:00:00.000 UTC,1.00065,1.0236756420877644,7158366.054004243,7035588.309539058
2025-08-16 11:00:00.000 UTC,1.0006355129759898,1.00095822825179,4361995.805452194,
2025-08-16 10:00:00.000 UTC,1.000655100097298,1.0008782966747674,387612.69105026015,
2025-08-16 09:00:00.000 UTC,1.0006715888559945,1.0009429675198065,1321329.0296093903,
2025-08-16 08:00:00.000 UTC,1.0007284586239305,1.0059458297780668,8752606.999151288,5883397.7214085795
2025-08-16 07:00:00.000 UTC,1.0007146477553397,1.0009952335514212,1237928.4697231138,
2025-08-16 06:00:00.000 UTC,1.0007923770046379,1.0009991828527258,99279.10935746452,
2025-08-16 05:00:00.000 UTC,1.0007532837897457,1.0010136227416142,793014.03122406,1682.7906012243634
2025-08-16 04:00:00.000 UTC,1.0007574719866534,1.000995943916682,704463.5475517195,
2025-08-16 03:00:00.000 UTC,1.00065118,1.0009609475627634,728685.8316410712,
2025-08-16 02:00:00.000 UTC,1.0005916380131061,1.0008563739015301,1107416.4898401138,
2025-08-16 01:00:00.000 UTC,1.0005509090383637,1.000809921597975,927077.7566633876,
2025-08-16 00:00:00.000 UTC,1.0005407630702001,1.0007549702231613,217211.5213834063,
2025-08-15 23:00:00.000 UTC,0.9974683544303797,1.0007636280376555,1393526.2592587348,0.00039300253164556957
2025-08-15 22:00:00.000 UTC,1.0005724027272727,1.0057829576195572,7815384.055340117,7138169.9450204875
2025-08-15 21:00:00.000 UTC,1.000465004508887,1.0008263812182936,2847772.255775247,
2025-08-15 20:00:00.000 UTC,1.000466950413223,1.0106549576144686,10897437.325441044,10166782.547912497
2025-08-15 19:00:00.000 UTC,1.0004653059907171,1.000673095172892,456040.35638622066,
2025-08-15 18:00:00.000 UTC,1.0004800496688633,1.0007166975171635,891051.6086946501,
2025-08-15 17:00:00.000 UTC,1.000514805134185,1.0007837913603062,2829040.762262487,
2025-08-15 16:00:00.000 UTC,1.000479423076923,1.0007947397978507,4653890.401082175,
2025-08-15 15:00:00.000 UTC,1.0004417803686863,1.0008564768055555,7273901.914256296,
2025-08-15 14:00:00.000 UTC,1.0004495346965239,1.000774153452741,3023204.803301648,
2025-08-15 13:00:00.000 UTC,1.000534446756237,1.0007746900945729,1038617.8939064463,
2025-08-15 12:00:00.000 UTC,1.000563531896214,1.0007775557942715,718239.467829533,
2025-08-15 11:00:00.000 UTC,1.0005580665755498,1.0007996543687327,2736371.441941232,
2025-08-15 10:00:00.000 UTC,1.0005734709418739,1.0007807157383055,270200.60859578056,
2025-08-15 09:00:00.000 UTC,1.0005714348800674,1.0008428754256664,1271520.742084895,
2025-08-15 08:00:00.000 UTC,1.000637315188172,1.0009650443460336,2041850.5300091035,
2025-08-15 07:00:00.000 UTC,1.0007399967836526,1.0010483673133872,1506254.8313229615,117025.88732826718
2025-08-15 06:00:00.000 UTC,1.0008133778128736,1.0011613393342695,3453069.554616497,1715814.3716454094
2025-08-15 05:00:00.000 UTC,1.000814535,1.001031926653053,195077.83625984783,81949.96716558503
2025-08-15 04:00:00.000 UTC,1.0008126888217523,1.0010705905027808,459015.7876155172,179817.53101058092
2025-08-15 03:00:00.000 UTC,1.0008343212850377,1.0260921151425,5215318.20333484,4018467.7509237695
2025-08-15 02:00:00.000 UTC,1.000640538890806,1.0173612928133333,11752459.054937603,10018428.664563451
2025-08-15 01:00:00.000 UTC,1.0006284824481262,1.0008526246275988,1448569.4186341376,
2025-08-15 00:00:00.000 UTC,1.0005859155097523,1.0008531390599562,977962.6844401128,
2025-08-14 23:00:00.000 UTC,1.0005735921215495,1.0007857434495142,557275.9527233796,
2025-08-14 22:00:00.000 UTC,1.000539472,1.0007963146709824,1287732.799872541,
2025-08-14 21:00:00.000 UTC,1.000490259,1.0007584445288435,1235543.4722492779,
2025-08-14 20:00:00.000 UTC,1.0004355480452998,1.000690553464717,1369704.4738469268,
2025-08-14 19:00:00.000 UTC,1.0003932621091955,1.00064040760988,1157564.0283357366,
2025-08-14 18:00:00.000 UTC,1.0004012268126432,1.0006446215107203,1416905.6253482038,
2025-08-14 17:00:00.000 UTC,1.0003986624404264,1.0006418674445803,976279.946452944,
2025-08-14 16:00:00.000 UTC,1.0004052163082215,1.0007013876673974,3002046.357570482,
2025-08-14 15:00:00.000 UTC,1.0004635595054097,1.0007351776068096,2296356.8072667634,
2025-08-14 14:00:00.000 UTC,1.000459813443286,1.0006805927522933,991395.0219028998,
2025-08-14 13:00:00.000 UTC,1.0004380840880973,1.0008063321155012,5154894.939394002,
2025-08-14 12:00:00.000 UTC,1.0004670460821685,1.0007149617509188,1635020.3600365382,
2025-08-14 11:00:00.000 UTC,1.0004973277777778,1.000732393207242,886980.4557611953,
2025-08-14 10:00:00.000 UTC,1.000511748950097,1.0007671267062703,680216.0439553516,
2025-08-14 09:00:00.000 UTC,1.0005462988254576,1.00076622975268,881031.7471551745,
2025-08-14 08:00:00.000 UTC,1.0004106681180562,1.0008064873059535,3266242.4906145786,
2025-08-14 07:00:00.000 UTC,1.0003982831320797,1.0006299128572547,918360.5381084516,
2025-08-14 06:00:00.000 UTC,1.0002693560043225,1.00060158420977,11587013.390136175,
2025-08-14 05:00:00.000 UTC,1.000317662563535,1.010355620493724,12884056.70793968,7672427.8808573615
2025-08-14 04:00:00.000 UTC,1.0002962041666668,1.0066278789170477,10749129.54273535,5553556.932671665
2025-08-14 03:00:00.000 UTC,1.000283982947971,1.0005345311919636,1804513.5246583694,
2025-08-14 02:00:00.000 UTC,1.000296963630297,1.000519889390747,533370.0710216189,
2025-08-14 01:00:00.000 UTC,1.0002902126313429,1.0004956071854934,276526.7524477919,
2025-08-14 00:00:00.000 UTC,1.0002687997901754,1.0004908203530065,765508.4986766428,
2025-08-13 23:00:00.000 UTC,0.9999072112400175,1.0005679957799816,16185123.188053928,
2025-08-13 22:00:00.000 UTC,1.0003332691203246,1.0005931967744925,1294533.1908512383,
2025-08-13 21:00:00.000 UTC,1.0002447917228567,1.0005668912436059,2195118.791881837,
2025-08-13 20:00:00.000 UTC,1.0001847873638443,1.0004404534863152,1416112.0313327566,
2025-08-13 19:00:00.000 UTC,1.0001450994196417,1.0003993866460124,1932055.5476379928,
2025-08-13 18:00:00.000 UTC,1.0001165065170798,1.0003665226965104,2753427.4831429427,
2025-08-13 17:00:00.000 UTC,1.0001416920000001,1.0003665468469072,796741.2528149317,
2025-08-13 16:00:00.000 UTC,1.0001129496809171,1.0003829465919554,2951148.839678362,
2025-08-13 15:00:00.000 UTC,1.0001535500835124,1.0003736227124813,918149.6243391824,
2025-08-13 14:00:00.000 UTC,1.0000625201612903,1.0003581755503816,1975854.1098270742,
2025-08-13 13:00:00.000 UTC,1.0000616230000001,1.0002738008125653,1206332.76653283,
2025-08-13 12:00:00.000 UTC,1.0000624383951588,1.000266923443209,392692.64787250943,
2025-08-13 11:00:00.000 UTC,0.9999934201388889,1.0002681709086132,2284525.398707399,
2025-08-13 10:00:00.000 UTC,0.9999803415,1.0002000912641822,1651445.1079330663,
2025-08-13 09:00:00.000 UTC,0.9999778833431135,1.0002296641674713,1893785.7084889745,
2025-08-13 08:00:00.000 UTC,1.0000168326511671,1.000244918227773,1066407.5359144618,
2025-08-13 07:00:00.000 UTC,0.9999965247906394,1.0002465082580267,1089274.2887118028,
2025-08-13 06:00:00.000 UTC,0.9999556021432447,1.0001908661451269,1112572.859307941,
2025-08-13 05:00:00.000 UTC,0.9999428173205551,1.000156223383573,1427244.356568902,
2025-08-13 04:00:00.000 UTC,0.9998383869884209,1.00009100239833,2643471.427186038,
2025-08-13 03:00:00.000 UTC,0.9998586482092767,1.0000771742710646,865420.0201147577,
2025-08-13 02:00:00.000 UTC,0.9998281543537489,1.000171539420726,3960137.68006662,
2025-08-13 01:00:00.000 UTC,0.9999582947999582,1.0001791620933056,1569142.245710237,
2025-08-13 00:00:00.000 UTC,0.9999227184171131,1.0001946452241168,2169760.7688332982,
2025-08-12 23:00:00.000 UTC,0.9999227665713378,1.0031055900621118,1034931.5590796847,0.0006480062111801242
2025-08-12 22:00:00.000 UTC,0.9999370951266116,1.0002205797960864,2043032.0863398483,
2025-08-12 21:00:00.000 UTC,1.0000199094555626,1.0002495490020504,1232418.3867712708,
2025-08-12 20:00:00.000 UTC,1.0000433121212122,1.0002875723351468,2033640.2503313394,
2025-08-12 19:00:00.000 UTC,1.0000607385811469,1.0002916432978128,957259.4532754922,
2025-08-12 18:00:00.000 UTC,1.000054011235955,1.0002645927223988,613612.1463600378,
2025-08-12 17:00:00.000 UTC,1.0000404047489009,1.0002567615207234,496934.2291936331,
2025-08-12 16:00:00.000 UTC,1.0000168390977444,1.0002412995018704,1348349.3315224054,
2025-08-12 15:00:00.000 UTC,0.999945599598576,1.0002531614946883,2891242.661543898,
2025-08-12 14:00:00.000 UTC,0.9998733626467505,1.0001446665973566,1727100.390032496,
2025-08-12 13:00:00.000 UTC,0.9998468674022066,1.0000686184680598,888199.8337238395,
2025-08-12 12:00:00.000 UTC,0.9998372634500906,1.0001428563680976,2788698.5723244143,
2025-08-12 11:00:00.000 UTC,0.99993,1.0001361839052791,161716.03140461573,
2025-08-12 10:00:00.000 UTC,0.999927462021799,1.0001300537117686,89229.51087824178,
2025-08-12 09:00:00.000 UTC,0.999922775152133,1.0001636699478593,293764.1630635112,
2025-08-12 08:00:00.000 UTC,0.999927,1.0001371287679863,382107.78480347735,
2025-08-12 07:00:00.000 UTC,0.9999288532136954,1.0001447463196897,534776.6144295457,
2025-08-12 06:00:00.000 UTC,0.9999261597977084,1.0001483549478123,547387.1597001954,
2025-08-12 05:00:00.000 UTC,0.9999470468051911,1.0001529591716674,43614.09995160415,
2025-08-12 04:00:00.000 UTC,0.9999400651877767,1.0001531331197697,1019864.2631818589,
2025-08-12 03:00:00.000 UTC,1.0000011630080838,1.000354342272436,6541040.897048596,
2025-08-12 02:00:00.000 UTC,1.000052164288964,1.0002600676175808,157677.1485819609,
2025-08-12 01:00:00.000 UTC,1.0000564259108682,1.0002771653183187,475407.537655735,
2025-08-12 00:00:00.000 UTC,0.9999921370967741,1.0002850281013516,1477920.7977747691,
2025-08-11 23:00:00.000 UTC,0.9999669700319691,1.0001941389443163,898727.573280962,
2025-08-11 22:00:00.000 UTC,0.9999559899776053,1.0001781487796808,1324776.7356586468,
2025-08-11 21:00:00.000 UTC,0.9999604051481917,1.000172480692396,494717.9968954611,
2025-08-11 20:00:00.000 UTC,0.999960255954325,1.000162968378657,215558.71399718898,
2025-08-11 19:00:00.000 UTC,0.9998986177947535,1.0001671198874518,2076846.5494236068,
2025-08-11 18:00:00.000 UTC,0.9998868614544989,1.0001302483636814,1062350.1747083717,
2025-08-11 17:00:00.000 UTC,0.9998816784274193,1.0000985438355612,905236.7139052455,
2025-08-11 16:00:00.000 UTC,0.9998667026550692,1.0000944764675923,1129198.8475674898,
2025-08-11 15:00:00.000 UTC,0.9998649097057593,1.0000714842137268,602116.1615860809,
2025-08-11 14:00:00.000 UTC,0.999852970795569,1.0000697524710045,530414.653039661,
2025-08-11 13:00:00.000 UTC,0.9998490296693812,1.0000552827041354,508343.04551872023,
2025-08-11 12:00:00.000 UTC,0.9998464013064432,1.000138795272491,1342295.9754645284,
2025-08-11 11:00:00.000 UTC,0.9999424467725646,1.0001755488581954,872223.0694838268,
2025-08-11 10:00:00.000 UTC,0.9999735890364401,1.0001948680178196,1632565.450396704,
2025-08-11 09:00:00.000 UTC,0.9999879657553535,1.0001987716585303,225168.06072413598,
2025-08-11 08:00:00.000 UTC,0.9999401794948716,1.0001900661611685,1416777.8119760414,
2025-08-11 07:00:00.000 UTC,0.9999369570935355,1.0001418382970677,275541.5153593696,
2025-08-11 06:00:00.000 UTC,0.9999295835273421,1.0001381058705878,214035.75684902063,
2025-08-11 05:00:00.000 UTC,0.9999301288299243,1.0002796349203065,2308076.626502762,
2025-08-11 04:00:00.000 UTC,1.0000855886069917,1.000386771420296,11146258.377070388,
2025-08-11 03:00:00.000 UTC,1.0001142725237442,1.0625,619219.7404631332,0.000036125
2025-08-11 02:00:00.000 UTC,1.0001385883956684,1.0003585309984062,853927.1147109658,
2025-08-11 01:00:00.000 UTC,1.0000744269127717,1.0003442511837812,744152.3802027148,
2025-08-11 00:00:00.000 UTC,1.0001224351562266,1.0003368648484847,589037.9855929981,
2025-08-10 23:00:00.000 UTC,1.000121778262903,1.000324971540245,175233.73854841405,
2025-08-10 22:00:00.000 UTC,1.0001268786409323,1.0003286375968177,76975.68247444741,
2025-08-10 21:00:00.000 UTC,1.000101378361347,1.0003330773045838,920825.5547662268,
2025-08-10 20:00:00.000 UTC,1.000087809134212,1.0003036154827665,325483.301906605,
2025-08-10 19:00:00.000 UTC,1.000059515416711,1.000287509399883,486941.94629157323,
2025-08-10 18:00:00.000 UTC,1.0000594758064516,1.0002628122779522,149118.45393353907,
2025-08-10 17:00:00.000 UTC,1.0000596884748862,1.00026301970117,96667.19248186339,
2025-08-10 16:00:00.000 UTC,1.000031809651048,1.00026273048629,240325.1055193724,
2025-08-10 15:00:00.000 UTC,1.0000507248595136,1.0003177792583542,1760865.342744334,
2025-08-10 14:00:00.000 UTC,1.0001239337013308,1.0003796739206983,4331672.571894939,
2025-08-10 13:00:00.000 UTC,1.0000635936717428,1.0002934928970946,528393.3719958535,
2025-08-10 12:00:00.000 UTC,1.0000927781374913,1.0003013106150869,232992.25212925876,
2025-08-10 11:00:00.000 UTC,1.0000990835947057,1.0003170604954945,592178.399257857,
2025-08-10 10:00:00.000 UTC,1.0001159830853366,1.0003183963702813,139362.15488593234,
2025-08-10 09:00:00.000 UTC,1.0001122677193741,1.0003176111513843,188332.49134617415,
2025-08-10 08:00:00.000 UTC,1.0001133727212919,1.0003164238633013,422647.4745281373,
2025-08-10 07:00:00.000 UTC,1.0001225472120292,1.0003447056218489,1125077.2523509748,
2025-08-10 06:00:00.000 UTC,1.000126485213088,1.0003354941699119,152487.26935110515,
2025-08-10 05:00:00.000 UTC,1.0001293708803256,1.0003350636863804,183432.46993068804,
2025-08-10 04:00:00.000 UTC,1.000129909365559,1.0003330787853184,78117.59105531298,
2025-08-10 03:00:00.000 UTC,1.0001291762672813,1.0003828322187067,2180017.4076252915,
2025-08-10 02:00:00.000 UTC,1.0001046518177563,1.0003895412411719,2731579.3555197655,
2025-08-10 01:00:00.000 UTC,1.0001865479497385,1.0003920854357504,157029.77510412465,
2025-08-10 00:00:00.000 UTC,1.000191499142846,1.00039811718504,291604.0855670152,
2025-08-09 23:00:00.000 UTC,1.0001917719629114,1.00262123197903,446728.9152992898,0.0007670052424639578
2025-08-09 22:00:00.000 UTC,1.0001434300157592,1.0004062579906292,1350652.0035046022,
2025-08-09 21:00:00.000 UTC,1.0001454179254785,1.000385565078709,859184.6586497683,
2025-08-09 20:00:00.000 UTC,1.0001216630275405,1.0003854018106655,1317521.1693425863,
2025-08-09 19:00:00.000 UTC,1.0001157150629452,1.0019665683382497,166330.0808348313,0.0010210039331366764
2025-08-09 18:00:00.000 UTC,1.0001082702316204,1.0003153996139251,249533.42440544633,
2025-08-09 17:00:00.000 UTC,1.0001066666666667,1.000308434724384,56382.009499966895,
2025-08-09 16:00:00.000 UTC,1.0000730576441101,1.0003074590209593,840740.8626005381,
2025-08-09 15:00:00.000 UTC,1.0000640666086016,1.0002731108249354,480443.4163206709,
2025-08-09 14:00:00.000 UTC,1.000062720998412,1.0002688707640421,1377059.95348182,
2025-08-09 13:00:00.000 UTC,1.000129505,1.0003550121754976,1220725.9193195922,
2025-08-09 12:00:00.000 UTC,1.0001360434029474,1.000354823350834,642942.2759108674,
2025-08-09 11:00:00.000 UTC,1.0001373286290323,1.0003530341706404,1256384.4975282499,
2025-08-09 10:00:00.000 UTC,1.000136240164628,1.0003478779443975,467704.4081825865,
2025-08-09 09:00:00.000 UTC,1.000121571,1.0003364838531101,897717.6517769371,
2025-08-09 08:00:00.000 UTC,1.0001144964202844,1.0003230403800474,306724.9829712352,
2025-08-09 07:00:00.000 UTC,1.0000929044891516,1.0003525181420572,2449061.7220021687,
2025-08-09 06:00:00.000 UTC,1.0001352795693104,1.0003602941572831,1482135.3052328785,
2025-08-09 05:00:00.000 UTC,1.0001142069484414,1.0003544050458355,3590792.1885952787,
2025-08-09 04:00:00.000 UTC,1.0001311602326657,1.0003378498410376,298537.91661926697,
2025-08-09 03:00:00.000 UTC,1.000106955153273,1.0003332099468443,713316.4265349777,
2025-08-09 02:00:00.000 UTC,1.000097313000308,1.0003015591304734,86902.84487245856,
2025-08-09 01:00:00.000 UTC,1.000090156819712,1.0002973645187732,152754.5086995301,
2025-08-09 00:00:00.000 UTC,1.000087604944878,1.0003291031937969,760015.1381068842,
2025-08-08 23:00:00.000 UTC,1.0001252588235294,1.0003270591977147,50309.99377368651,
2025-08-08 22:00:00.000 UTC,1.000123816990372,1.0003268590768322,174806.54368391956,
2025-08-08 21:00:00.000 UTC,1.0000968259579623,1.0003242356665707,837977.0908386179,
2025-08-08 20:00:00.000 UTC,1.0000805639476333,1.0002990712780546,431347.2499389871,
2025-08-08 19:00:00.000 UTC,1.0000935058157736,1.000301564820316,224458.38747795383,
2025-08-08 18:00:00.000 UTC,1.0000796572966084,1.0002977684082075,726409.5894066298,
2025-08-08 17:00:00.000 UTC,1.0000681129312399,1.000330472579339,1712187.9707495268,
2025-08-08 16:00:00.000 UTC,1.0000983834921444,1.0004088313239219,2169505.191726407,
2025-08-08 15:00:00.000 UTC,1.000198907429903,1.000451115943405,1424028.338178612,
2025-08-08 14:00:00.000 UTC,1.0002609767730672,1.00546442669802,12127497.720125085,540500.4736090677
2025-08-08 13:00:00.000 UTC,1.0001722785324223,1.000491123438594,8730892.197965618,
2025-08-08 12:00:00.000 UTC,1.000214026923728,1.0004873045057974,1355343.3840001677,
2025-08-08 11:00:00.000 UTC,1.0001950490721117,1.0004146470447557,441612.5109530926,
2025-08-08 10:00:00.000 UTC,1.0001760341755375,1.0003958219355946,385057.1718024666,
2025-08-08 09:00:00.000 UTC,1.000158457819261,1.0003768257627712,376911.94574429706,
2025-08-08 08:00:00.000 UTC,1.0001537549945574,1.0003590310630506,114564.7825827503,
2025-08-08 07:00:00.000 UTC,1.000142660784637,1.0003543729120687,384042.8378454517,
2025-08-08 06:00:00.000 UTC,1.0001423590935503,1.000355001144951,359939.2984788855,
2025-08-08 05:00:00.000 UTC,1.0001473901960785,1.0003549681196082,202159.0487980461,
2025-08-08 04:00:00.000 UTC,1.000148,1.0004521381726752,1964713.6265984308,
2025-08-08 03:00:00.000 UTC,1.0002521170625014,1.0004612547355922,570049.9313730333,
2025-08-08 02:00:00.000 UTC,1.0002597833333333,1.0004788062436738,536855.3409152451,
2025-08-08 01:00:00.000 UTC,1.0002663247571102,1.000472297476392,367232.4283828358,
2025-08-08 00:00:00.000 UTC,1.0002677798686554,1.0040160642570282,336800.5250689386,0.0020080321285140565
2025-08-07 23:00:00.000 UTC,1.0002330811849616,1.000469608007951,714349.0789394571,
2025-08-07 22:00:00.000 UTC,1.0002251518967793,1.0004360424687366,452506.42087991483,
2025-08-07 21:00:00.000 UTC,1.000231396627566,1.0004439208254137,435002.6045603805,
2025-08-07 20:00:00.000 UTC,1.0002312577562493,1.0004333094079727,73039.12944437914,
2025-08-07 19:00:00.000 UTC,1.0001800533333334,1.0004315106008546,1232693.5450877908,
2025-08-07 18:00:00.000 UTC,1.0001914423342815,1.0003975495819977,262336.00040690665,
2025-08-07 17:00:00.000 UTC,1.000195230855435,1.000406758978357,165340.3180590662,
2025-08-07 16:00:00.000 UTC,1.0001998071498241,1.0004080175447543,279221.8409379943,
2025-08-07 15:00:00.000 UTC,1.0001512400493688,1.0004048002794683,1136464.2170668268,
2025-08-07 14:00:00.000 UTC,1.0001211620689656,1.0003580576472813,938925.8945768427,
2025-08-07 13:00:00.000 UTC,1.0001195004999999,1.0003310331247488,533355.8698814675,
2025-08-07 12:00:00.000 UTC,1.000144105536747,1.0003641497383724,478520.8868818548,
2025-08-07 11:00:00.000 UTC,1.0001621801950689,1.0003737869557223,392409.3819015256,
2025-08-07 10:00:00.000 UTC,1.000155824940096,1.0003748276462163,637097.0593042539,
2025-08-07 09:00:00.000 UTC,1.0001541023314409,1.0003630559466452,221135.28073359723,
2025-08-07 08:00:00.000 UTC,1.00016291,1.000375186326021,286876.48584834323,
2025-08-07 07:00:00.000 UTC,0.9986091794158554,1.0003903667861216,323263.59703957144,0.0007170013908205841
2025-08-07 06:00:00.000 UTC,1.0001902222222223,1.0004020629246888,415472.21643009625,
2025-08-07 05:00:00.000 UTC,1.0002012044049926,1.0004229727840668,1341492.1327696396,
2025-08-07 04:00:00.000 UTC,1.0001506048387097,1.0004483318884072,3145209.681947657,
2025-08-07 03:00:00.000 UTC,1.000078125,1.0003572890208332,1056228.2442846994,
2025-08-07 02:00:00.000 UTC,1.00006548,1.0003016774838658,984775.0161109319,
2025-08-07 01:00:00.000 UTC,1.0000859934784352,1.0003023135865814,657845.7086281381,
2025-08-07 00:00:00.000 UTC,1.0000750668065157,1.0002907303277984,168856.55439019017,
2025-08-06 23:00:00.000 UTC,1.0000716652508082,1.0002845345544056,85431.5606181794,
2025-08-06 22:00:00.000 UTC,1.0000723477689435,1.0002742687511093,74745.6760176913,
2025-08-06 21:00:00.000 UTC,1.0000623956170422,1.0002725399683379,216278.07080667067,
2025-08-06 20:00:00.000 UTC,1.0000446995096273,1.0002625585635765,408532.36494331004,
2025-08-06 19:00:00.000 UTC,0.9999907284200521,1.0002471886110136,1171415.9948064955,
2025-08-06 18:00:00.000 UTC,0.999956374380501,1.0001905265923983,861993.492659185,
2025-08-06 17:00:00.000 UTC,0.9999196335220001,1.0001564452261378,2456630.774704579,
2025-08-06 16:00:00.000 UTC,0.999937529531519,1.0001685021363664,1648614.4439991862,
2025-08-06 15:00:00.000 UTC,0.9999560262619192,1.0001590008109178,160737.50453870586,
2025-08-06 14:00:00.000 UTC,0.999944612286002,1.0001561200573845,288899.55071101163,
2025-08-06 13:00:00.000 UTC,0.99994184,1.000149844672284,386887.1395691362,
2025-08-06 12:00:00.000 UTC,0.9999402264150943,1.0001419216410055,96027.65144547742,
2025-08-06 11:00:00.000 UTC,0.9999398407108937,1.0001426601278045,101944.08764343621,
2025-08-06 10:00:00.000 UTC,0.999938746087593,1.0001412861607453,118310.02341397005,
2025-08-06 09:00:00.000 UTC,0.9999320444444444,1.0001411179114552,380782.66830709,
2025-08-06 08:00:00.000 UTC,0.9999354350567465,1.000139341128167,184463.7483010641,
2025-08-06 07:00:00.000 UTC,0.9999343593134714,1.000139798032055,151394.48453788858,
2025-08-06 06:00:00.000 UTC,0.9999355686934078,1.0001614203189042,1453360.8598479377,
2025-08-06 05:00:00.000 UTC,0.9999528485912876,1.00019074687118,2231999.5247643483,
2025-08-06 04:00:00.000 UTC,0.9999217463999687,1.0019501516904457,56226851.869662784,3005850.4427203047
2025-08-06 03:00:00.000 UTC,0.9999213156650696,1.000131555743518,275354.36352577305,
2025-08-06 02:00:00.000 UTC,0.9999283389342114,1.000132038579807,157890.89004474532,
2025-08-06 01:00:00.000 UTC,0.9999266343999414,1.0001308051077384,153892.7843184205,
2025-08-06 00:00:00.000 UTC,0.9999266201376517,1.000129078844726,120291.24078864318,
2025-08-05 23:00:00.000 UTC,0.9999231205093315,1.0001280457812916,127657.94764916146,
2025-08-05 22:00:00.000 UTC,0.9999195234272679,1.0001263809701313,376101.9976472279,
2025-08-05 21:00:00.000 UTC,0.9999213993459386,1.0001232385589789,55670.46227433493,
2025-08-05 20:00:00.000 UTC,0.999917635638506,1.0001241967881485,270893.0171298256,
2025-08-05 19:00:00.000 UTC,0.9999272997857055,1.0001434541543073,1071877.558533733,
2025-08-05 18:00:00.000 UTC,0.999941104864114,1.000144366736182,220361.3519244422,
2025-08-05 17:00:00.000 UTC,0.9999399331545945,1.0001594601687744,703878.9092595209,
2025-08-05 16:00:00.000 UTC,0.9999572637000257,1.0001961955107281,1593644.1803622276,
2025-08-05 15:00:00.000 UTC,0.9999957337337337,1.0001990386522073,216655.41101723482,
2025-08-05 14:00:00.000 UTC,0.9999717608320428,1.0001959876545912,1097723.8147290042,
2025-08-05 13:00:00.000 UTC,0.9999720745679436,1.0001739247841017,177084.58493930814,
2025-08-05 12:00:00.000 UTC,0.9999683066909644,1.0001717224524163,119586.35630780185,
2025-08-05 11:00:00.000 UTC,0.9999664316884861,1.0001704250397452,95849.07587667105,
2025-08-05 10:00:00.000 UTC,0.9999667346500021,1.0001722878930692,217573.79418037704,
2025-08-05 09:00:00.000 UTC,0.9999548523890835,1.00017163039565,690587.7455931054,
2025-08-05 08:00:00.000 UTC,0.999938004032258,1.0001667763588902,1121003.6129103787,
2025-08-05 07:00:00.000 UTC,0.9999639606759053,1.0001767542862914,1104887.9053868894,
2025-08-05 06:00:00.000 UTC,0.999971,1.0001773619334864,255828.8464641557,
2025-08-05 05:00:00.000 UTC,0.9999746694762439,1.0001821269424789,806698.9760205616,
2025-08-05 04:00:00.000 UTC,0.99994852329658,1.0002085170243538,3876694.384132501,
2025-08-05 03:00:00.000 UTC,0.9999454,1.0001550644974617,613199.9715584652,
2025-08-05 02:00:00.000 UTC,0.999952462574464,1.0185185185185186,90007.48632837224,0.00011203703703703705
2025-08-05 01:00:00.000 UTC,0.9999518148148148,1.0001561013559739,138291.23521129973,
2025-08-05 00:00:00.000 UTC,0.9999527875238814,1.0001697378888952,719652.089702389,
2025-08-04 23:00:00.000 UTC,0.9999589123784315,1.0001606350293444,41415.26931022432,
2025-08-04 22:00:00.000 UTC,0.9999580011453707,1.000160247600883,287098.516585221,
2025-08-04 21:00:00.000 UTC,0.9999530022088963,1.0001567758267351,138510.56154685828,
2025-08-04 20:00:00.000 UTC,0.9999767268463433,1.0002515905721931,1741408.1713891332,
2025-08-04 19:00:00.000 UTC,1.0000408829268292,1.0003256402001983,3430609.20578619,
2025-08-04 18:00:00.000 UTC,1.000055029845368,1.0002597106574616,225737.218871486,
2025-08-04 17:00:00.000 UTC,1.000058585053781,1.0002615178118872,130936.44542170124,
2025-08-04 16:00:00.000 UTC,1.0000531372168526,1.0002611731936268,289398.89370290854,
2025-08-04 15:00:00.000 UTC,0.9866666666666667,1.0002558780779747,648393.3213826827,0.00007301333333333333
2025-08-04 14:00:00.000 UTC,1.000030474847087,1.0002455559707466,713959.7709396566,
2025-08-04 13:00:00.000 UTC,1.0000363113139952,1.0002506651347305,532855.4570684581,
2025-08-04 12:00:00.000 UTC,1.0000284209529788,1.0002452165908131,581039.3405199536,
2025-08-04 11:00:00.000 UTC,0.9998655913978495,1.000228479970725,43396.85642924454,
2025-08-04 10:00:00.000 UTC,1.000020000400008,1.000240356796311,122761.18157382429,
2025-08-04 09:00:00.000 UTC,1.0000102113931342,1.000228608933928,476551.5924248467,
2025-08-04 08:00:00.000 UTC,1.0000103,1.0004818116116596,77223.34410193875,
2025-08-04 07:00:00.000 UTC,1.0000120736412201,1.000341497216192,9205249.181117445,
2025-08-04 06:00:00.000 UTC,0.9999271078821914,1.0001752449590342,2136003.854111208,
2025-08-04 05:00:00.000 UTC,0.9999845138510697,1.0001875487914111,99370.62464797616,
2025-08-04 04:00:00.000 UTC,0.9999868066837341,1.0001915315158372,185961.7654011785,
2025-08-04 03:00:00.000 UTC,0.9999873041454749,1.000190967826735,101913.09105312558,
2025-08-04 02:00:00.000 UTC,0.9999439273298196,1.0001833198198866,332636.2358847939,
2025-08-04 01:00:00.000 UTC,0.9999720653951709,1.0001800324058332,169250.29302500022,
2025-08-04 00:00:00.000 UTC,0.9999700558752023,1.0001800324058332,314079.06147081254,
2025-08-03 23:00:00.000 UTC,0.99997,1.000173298151498,81777.92527397655,
2025-08-03 22:00:00.000 UTC,0.9999724793582857,1.0001786642369708,163401.44319855678,
2025-08-03 21:00:00.000 UTC,0.99997766590389,1.0001791990475186,46450.53966859558,
2025-08-03 20:00:00.000 UTC,0.9999656680847656,1.0001793368530218,378447.30391656293,
2025-08-03 19:00:00.000 UTC,0.9999567876138632,1.0001701246380648,433355.05542486877,
2025-08-03 18:00:00.000 UTC,0.9998660179535941,1.0001582911811646,1440452.895135331,
2025-08-03 17:00:00.000 UTC,0.9998522567777204,1.0000699888754523,168262.6713204378,
2025-08-03 16:00:00.000 UTC,0.9998654569933344,1.0000669213294555,46765.05309308535,
2025-08-03 15:00:00.000 UTC,0.9998648839215145,1.0000667249591382,17852.192792176393,
2025-08-03 14:00:00.000 UTC,0.99985901,1.0000658728650604,204520.84243685208,
2025-08-03 13:00:00.000 UTC,0.9998582074236068,1.0000604008326412,40528.72054677918,
2025-08-03 12:00:00.000 UTC,0.999855004418913,1.0000696970964191,171712.2067936941,
2025-08-03 11:00:00.000 UTC,0.9998567142857143,1.0000634222293,381316.5519304262,
2025-08-03 10:00:00.000 UTC,0.9998557781016604,1.000059771417673,231074.57204608075,
2025-08-03 09:00:00.000 UTC,0.9998611381578426,1.0000683553821637,156321.85540054433,
2025-08-03 08:00:00.000 UTC,0.9998397465196215,1.0000635488457428,953510.0840521893,
2025-08-03 07:00:00.000 UTC,0.9998526954321095,1.000057970034323,40383.96639208291,
2025-08-03 06:00:00.000 UTC,0.9997563377519407,1.0000561100818595,2814636.9377058125,
2025-08-03 05:00:00.000 UTC,0.999794962962963,0.9999970049151838,67836.66524637911,
2025-08-03 04:00:00.000 UTC,0.99979,0.9999965156899461,103410.03370386535,
2025-08-03 03:00:00.000 UTC,0.9997860666666667,0.9999948713769841,221935.17144448851,
2025-08-03 02:00:00.000 UTC,0.9997858571903827,0.9999878740486845,61828.512536804315,
2025-08-03 01:00:00.000 UTC,0.9997819618907691,0.9999884966712611,259785.07431961206,
2025-08-03 00:00:00.000 UTC,0.999781,0.9999837458541128,154864.356181902,
2025-08-02 23:00:00.000 UTC,0.9997805882348012,0.9999857002044871,193102.52737996363,
2025-08-02 22:00:00.000 UTC,0.9997846700677753,0.9999882550434801,137534.47005884894,
2025-08-02 21:00:00.000 UTC,0.999787190408277,0.9999896632890233,74332.63211795205,
2025-08-02 20:00:00.000 UTC,0.99978725,0.9999900608771429,338207.2227328237,
2025-08-02 19:00:00.000 UTC,0.9997799999999999,0.9999900000999989,272135.2061995392,
2025-08-02 18:00:00.000 UTC,0.999765331438408,1.009825865620265,20213780.931192216,215370.83649855157
2025-08-02 17:00:00.000 UTC,0.9997568023685357,0.9999667960894328,361515.53315201076,
2025-08-02 16:00:00.000 UTC,0.9997534212184738,0.9999592777777698,459116.8609938604,
2025-08-02 15:00:00.000 UTC,0.9997156749726506,0.9999560933759949,1139431.2723438153,
2025-08-02 14:00:00.000 UTC,0.9997051546439295,0.9999154089945997,376055.862180194,
2025-08-02 13:00:00.000 UTC,0.9997033173172114,1.0009182736455464,124752.724110162,
2025-08-02 12:00:00.000 UTC,0.9996782769617775,0.999902630809076,583659.5699798933,
2025-08-02 11:00:00.000 UTC,0.9996752581965966,0.9999138648827128,73630.20967712435,
2025-08-02 10:00:00.000 UTC,0.9996744516129032,0.9998760153740937,53083.68096527599,
2025-08-02 09:00:00.000 UTC,0.9996742464829192,0.9998798562119144,208233.8791670065,
2025-08-02 08:00:00.000 UTC,0.9996626422454542,0.9998750390783582,327324.88243500295,
2025-08-02 07:00:00.000 UTC,0.99965833,0.9998634282570764,371905.1737781237,
2025-08-02 06:00:00.000 UTC,0.9996576032225579,0.9998634298870444,330425.3860692316,
2025-08-02 05:00:00.000 UTC,0.9996609228713302,0.9998655550099576,258059.13032619088,
2025-08-02 04:00:00.000 UTC,0.999660491226931,0.9998629021426859,72664.24541325128,
2025-08-02 03:00:00.000 UTC,0.9996582352941177,0.9998630445000001,282864.64937198226,
2025-08-02 02:00:00.000 UTC,0.9996417317531477,1.0002644103648861,450706.1924187727,
2025-08-02 01:00:00.000 UTC,0.9996385379031995,0.9998441259052492,117186.95286410564,
2025-08-02 00:00:00.000 UTC,0.9996190810229834,0.9998393473016763,1633112.2621142296,
2025-08-01 23:00:00.000 UTC,0.9992439516129031,0.9998447058706882,901320.2406731899,
2025-08-01 22:00:00.000 UTC,0.9996109423071834,0.9998427226693225,1454520.9786040613,
2025-08-01 21:00:00.000 UTC,0.9995744138803148,0.9998226139734001,1730464.4907625243,
2025-08-01 20:00:00.000 UTC,0.9995641056751292,0.9997889096594863,1706854.0575325687,
2025-08-01 19:00:00.000 UTC,0.9996238739072347,0.9998485876660088,1709081.463246985,
2025-08-01 18:00:00.000 UTC,0.9996296071761546,0.9998452377040314,943892.4635123627,
2025-08-01 17:00:00.000 UTC,0.9996166,0.9998270267619407,564956.490766328,
2025-08-01 16:00:00.000 UTC,0.9996032335640125,0.9999630236891979,9356339.30560906,
2025-08-01 15:00:00.000 UTC,0.9997359995957146,0.9999528194674231,730931.5993936718,
2025-08-01 14:00:00.000 UTC,0.9997322316527557,0.9999506252662627,729279.2012801068,
2025-08-01 13:00:00.000 UTC,0.9997490343396899,0.9999585423256379,626369.3926997299,
2025-08-01 12:00:00.000 UTC,0.9997444505324566,0.9999508911095529,291481.10093112395,
2025-08-01 11:00:00.000 UTC,0.999744956760174,1.000001179721598,1455580.921282817,
2025-08-01 10:00:00.000 UTC,0.9997995561356281,1.0000226084357098,661276.141165234,
2025-08-01 09:00:00.000 UTC,0.9998212445210688,1.0000242494167377,102716.37068406156,
2025-08-01 08:00:00.000 UTC,0.9998223473069713,1.0000538825306122,1116986.9466161004,
2025-08-01 07:00:00.000 UTC,0.9990000000000001,1.0001271308575754,1685677.6916776255,
2025-08-01 06:00:00.000 UTC,0.9999237429660247,1.0001279160189407,250952.81933240156,
2025-08-01 05:00:00.000 UTC,0.9999259016393443,1.0001780567612226,1111984.7422873636,
2025-08-01 04:00:00.000 UTC,0.9999612946279614,1.000179194950909,538034.3279146815,
2025-08-01 03:00:00.000 UTC,0.9998334677419355,1.0002185205407943,8434717.596323157,
2025-08-01 02:00:00.000 UTC,0.9998164837209302,1.0000342464988539,569345.5574458768,
2025-08-01 01:00:00.000 UTC,0.9997805118040195,1.0003474635163307,834312.2245336593,
2025-08-01 00:00:00.000 UTC,0.9997563672030886,1.000087887723573,3444434.812483026,
2025-07-31 23:00:00.000 UTC,0.9998823880245327,1.0000880037439774,198465.93230429952,
2025-07-31 22:00:00.000 UTC,0.9998747869047282,1.0000992202769097,777027.5489736063,
2025-07-31 21:00:00.000 UTC,0.9998718789407314,1.0000778284126637,273220.9915815885,
2025-07-31 20:00:00.000 UTC,0.9998727344702161,1.0001339279342896,1244356.2228033007,
2025-07-31 19:00:00.000 UTC,0.9999337423332502,1.0001589693901158,1323343.2728203107,
2025-07-31 18:00:00.000 UTC,0.999946962862813,1.0001517124677268,194131.02838549754,
2025-07-31 17:00:00.000 UTC,0.999942190708101,1.0001524283206076,336529.2637339066,
2025-07-31 16:00:00.000 UTC,0.9999122733,1.0001422597360596,630998.0814770274,
2025-07-31 15:00:00.000 UTC,0.9999087927524196,1.0001156680783017,393047.9772163074,
2025-07-31 14:00:00.000 UTC,0.9999045815780607,1.0001118023112816,420465.9992915142,
2025-07-31 13:00:00.000 UTC,0.9999088281092381,1.0001483844313395,1382362.5043908083,
2025-07-31 12:00:00.000 UTC,0.9999310466666667,1.000167097917049,1066124.9966422461,
2025-07-31 11:00:00.000 UTC,0.9999651191690231,1.0001935929981811,789931.6623821637,
2025-07-31 10:00:00.000 UTC,0.9998676898650437,1.0002355150638642,3160481.9699197793,
2025-07-31 09:00:00.000 UTC,1,1.0002335522445587,551063.7545167482,
2025-07-31 08:00:00.000 UTC,1.0000016745143352,1.0002219499619684,497423.71734669054,
2025-07-31 07:00:00.000 UTC,0.9999986,1.00020292114608,147829.4734119267,
2025-07-31 06:00:00.000 UTC,0.9999742002063984,1.000199334126728,253103.34653591726,
2025-07-31 05:00:00.000 UTC,0.999986189149609,1.0001922130957037,200031.34735938668,
2025-07-31 04:00:00.000 UTC,0.9999655263157896,1.000256006576593,6764275.426312782,
2025-07-31 03:00:00.000 UTC,0.9999601199999999,1.0001731252383004,389753.6114505424,
2025-07-31 02:00:00.000 UTC,0.9999375974613857,1.0001690673234107,976845.1574414644,
2025-07-31 01:00:00.000 UTC,0.999919544457788,1.0001438985082887,862298.4097614487,
2025-07-31 00:00:00.000 UTC,0.9999210675737954,1.0001254717411827,585460.5357497605,
2025-07-30 23:00:00.000 UTC,0.9999179790184788,1.00013371600336,837755.7743765548,
2025-07-30 22:00:00.000 UTC,0.9998871172079841,1.0001144767167518,679873.3370726339,
2025-07-30 21:00:00.000 UTC,0.9998700135463217,1.0000999963637687,594182.529212805,
2025-07-30 20:00:00.000 UTC,0.9998783924469972,1.000145507418293,1549602.399198863,
2025-07-30 19:00:00.000 UTC,0.9999057050187777,1.0001449720534965,1088355.4169545323,
2025-07-30 18:00:00.000 UTC,0.9998930949384814,1.0001432302119557,1660753.1450042513,
2025-07-30 17:00:00.000 UTC,0.9999432261768668,1.0001452476089232,83220.50589037639,
2025-07-30 16:00:00.000 UTC,0.9999425922410802,1.000165394017324,609559.7665837206,
2025-07-30 15:00:00.000 UTC,0.9999622553394337,1.0001655439499124,231518.64372393972,
2025-07-30 14:00:00.000 UTC,0.9999566503667482,1.000164399264779,285057.3464555953,
2025-07-30 13:00:00.000 UTC,0.9998999999999999,1.0001542205374496,204817.35237251996,
2025-07-30 12:00:00.000 UTC,0.9999357627648839,1.0001545253863136,468667.5860596264,
2025-07-30 11:00:00.000 UTC,0.9999270873159639,1.000135588381717,231333.79643381576,
2025-07-30 10:00:00.000 UTC,0.9998745745705027,1.0001281102187116,1406979.8013482376,
2025-07-30 09:00:00.000 UTC,0.9998639660645161,1.0000947455452114,2081380.6782731356,
2025-07-30 08:00:00.000 UTC,0.9998747810703229,1.0000806479116606,249875.8537807762,
2025-07-30 07:00:00.000 UTC,0.9998552152,1.0000752694535322,455137.8254508764,
2025-07-30 06:00:00.000 UTC,0.9998446993200981,1.0000551737106371,259927.6333528397,
2025-07-30 05:00:00.000 UTC,0.99983662,1.0000451227842857,195970.57474079268,
2025-07-30 04:00:00.000 UTC,0.9998329928186912,1.0000365810482856,185836.46273217688,
2025-07-30 03:00:00.000 UTC,0.999830816532258,1.0000357150196924,194407.11922745997,
2025-07-30 02:00:00.000 UTC,0.9998206529314866,1.000030595889599,219763.3712118963,
2025-07-30 01:00:00.000 UTC,0.99981912,1.0000207522287579,52006.176570959055,
2025-07-30 00:00:00.000 UTC,0.9998189979345287,1.0001527417137621,55502.64725608584,
2025-07-29 23:00:00.000 UTC,0.9998151467833105,1.0000211940741368,118889.81173713072,
2025-07-29 22:00:00.000 UTC,0.9998142294634664,1.0000152548282906,95962.02375454915,
2025-07-29 21:00:00.000 UTC,0.9998126425081434,1.0000522342019535,887266.4593510089,
2025-07-29 20:00:00.000 UTC,0.9998507266666666,1.0001182704961893,1010811.4997620727,
2025-07-29 19:00:00.000 UTC,0.9999009723793679,1.0001473898395377,1965336.049130832,
2025-07-29 18:00:00.000 UTC,0.9999504224247244,1.0001598621763157,447530.0167159368,
2025-07-29 17:00:00.000 UTC,0.9999588308821581,1.0001621291898906,95444.51030059272,
2025-07-29 16:00:00.000 UTC,0.9999620685714286,1.0012269938650307,507006.24512477784,0.00163400245398773
2025-07-29 15:00:00.000 UTC,0.9999446915887851,1.0001824137125623,1138769.6187938459,
2025-07-29 14:00:00.000 UTC,0.999952336851351,1.0002242528700986,1244473.531397707,
2025-07-29 13:00:00.000 UTC,1.0000110917199576,1.00022502490649,480002.87625434523,
2025-07-29 12:00:00.000 UTC,1.0000183732327044,1.0002221072795163,154052.79456524298,
2025-07-29 11:00:00.000 UTC,1.0000163130548905,1.000221839280567,165571.21853341354,
2025-07-29 10:00:00.000 UTC,1.0000130201212953,1.0002369027223321,508903.6966068725,
2025-07-29 09:00:00.000 UTC,0.9966666666666668,1.0002438009042796,150772.4654467786,0.0002980033333333334
2025-07-29 08:00:00.000 UTC,1.0000441026912672,1.0002564096503448,249378.18465580075,
2025-07-29 07:00:00.000 UTC,1.0000229822840463,1.000272155455703,1630017.3169361493,
2025-07-29 06:00:00.000 UTC,1.0000112488938586,1.0002231839035367,430191.4777102587,
2025-07-29 05:00:00.000 UTC,1.0000209742887232,1.0002577427381818,653679.6224485551,
2025-07-29 04:00:00.000 UTC,1.000011078511565,1.000257421421148,1484015.5498848455,
2025-07-29 03:00:00.000 UTC,1.0000108968024475,1.0004151100041512,828645.8988420649,
2025-07-29 02:00:00.000 UTC,0.9999658379310344,1.0002447840192306,1572928.2754555326,
2025-07-29 01:00:00.000 UTC,1.0000020176544768,1.000204398147586,48873.739121149476,
2025-07-29 00:00:00.000 UTC,1,1.0002095017082446,211297.6854695324,
2025-07-28 23:00:00.000 UTC,0.9999878580193116,1.000261792913034,3094487.847772625,
2025-07-28 22:00:00.000 UTC,1.0000236047619047,1.0002618998038104,1236128.3950500272,
2025-07-28 21:00:00.000 UTC,1.000021643169399,1.0002321308867055,430773.3815900273,
2025-07-28 20:00:00.000 UTC,1.0000237780580075,1.0002704232876467,1037665.965909492,
2025-07-28 19:00:00.000 UTC,1.0000660178539278,1.0002706171663258,290299.20806950046,
2025-07-28 18:00:00.000 UTC,1.0000663040092632,1.000285017412829,577608.2572949535,
2025-07-28 17:00:00.000 UTC,1.00006726,3,520888.48402709287,0.000009
2025-07-28 16:00:00.000 UTC,1.0000470694868788,1.000267394053287,382743.17551863496,
2025-07-28 15:00:00.000 UTC,1.0000398459685802,1.0003366452620912,1364343.6665627956,
2025-07-28 14:00:00.000 UTC,1.0001251905701278,1.0003363795297693,555143.239596886,
2025-07-28 13:00:00.000 UTC,1.0001231582618897,1.0003281767857917,113406.10568015266,
2025-07-28 12:00:00.000 UTC,1.0001100121013313,1.0003233266280493,163388.8052812416,
2025-07-28 11:00:00.000 UTC,1.00011062,1.0003267664036988,515719.813992145,
2025-07-28 10:00:00.000 UTC,1.0001221136226213,1.0006951685783803,530176.4125353881,
2025-07-28 09:00:00.000 UTC,1.0001172521777728,1.0006954102920722,82872.69102616212,
2025-07-28 08:00:00.000 UTC,1.000117009420145,1.0003402710659608,488927.98714170384,
2025-07-28 07:00:00.000 UTC,1.0001318540059254,1.0003668937691612,1240082.600195741,
2025-07-28 06:00:00.000 UTC,1.0002013653758852,1.000411354410105,237244.29072605527,
2025-07-28 05:00:00.000 UTC,1.0002091214285715,1.0004374789480508,632924.2509623824,
2025-07-28 04:00:00.000 UTC,1.0002305073129434,1.000454261766625,1156734.6040581507,
2025-07-28 03:00:00.000 UTC,1.0002305677387364,1.0004741088287992,1155765.761509124,
2025-07-28 02:00:00.000 UTC,1.0002825301204818,1.0004865566222165,214661.65652034778,
2025-07-28 01:00:00.000 UTC,1.0002830555995028,1.0004871364157086,218239.1409628883,
2025-07-28 00:00:00.000 UTC,1.0002760321383535,1.0004872595845204,340669.40781933884,
2025-07-27 23:00:00.000 UTC,1.0002764180000001,1.000478861825612,84059.93487720285,
2025-07-27 22:00:00.000 UTC,1.0002746918830192,1.000477092010602,75415.90040060742,
2025-07-27 21:00:00.000 UTC,1.0002675226412931,1.0004749554377823,172052.2880151837,
2025-07-27 20:00:00.000 UTC,1.0002456811940819,1.0054394020546407,14140271.725497216,328150.45900377486
2025-07-27 19:00:00.000 UTC,1.0002445660551884,1.0004496438900505,179887.56993983604,
2025-07-27 18:00:00.000 UTC,1.0002478001606419,1.0004501174806624,97890.1999167346,
2025-07-27 17:00:00.000 UTC,1.0002488336844926,1.0005289611488484,1939355.2189378855,
2025-07-27 16:00:00.000 UTC,1.0003305256467396,1.0006071784419504,1389596.7350174128,
2025-07-27 15:00:00.000 UTC,1.0004044937991496,1.0006167005718496,263253.152957193,
2025-07-27 14:00:00.000 UTC,1.0004193678615485,1.0006271591171618,208100.4780856276,
2025-07-27 13:00:00.000 UTC,1.000422406416864,1.0006284915670596,205259.9522809893,
2025-07-27 12:00:00.000 UTC,1.00041600499206,1.0006590220113352,542601.6916743689,
2025-07-27 11:00:00.000 UTC,1.0002999677311308,1.0023696682464454,4849824.7809301615,0.0008480047393364927
2025-07-27 10:00:00.000 UTC,1.000299623400543,1.0005537613616595,1698123.4664640673,
2025-07-27 09:00:00.000 UTC,1.0003260228715296,1.0005289560452642,124456.8652993809,
2025-07-27 08:00:00.000 UTC,1.0003273014817957,1.0005308886826134,89416.99023688528,
2025-07-27 07:00:00.000 UTC,1.0003275725980723,1.0005289178056702,14910.439594062336,
2025-07-27 06:00:00.000 UTC,1.0003251684288141,1.0005279423960647,63910.41580479819,
2025-07-27 05:00:00.000 UTC,1.0003032070858282,1.000526167586207,483430.2157554304,
2025-07-27 04:00:00.000 UTC,1.0003024975206523,1.0005032935098261,44417.68916183632,
2025-07-27 03:00:00.000 UTC,1.0002921967213114,1.0006003602161297,247471.99061044946,
2025-07-27 02:00:00.000 UTC,1.000281768666638,1.0004954549947982,350657.24889958504,
2025-07-27 01:00:00.000 UTC,1.0002757579872026,1.0004821594988305,141159.94363954657,
2025-07-27 00:00:00.000 UTC,1.0002753851781268,1.0004764631221545,23750.399230766478,
2025-07-26 23:00:00.000 UTC,1.0002734501162929,1.0004756322262498,46903.42713549988,
2025-07-26 22:00:00.000 UTC,1.0002733749764177,1.0004759636061635,86255.37981375637,
2025-07-26 21:00:00.000 UTC,1.000275573273053,1.000477413700348,44943.40640892275,
2025-07-26 20:00:00.000 UTC,1.0002763343960392,1.0004772746362816,36722.60985648256,
2025-07-26 19:00:00.000 UTC,1.0002769402985074,1.0004797747769658,79150.03610009197,
2025-07-26 18:00:00.000 UTC,1.000278204466834,1.0004799661747759,66281.82632489463,
2025-07-26 17:00:00.000 UTC,1.00027975833633,1.0004827417320257,72733.16166392832,
2025-07-26 16:00:00.000 UTC,1.000280926871391,1.0004848431014413,72476.25329870566,
2025-07-26 15:00:00.000 UTC,1.00028,1.0004838502202071,58580.02023499695,
2025-07-26 14:00:00.000 UTC,1.0002821346808124,1.0004834325188043,47700.98550789542,
2025-07-26 13:00:00.000 UTC,1.0002594308545436,1.0004973853977417,1130749.1386311562,
2025-07-26 12:00:00.000 UTC,1.0002300525286607,1.0004619638679653,41406.84024132243,
2025-07-26 11:00:00.000 UTC,1.0002459565985953,1.0184693888968255,14049983.876392758,13990147.65140478
2025-07-26 10:00:00.000 UTC,1.000247,1.0004482695886754,35006.676761050265,
2025-07-26 09:00:00.000 UTC,1.0002428630791411,1.0004834254143646,116245.19417058786,
2025-07-26 08:00:00.000 UTC,1.0002270952380952,1.0004564248509906,350165.1481327053,
2025-07-26 07:00:00.000 UTC,1.000211956448698,1.0004273162083437,307678.8185594422,
2025-07-26 06:00:00.000 UTC,1.0002067118608855,1.0004122102250144,183719.9274880833,
2025-07-26 05:00:00.000 UTC,1.0001825217977147,1.0004090755197173,467557.12866685365,
2025-07-26 04:00:00.000 UTC,1.0001627961309554,1.0003817374796913,375126.2853562668,
2025-07-26 03:00:00.000 UTC,1.0001433333333334,1.0003640323560066,370089.8793889523,
2025-07-26 02:00:00.000 UTC,1.000108506048387,1.0003355976898909,614860.1333297673,
2025-07-26 01:00:00.000 UTC,1.0001084423076922,1.0003238261671799,372031.34787397314,
2025-07-26 00:00:00.000 UTC,1.00011890931924,1.0003234379115915,146427.41447808576,
2025-07-25 23:00:00.000 UTC,1.0001189692558552,1.000404577555394,1599235.7693940303,
2025-07-25 22:00:00.000 UTC,1.0001964365609173,1.0004008697230513,120474.63978682655,
2025-07-25 21:00:00.000 UTC,1.0001943605236656,1.0003983749203376,76370.18232906944,
2025-07-25 20:00:00.000 UTC,1.0001825977301388,1.0004385690119666,390071.95740683767,
2025-07-25 19:00:00.000 UTC,1.0001817514000728,1.0003836627762228,108241.83008401725,
2025-07-25 18:00:00.000 UTC,1.000148849130473,1.0003818566989742,711311.6278748759,
2025-07-25 17:00:00.000 UTC,1,1.0003497843606717,316163.6583779104,
2025-07-25 16:00:00.000 UTC,1.000135471189105,1.0003439882872522,179948.48263331194,
2025-07-25 15:00:00.000 UTC,1.0001368387450076,1.000340919902157,178150.26449642543,
2025-07-25 14:00:00.000 UTC,1.0001387400929733,1.000345327897847,296672.43742897717,
2025-07-25 13:00:00.000 UTC,1.000135435617546,1.0003393876853115,104010.65881110026,
2025-07-25 12:00:00.000 UTC,1.0001347459999999,1.0003660470980602,522105.66084099875,
2025-07-25 11:00:00.000 UTC,1.0001560957832527,1.0003792135944873,717628.9440597034,
2025-07-25 10:00:00.000 UTC,1.0001466748855539,1.0003567654270207,244496.01450036356,
2025-07-25 09:00:00.000 UTC,1.0001399950263534,1.00035688908466,454987.18442759087,
2025-07-25 08:00:00.000 UTC,1.000156,1.0004326261655052,1043052.970113165,
2025-07-25 07:00:00.000 UTC,1.0002358502894768,1.000465560390152,846912.7921507106,
2025-07-25 06:00:00.000 UTC,1.00025342,1.0004634523210323,229483.27590432548,
2025-07-25 05:00:00.000 UTC,1.0002505700468567,1.0004944668369227,683596.612531628,
2025-07-25 04:00:00.000 UTC,1.0002952461782726,1.0006052047609442,4779365.723719535,
2025-07-25 03:00:00.000 UTC,1.0003153892147718,1.0006026963574393,1948862.096809331,
2025-07-25 02:00:00.000 UTC,1.0004020519021242,1.000615440572282,305071.844731566,
2025-07-25 01:00:00.000 UTC,1.000413704113418,1.0006245214143523,493458.166936179,
2025-07-25 00:00:00.000 UTC,1.000413693687546,1.0006156134552229,65466.02013923036,
2025-07-24 23:00:00.000 UTC,0.9988674971687429,1.0006678100837108,1769791.351466134,0.0008810011325028313
2025-07-24 22:00:00.000 UTC,1.000467400743721,1.0006686242611238,19795.14535205862,
2025-07-24 21:00:00.000 UTC,1.000424539242911,1.0006708195086582,741542.0335224669,
2025-07-24 20:00:00.000 UTC,1.0004242376237624,1.0006630898081044,934427.6611930026,
2025-07-24 19:00:00.000 UTC,1.0004395279058054,1.0006544864086675,341821.2278422165,
2025-07-24 18:00:00.000 UTC,1.0004314534061047,1.0006396945147806,353382.35181510675,
2025-07-24 17:00:00.000 UTC,1.0004322018296898,1.0006557925691837,810450.2495424183,
2025-07-24 16:00:00.000 UTC,1.0004532798280226,1.0006622941023047,459738.344302712,
2025-07-24 15:00:00.000 UTC,1.0004510279999999,1.0006656946545673,1060007.8769239967,
2025-07-24 14:00:00.000 UTC,1.0004441302102878,1.0006556320639741,897447.9993227939,
2025-07-24 13:00:00.000 UTC,1.0004421115045732,1.0006514386992436,475299.35325791634,
2025-07-24 12:00:00.000 UTC,1.000444174000089,1.0006514828673772,220637.07336154368,
2025-07-24 11:00:00.000 UTC,1.0004345842363407,1.000647118331703,307791.0939614847,
2025-07-24 10:00:00.000 UTC,1.0004335276325245,1.0006456758671554,584047.1899816637,
2025-07-24 09:00:00.000 UTC,1.0004263796671808,1.000633489154445,234622.42483520368,
2025-07-24 08:00:00.000 UTC,1.0004251722772277,1.0006294810065768,328620.33883444476,
2025-07-24 07:00:00.000 UTC,1.0004008514419833,1.000627646472563,791879.3888850749,
2025-07-24 06:00:00.000 UTC,1.0003205431387023,1.000649421474537,3436601.169990013,
2025-07-24 05:00:00.000 UTC,1.0004023277676344,1.0006454230130517,804276.8888564731,
2025-07-24 04:00:00.000 UTC,1.0003858666666667,1.0006070997659173,439455.3523972861,
2025-07-24 03:00:00.000 UTC,1.0003736165464032,1.0005889189421533,348100.3807106314,
2025-07-24 02:00:00.000 UTC,1.00036770875,1.0005819571101269,404520.56589820207,
2025-07-24 01:00:00.000 UTC,1.000364873447902,1.0005734519172915,599299.2614973005,
2025-07-24 00:00:00.000 UTC,1.0003468144144145,1.0005511858161145,291415.6389986977,
2025-07-23 23:00:00.000 UTC,1.0002931814813862,1.0005365583205719,751413.1080153678,
2025-07-23 22:00:00.000 UTC,1.00028948,1.0004950366066543,96541.72939208879,
2025-07-23 21:00:00.000 UTC,1.000288252824174,1.0005471011422251,1102757.7503307213,
2025-07-23 20:00:00.000 UTC,0.9094227182943004,1.0005809143328468,38038654.84874146,18819265.158774976
2025-07-23 19:00:00.000 UTC,1.000376843031357,1.0005813614185701,230774.8830241984,
2025-07-23 18:00:00.000 UTC,1.000376822055138,1.0006179310291292,775084.6570365541,
2025-07-23 17:00:00.000 UTC,1.0004183387317667,1.00068253624505,1434670.597738294,
2025-07-23 16:00:00.000 UTC,1.000426773168975,1.000685775588426,1125296.7397383044,
2025-07-23 15:00:00.000 UTC,1.0004215708807627,1.0006275382050247,189055.40788471448,
2025-07-23 14:00:00.000 UTC,1.0004217019470976,1.0006243630589855,241279.38926107713,
2025-07-23 13:00:00.000 UTC,1.0003911760838946,1.0006217425465163,810864.9874735338,
2025-07-23 12:00:00.000 UTC,1.0003944065973467,1.0005991368910945,145335.98340501456,
2025-07-23 11:00:00.000 UTC,1.0003880428000775,1.0005946439716322,301201.2037142453,
2025-07-23 10:00:00.000 UTC,1.0003833412887828,1.0005910046615765,263859.7820206207,
2025-07-23 09:00:00.000 UTC,1.0003803003496494,1.0005909251618532,236867.76398041155,
2025-07-23 08:00:00.000 UTC,1.0003796314207043,1.0005820990110403,142111.47558069284,
2025-07-23 07:00:00.000 UTC,1.0003446988194065,1.00058099955398,592069.2941099848,
2025-07-23 06:00:00.000 UTC,1.0003476048513449,1.0005495759578433,124457.58961093528,
2025-07-23 05:00:00.000 UTC,1.0003349472016216,1.0007046584388095,4609219.285640196,
2025-07-23 04:00:00.000 UTC,1.0004310408528205,1.000722192881611,6260294.410865211,
2025-07-23 03:00:00.000 UTC,1.0004275971179954,1.0006299688285112,104750.54877289973,
2025-07-23 02:00:00.000 UTC,1.000428382008124,1.000631507710996,145520.3280605963,
2025-07-23 01:00:00.000 UTC,1.0004299882333707,1.0006316641528097,41081.46906159107,
2025-07-23 00:00:00.000 UTC,1.000429488410872,1.0006330757619941,139103.29599311744,
2025-07-22 23:00:00.000 UTC,1.0004324251925942,1.0006351266780698,77021.49968953976,
2025-07-22 22:00:00.000 UTC,1.0004314549558664,1.0006347503939654,68716.67921502414,
2025-07-22 21:00:00.000 UTC,1.0004295613204888,1.0006394166343557,104396.2261451906,
2025-07-22 20:00:00.000 UTC,1.0004258909090908,1.0007335219532643,528618.1871570986,
2025-07-22 19:00:00.000 UTC,1.0004395460277429,1.0006562012398947,829617.4095385973,
2025-07-22 18:00:00.000 UTC,1.0004368130594254,1.0006412949145536,134809.84277989977,
2025-07-22 17:00:00.000 UTC,1.0004365283514833,1.00067352114161,1226434.727488155,
2025-07-22 16:00:00.000 UTC,1.0004723787407184,1.0007027840694156,1034379.6224107555,
2025-07-22 15:00:00.000 UTC,1.000467179856115,1.0056654025380714,8975168.22763213,4403748.094499786
2025-07-22 14:00:00.000 UTC,1.0004537534771971,1.0006647650471456,276167.96076188376,
2025-07-22 13:00:00.000 UTC,1.0004529587699265,1.0006624264919144,460147.0569148687,
2025-07-22 12:00:00.000 UTC,1.0004240277967114,1.0006559065981373,918701.7263380117,
2025-07-22 11:00:00.000 UTC,1.0003674929673867,1.0006242818967985,1031448.8864231388,
2025-07-22 10:00:00.000 UTC,1.0003674155782618,1.0006221710668677,1208487.9214848443,
2025-07-22 09:00:00.000 UTC,1,1.0006374461658172,502802.45669577224,
2025-07-22 08:00:00.000 UTC,1.0004334495076272,1.0006456993370556,489176.3189760406,
2025-07-22 07:00:00.000 UTC,1.0004329414894915,1.0006398683296647,633427.8044517903,
2025-07-22 06:00:00.000 UTC,1.0004575157181195,1.0055646214063023,9866607.806874942,3903022.464809625
2025-07-22 05:00:00.000 UTC,1.0004703054853714,1.0007565561920324,4573315.593873699,
2025-07-22 04:00:00.000 UTC,1.0004655883561866,1.0007144993363375,4684324.927742558,
2025-07-22 03:00:00.000 UTC,1.0004417223869215,1.0007400920257417,5156042.007872157,
2025-07-22 02:00:00.000 UTC,1.000430063844086,1.0006424295745386,280228.92974925385,
2025-07-22 01:00:00.000 UTC,1.0004291283694304,1.000633477628948,174466.06084065235,
2025-07-22 00:00:00.000 UTC,1.0004294304092278,1.000633562382712,193377.64927451976,
2025-07-21 23:00:00.000 UTC,1.000432076460439,1.000647244654671,317666.71627342683,
2025-07-21 22:00:00.000 UTC,1.0004434289393918,1.0006520202582876,379547.11637988745,
2025-07-21 21:00:00.000 UTC,1.000441428269719,1.0006475155091161,375174.5344101329,
2025-07-21 20:00:00.000 UTC,1.0004536,1.0006624003817133,416848.4611394568,
2025-07-21 19:00:00.000 UTC,1.00045340025368,1.0006713222757784,556248.0264200484,
2025-07-21 18:00:00.000 UTC,1.00046031,1.0006710177590061,315751.80787839944,
2025-07-21 17:00:00.000 UTC,1.0004311923392994,1.0006709239547937,925674.1893960012,
2025-07-21 16:00:00.000 UTC,1.0004163220199236,1.000648603193421,1158729.450311484,
2025-07-21 15:00:00.000 UTC,1.0003214231805675,1.0006167513278665,2035683.6333028483,
2025-07-21 14:00:00.000 UTC,1.0003193846153846,1.000524651062924,251122.3043933562,
2025-07-21 13:00:00.000 UTC,1.0003186308537602,1.0005396168929916,631076.9704766618,
2025-07-21 12:00:00.000 UTC,1.000338516,1.0005495772525277,391535.82123647386,
2025-07-21 11:00:00.000 UTC,1.000354566,1.0005803029888454,1015953.8641833866,
2025-07-21 10:00:00.000 UTC,1.0003352069364169,1.0005588258951144,800571.3948646385,
2025-07-21 09:00:00.000 UTC,1.0003335518606085,1.0005624180059742,643207.4203016467,
2025-07-21 08:00:00.000 UTC,1.0003605802150064,1.0005689194613963,326434.95555968105,
2025-07-21 07:00:00.000 UTC,1.0003667792748787,1.000591695621897,578330.227937792,
2025-07-21 06:00:00.000 UTC,1.0003674637129583,1.0005946600710287,932949.6624453064,
2025-07-21 05:00:00.000 UTC,1.0004281000000002,1.000656307562044,636925.1539932588,
2025-07-21 04:00:00.000 UTC,1.0004065373134328,1.0006315115637228,965164.4474336207,
2025-07-21 03:00:00.000 UTC,1.0004034840656937,1.000608524331695,95063.8677995654,
2025-07-21 02:00:00.000 UTC,1.000369693218324,1.0006035129434083,691511.2636741864,
2025-07-21 01:00:00.000 UTC,1.0003691933372223,1.0005710389814875,78231.92022118425,
2025-07-21 00:00:00.000 UTC,1.0003576340799352,1.0116049157817066,12708869.8846801,6423428.3120948365
2025-07-20 23:00:00.000 UTC,1.0003431635309392,1.2507443047957587,13618687.486112602,13411225.002373517
2025-07-20 22:00:00.000 UTC,1.0002910170731707,1.0005433119236806,1090280.4998408214,
2025-07-20 21:00:00.000 UTC,1.0002779309200067,1.0004844262190902,336486.9620693501,
2025-07-20 20:00:00.000 UTC,1.0002778383399311,1.0004794365771301,75947.3797144204,
2025-07-20 19:00:00.000 UTC,1.000266324850405,1.0004758141002859,299945.9109204079,
2025-07-20 18:00:00.000 UTC,1.000262839879154,1.000466463890845,148677.44081525243,
2025-07-20 17:00:00.000 UTC,1.000266704245522,1.0005161055809029,963370.742495562,
2025-07-20 16:00:00.000 UTC,1.0003159115709688,1.0005841889420766,1855414.7968467132,
2025-07-20 15:00:00.000 UTC,1.0003627982,1.0005745240210018,595566.235209025,
2025-07-20 14:00:00.000 UTC,1.000356796534284,1.0005649647156498,317271.88237202994,
2025-07-20 13:00:00.000 UTC,1.00036010065895,1.0005991587762753,780714.3647057037,
2025-07-20 12:00:00.000 UTC,1.0003971628063109,1.0006139679247232,608078.8985614596,
2025-07-20 11:00:00.000 UTC,1.0003999392556584,1.00069454483882,1957483.3578030523,
2025-07-20 10:00:00.000 UTC,1.0004652087488528,1.0006857044303992,825744.8182998607,
2025-07-20 09:00:00.000 UTC,1.000466447477912,1.0006838324510479,1050957.5611626129,
2025-07-20 08:00:00.000 UTC,1.0004666666666666,1.0006833316155241,595041.2453653062,
2025-07-20 07:00:00.000 UTC,1.0004507293019975,1.0006708724796203,580216.4204190591,
2025-07-20 06:00:00.000 UTC,1.0004534972701145,1.0006598256293937,141307.55807025556,
2025-07-20 05:00:00.000 UTC,1.0004426273372724,1.0006631202703649,439003.7717412334,
2025-07-20 04:00:00.000 UTC,1.0004425810892705,1.0006624344885509,432200.0734755171,
2025-07-20 03:00:00.000 UTC,1.0004150294894467,1.0006584305814823,3083077.2268100707,
2025-07-20 02:00:00.000 UTC,1.0004176669559024,1.000620146009391,85214.66206207337,
2025-07-20 01:00:00.000 UTC,1.0004039274173502,1.0006199378678247,306385.8994121758,
2025-07-20 00:00:00.000 UTC,1.0004036565193088,1.0006044722370453,39933.67285640209,
2025-07-19 23:00:00.000 UTC,1.000403989,1.0006053711506022,75128.43547267943,
2025-07-19 22:00:00.000 UTC,1.000397549073819,1.0006019892230005,111437.76908829137,
2025-07-19 21:00:00.000 UTC,1.00037368350398,1.0006037488045618,682617.418001459,
2025-07-19 20:00:00.000 UTC,1.0003705833669394,1.0005763414885713,237919.19673452832,
2025-07-19 19:00:00.000 UTC,1.000365713249853,1.0005711576663658,168710.23679133347,
2025-07-19 18:00:00.000 UTC,1.0003566195488722,1.0006192044881346,1263905.530083404,
2025-07-19 17:00:00.000 UTC,1.0004178654489302,1.000659339221414,818438.5727473832,
2025-07-19 16:00:00.000 UTC,1.00046302393355,1.000713401289024,843795.7048713746,
2025-07-19 15:00:00.000 UTC,1.0005118466829543,1.0007149460096538,482954.37789796485,
2025-07-19 14:00:00.000 UTC,1.000542067929999,1.000747663002889,165271.54012337746,
2025-07-19 13:00:00.000 UTC,1.0005314809813313,1.000751905980214,428671.2847846977,
2025-07-19 12:00:00.000 UTC,1.000253228665485,1.0007584236569274,87260.6894631144,
2025-07-19 11:00:00.000 UTC,1.0005523809523809,1.0007547279346434,48183.780530747536,
2025-07-19 10:00:00.000 UTC,1.0005529089303797,1.000820931514148,993094.8116258052,
2025-07-19 09:00:00.000 UTC,1.000610450345528,1.0008432732954247,460570.18605631066,
2025-07-19 08:00:00.000 UTC,1.000642574112815,1.0008981749359922,661575.4040185964,
2025-07-19 07:00:00.000 UTC,1.0006674744558806,1.0008851603984277,374932.6602765307,
2025-07-19 06:00:00.000 UTC,1.0006691792294808,1.0008710405460604,36886.0132379169,
2025-07-19 05:00:00.000 UTC,1.0006586405719022,1.0008705608406023,141755.4732594805,
2025-07-19 04:00:00.000 UTC,1.0006527693706133,1.0008593752413595,154659.88340200952,
2025-07-19 03:00:00.000 UTC,1.0006536600431317,1.0008578406115,82266.734571511,
2025-07-19 02:00:00.000 UTC,1.0006554965386156,1.0008569644628114,68066.82886098,
2025-07-19 01:00:00.000 UTC,1.000616320542972,1.000857299695023,274634.92653721484,
2025-07-19 00:00:00.000 UTC,1.000596129369617,1.0008195878408093,202955.13889207543,
2025-07-18 23:00:00.000 UTC,1.0005897923040463,1.0007943474380434,134080.0503906532,
2025-07-18 22:00:00.000 UTC,1.0005832673318042,1.000790881435627,270715.47503169696,
2025-07-18 21:00:00.000 UTC,1.0005765288535466,1.0008134683662648,467318.86972859746,
2025-07-18 20:00:00.000 UTC,1.0005862288808807,1.000828860265584,1055149.4430649288,
2025-07-18 19:00:00.000 UTC,1.0004301741129722,1.0008013886309106,2188483.960852239,
2025-07-18 18:00:00.000 UTC,1.0004257886910557,1.000666620851258,734323.6234894071,
2025-07-18 17:00:00.000 UTC,1.00046637,1.0007256269209943,803924.0743140881,
2025-07-18 16:00:00.000 UTC,1.0005141075318125,1.0007463651414221,909772.4702883228,
2025-07-18 15:00:00.000 UTC,1.0005040322580645,1.0007368937162326,1067421.3982849803,
2025-07-18 14:00:00.000 UTC,1.0005426246291647,1.0007902237561344,1217933.311927043,
2025-07-18 13:00:00.000 UTC,1.0005651060621195,1.0008070523893586,1129715.350380362,
2025-07-18 12:00:00.000 UTC,1.000543422235541,1.0007628084742308,481856.34464583,
2025-07-18 11:00:00.000 UTC,1.0005442547406425,1.0007825362338163,1097560.6031098466,
2025-07-18 10:00:00.000 UTC,1.0005600205966876,1.0007785599347856,701243.352931716,
2025-07-18 09:00:00.000 UTC,1.000544102025082,1.0007617825907702,446401.81576794817,
2025-07-18 08:00:00.000 UTC,1.0005619765494138,1.0010686368636552,4101185.2769548227,899131.3376919253
2025-07-18 07:00:00.000 UTC,1.0007483254503462,1.0020040071398868,12640854.91705849,9445780.856441438
2025-07-18 06:00:00.000 UTC,1.0008406147770315,1.0010631751924635,796321.7694688179,388159.9983125836
2025-07-18 05:00:00.000 UTC,1.0006255456000002,1.0011112735700496,7051967.226776333,931405.1602503661
2025-07-18 04:00:00.000 UTC,1.0006105739638784,1.000966837485406,6895072.2116650725,
2025-07-18 03:00:00.000 UTC,1.000725417,1.0009724597449432,3788365.369043408,
2025-07-18 02:00:00.000 UTC,1.000747638521267,1.0009909324495812,3382871.852987934,
2025-07-18 01:00:00.000 UTC,1.000579220861362,1.0009714427495104,6345883.960680794,
2025-07-18 00:00:00.000 UTC,1.000524944394016,1.0007763236642544,1831498.9564734,
2025-07-17 23:00:00.000 UTC,1.000482440967654,1.000722665354181,1466275.8969437638,
2025-07-17 22:00:00.000 UTC,1.0004802656725125,1.0006820677493218,141972.07556045428,
2025-07-17 21:00:00.000 UTC,1.0004684379707331,1.000680754848652,704705.7875381808,
2025-07-17 20:00:00.000 UTC,1.000465908434848,1.0006680941886474,184899.32639861348,
2025-07-17 19:00:00.000 UTC,1.000411948197465,1.0006639922731884,2214472.964169936,
2025-07-17 18:00:00.000 UTC,1.0004,1.0006135887563832,122723.82949730173,
2025-07-17 17:00:00.000 UTC,1.00039943584416,1.0006126757081881,663650.3086254775,
2025-07-17 16:00:00.000 UTC,1.0003936999992569,1.0006008904361656,678343.2093138422,
2025-07-17 15:00:00.000 UTC,1.0003904836361097,1.0005943585690036,428559.33394796506,
2025-07-17 14:00:00.000 UTC,1.00039,1.0005966578883199,290435.68213324586,
2025-07-17 13:00:00.000 UTC,1.0003882716001,1.0005938681603133,484919.937393183,
2025-07-17 12:00:00.000 UTC,1.0003880462068966,1.0204081632653061,190758.59993007864,0.00010204081632653062
2025-07-17 11:00:00.000 UTC,1.000384157702041,1.00058865233359,328593.04144039087,
2025-07-17 10:00:00.000 UTC,1.000396536282,1.0006096849731865,1541503.6407615128,
2025-07-17 09:00:00.000 UTC,1.0004039266055276,1.0006387005367001,1776095.3729833977,
2025-07-17 08:00:00.000 UTC,1.0004359445171203,1.0006387786151396,353114.63235806726,
2025-07-17 07:00:00.000 UTC,1.00038836,1.0006572750460605,3651764.546062901,
2025-07-17 06:00:00.000 UTC,1.0003878171738598,1.000634421732688,2175930.781135925,
2025-07-17 05:00:00.000 UTC,1.0004335216811426,1.000634770234825,145153.36597279692,
2025-07-17 04:00:00.000 UTC,1.0004261337921683,1.000633889425726,595880.3300673487,
2025-07-17 03:00:00.000 UTC,1.0004244012393126,1.0006273933756467,168331.5778878737,
2025-07-17 02:00:00.000 UTC,1.0004251780714513,1.0006407343727342,732052.8017919497,
2025-07-17 01:00:00.000 UTC,1.0004366137708611,1.0006411908755046,339272.45194474154,
2025-07-17 00:00:00.000 UTC,1.0004366946104588,1.000637498666173,195168.99956967254,
2025-07-16 23:00:00.000 UTC,1.0004297869613146,1.0006360235329448,376484.302334921,
2025-07-16 22:00:00.000 UTC,1.0004154868610051,1.000630647419188,656499.9203594641,
2025-07-16 21:00:00.000 UTC,1.0004179644310687,1.0006230607375652,242554.12856923582,
2025-07-16 20:00:00.000 UTC,1.0004187821630584,1.0006240457445008,475786.0286411315,
2025-07-16 19:00:00.000 UTC,1.0003332846676942,1.0006159122830673,3313392.8651124937,
2025-07-16 18:00:00.000 UTC,1.0002419048858986,1.0005327226581833,4223925.163419285,
2025-07-16 17:00:00.000 UTC,1.0001854423705392,1.0004345872522689,2297764.5277408357,
2025-07-16 16:00:00.000 UTC,1.0001506683999999,1.0003857616512724,1618069.8894803568,
2025-07-16 15:00:00.000 UTC,1.0000649165572186,1.000345620274265,3765727.7380069885,
2025-07-16 14:00:00.000 UTC,1.0000490444999999,1.0002657527098702,870537.5273350889,
2025-07-16 13:00:00.000 UTC,1.0000187461498982,1.000250103251033,1446724.560803622,
2025-07-16 12:00:00.000 UTC,0.9999975629824344,1.0002188123796616,842657.8585060594,
2025-07-16 11:00:00.000 UTC,0.9999949230769231,1.0001980419709633,825671.6976199877,
2025-07-16 10:00:00.000 UTC,0.9999633269766759,1.0001800623015562,447612.30934993003,
2025-07-16 09:00:00.000 UTC,0.9999145800644107,1.0001701326995633,3295399.771650817,
2025-07-16 08:00:00.000 UTC,0.9999172801720572,1.0001355935203364,262659.23083866324,
2025-07-16 07:00:00.000 UTC,0.9999327492423529,1.0001338480173803,139196.84501328043,
2025-07-16 06:00:00.000 UTC,0.9999333383681904,1.0001344514595691,94443.38669844245,
2025-07-16 05:00:00.000 UTC,0.9999325477791102,1.0001346466996832,156595.96746067473,
2025-07-16 04:00:00.000 UTC,0.9999319600605556,1.0001327868150762,25954.014424755933,
2025-07-16 03:00:00.000 UTC,0.9999317947340252,1.0001350952773964,202754.84741441964,
2025-07-16 02:00:00.000 UTC,0.9999311491935483,1.0001354029468605,286707.0666670444,
2025-07-16 01:00:00.000 UTC,0.9998934170998062,1.0001308299815566,1728203.5267425429,
2025-07-16 00:00:00.000 UTC,0.9998795821276595,1.0000956287892302,926466.5404801117,
2025-07-15 23:00:00.000 UTC,0.9998590477334769,1.0000796715521538,1486588.3826121816,
2025-07-15 22:00:00.000 UTC,0.9998576864909935,1.0000590240091307,160432.1175413133,
2025-07-15 21:00:00.000 UTC,0.9998504570893836,1.0000578816332255,604774.8270393412,
2025-07-15 20:00:00.000 UTC,0.9998521589832152,1.000054590127116,208929.18508314798,
2025-07-15 19:00:00.000 UTC,0.9998377522185412,1.0000517663481985,1054473.510982383,
2025-07-15 18:00:00.000 UTC,0.9998361432132336,1.0000383497145982,299152.51031637937,
2025-07-15 17:00:00.000 UTC,0.999832997311828,1.0000364070644374,825275.1379509732,
2025-07-15 16:00:00.000 UTC,0.9998296659200191,1.0000439430955694,1041906.9632944465,
2025-07-15 15:00:00.000 UTC,0.9998437747381992,1.0001060274378972,3978439.664539356,
2025-07-15 14:00:00.000 UTC,0.99990549375,1.0001213099457857,1153264.2418146026,
2025-07-15 13:00:00.000 UTC,0.9999100080992711,1.0001667396692773,2341041.4142515,
2025-07-15 12:00:00.000 UTC,0.999964980191876,1.0001776827335802,1016712.3440341752,
2025-07-15 11:00:00.000 UTC,0.9999734868193665,1.0001766492955153,327529.71739095537,
2025-07-15 10:00:00.000 UTC,0.9999736078394226,1.000209084679295,1358222.1170419967,
2025-07-15 09:00:00.000 UTC,1.0000013795693665,1.000230039470254,3318583.502426238,
2025-07-15 08:00:00.000 UTC,1.0000033099579548,1.0002230724571783,1357362.1438838053,
2025-07-15 07:00:00.000 UTC,1.0000264038939202,1.0002538962407914,1167747.7741618743,
2025-07-15 06:00:00.000 UTC,1.000052942823481,1.0002714406843485,1349195.573953059,
2025-07-15 05:00:00.000 UTC,1.00006095,1.0002653142316662,290127.1547961591,
2025-07-15 04:00:00.000 UTC,1.0000478632478633,1.000262536283872,690155.3040061932,
2025-07-15 03:00:00.000 UTC,1.000047,1.0002646099642507,1147198.1454596468,
2025-07-15 02:00:00.000 UTC,1.0000637522361693,1.000300442079059,2604740.813406938,
2025-07-15 01:00:00.000 UTC,1.0000537710323154,1.000264071050567,659948.1461587922,
2025-07-15 00:00:00.000 UTC,1.0000496367181668,1.00025364927402,475323.47178261925,
2025-07-14 23:00:00.000 UTC,1.0000494409822678,1.0002503382133152,101460.15943819513,
2025-07-14 22:00:00.000 UTC,1.000044058666239,1.0002497011132803,272555.05556413415,
2025-07-14 21:00:00.000 UTC,1.0000421742029553,1.0002452101913273,552701.7389298531,
2025-07-14 20:00:00.000 UTC,1.000047834379981,1.0002741740927295,1891970.2615454826,
2025-07-14 19:00:00.000 UTC,1.0000704715885878,1.0002852146575394,1288384.8157133632,
2025-07-14 18:00:00.000 UTC,1.000074625502008,1.0002780083534106,1483802.047121366,
2025-07-14 17:00:00.000 UTC,1.0000999916927367,1.0003439576689026,1909532.1132407063,
2025-07-14 16:00:00.000 UTC,1.000144036729909,1.0003651266680433,1431582.2665492073,
2025-07-14 15:00:00.000 UTC,1.000147387752317,1.0003529318876578,290175.3080615998,
2025-07-14 14:00:00.000 UTC,1.000141,1.0003474676591282,271693.00035243784,
2025-07-14 13:00:00.000 UTC,1.0001368611731303,1.0003760372631207,2637258.5423671007,
2025-07-14 12:00:00.000 UTC,1.0001133753678015,1.0003373396374666,722639.4026497983,
2025-07-14 11:00:00.000 UTC,1.0001137923315693,1.0003274725324878,727732.9969043852,
2025-07-14 10:00:00.000 UTC,1.0001136531846666,1.0004186843210017,2869723.508525494,
2025-07-14 09:00:00.000 UTC,1.0002182537459323,1.0004604568229045,1783732.8315220946,
2025-07-14 08:00:00.000 UTC,1.0002542113307686,1.000460034523731,620268.3681762888,
2025-07-14 07:00:00.000 UTC,1.0002585331778404,1.0005033853148315,1416765.921160631,
2025-07-14 06:00:00.000 UTC,1.0003012432088192,1.0005065115099638,421165.90300089563,
2025-07-14 05:00:00.000 UTC,1.0003023205832178,1.0005178363582514,536227.5797352475,
2025-07-14 04:00:00.000 UTC,1.0003088876001236,1.0005200427777126,551284.5228299295,
2025-07-14 03:00:00.000 UTC,1.0003110656235359,1.0006003602161297,384954.22291285946,
2025-07-14 02:00:00.000 UTC,1.000315635191514,1.0005202725629858,186837.93769616814,
2025-07-14 01:00:00.000 UTC,1.0003190436484652,1.0005197854696763,37608.042217035094,
2025-07-14 00:00:00.000 UTC,1.000320062806621,1.000528221836268,416724.2271986204,
2025-07-13 23:00:00.000 UTC,1.000321953755028,1.0005266235424057,25081.2951661677,
2025-07-13 22:00:00.000 UTC,1.0003255736707763,1.0005268852824334,65166.733554673534,
2025-07-13 21:00:00.000 UTC,1.0003254272193594,1.0005269618806703,79272.07113497797,
2025-07-13 20:00:00.000 UTC,1.0002470660901792,1.0005315037804168,165471.86611812926,
2025-07-13 19:00:00.000 UTC,1.0003298892312162,1.031452402192689,17452449.079833496,17319625.243619166
2025-07-13 18:00:00.000 UTC,1.0003257550016287,1.0005303144680973,157955.4967455435,
2025-07-13 17:00:00.000 UTC,1.000307857857858,1.0005259996402325,467906.60277971486,
2025-07-13 16:00:00.000 UTC,1.0003057960043862,1.0005080076865995,102163.12626932602,
2025-07-13 15:00:00.000 UTC,1.000298447057459,1.0005060565732258,308070.53995595983,
2025-07-13 14:00:00.000 UTC,1.0002946799999999,1.0005011750714723,201706.31447044556,
2025-07-13 13:00:00.000 UTC,1.0002942690597867,1.0005106556912724,487698.77118282876,
2025-07-13 12:00:00.000 UTC,1.0003098188833965,1.0005116933538196,88097.26794856177,
2025-07-13 11:00:00.000 UTC,1.000311053270729,1.000511413704838,15140.38439485271,
2025-07-13 10:00:00.000 UTC,1.0003110263331447,1.000514134998976,156832.3043584097,
2025-07-13 09:00:00.000 UTC,1.0003120971191937,1.0005141474470698,59843.72352170671,
2025-07-13 08:00:00.000 UTC,1.000312028913771,1.0005141569835798,11539.33888888713,
2025-07-13 07:00:00.000 UTC,1.000293482772214,1.000512253774646,753557.5562045234,
2025-07-13 06:00:00.000 UTC,1.0003014112903226,1.0005424073534643,1024260.5102508267,
2025-07-13 05:00:00.000 UTC,1.0003417360189764,1.0005459294138084,38469.9717676131,
2025-07-13 04:00:00.000 UTC,1.0003434301909382,1.0005459752463355,66481.89762249897,
2025-07-13 03:00:00.000 UTC,1.000317262416858,1.0005546311702718,814298.8178083872,
2025-07-13 02:00:00.000 UTC,1.0003191655970665,1.000521602947413,183110.13242989214,
2025-07-13 01:00:00.000 UTC,1.0003249537825343,1.0005276956424471,99679.25756179301,
2025-07-13 00:00:00.000 UTC,1.0003238849985308,1.0005271406804617,105883.66691334925,
2025-07-12 23:00:00.000 UTC,1.0003210933963207,1.0005244133837181,131369.85949894853,
2025-07-12 22:00:00.000 UTC,1.0003194077803976,1.0005222976546844,77891.53708054099,
2025-07-12 21:00:00.000 UTC,1.0003214875910658,1.0005221313874464,38148.642849317665,
2025-07-12 20:00:00.000 UTC,1.000321578772322,1.000522962573159,53215.30610156016,
2025-07-12 19:00:00.000 UTC,1.0003266797423964,1.0005407678904044,595132.7260781876,
2025-07-12 18:00:00.000 UTC,1.0003388156308681,1.0005461808571712,202116.44098552986,
2025-07-12 17:00:00.000 UTC,1.000329815447826,1.0005472125241124,483619.0028253606,
2025-07-12 16:00:00.000 UTC,1.0002895063395314,1.000531810579215,1000879.8091133257,
2025-07-12 15:00:00.000 UTC,1.0002851350523063,1.0004939216460935,532306.4514824984,
2025-07-12 14:00:00.000 UTC,1.0002908358509568,1.0004996512446818,566669.1153707589,
2025-07-12 13:00:00.000 UTC,1.0002773037382793,1.00049552604429,1075838.5263760863,
2025-07-12 12:00:00.000 UTC,1.000279693822513,1.0004811424361626,125275.79599314781,
2025-07-12 11:00:00.000 UTC,1.0002772759049663,1.0004855324407371,327368.67935799906,
2025-07-12 10:00:00.000 UTC,1.0002779111189712,1.0004844078707067,291620.97498387663,
2025-07-12 09:00:00.000 UTC,1.0002745999361387,1.000475523360441,65552.27987184186,
2025-07-12 08:00:00.000 UTC,1.0002745274450475,1.0004766958989708,92740.56729267808,
2025-07-12 07:00:00.000 UTC,1.0002742207099897,1.000475225732223,47488.15592860141,
2025-07-12 06:00:00.000 UTC,1.0002622864824104,1.000481062723862,243301.59541736817,
2025-07-12 05:00:00.000 UTC,1.0002804618460943,1.0004892401462406,261607.80034278738,
2025-07-12 04:00:00.000 UTC,1.000271364037065,1.0004813019376144,498130.6753480596,
2025-07-12 03:00:00.000 UTC,1.0002688448079118,1.000471602570899,78236.38616041142,
2025-07-12 02:00:00.000 UTC,1.0002648512655843,1.000468887399168,240409.69890668316,
2025-07-12 01:00:00.000 UTC,1.000251294680088,1.0004651878978794,480963.6594454536,
2025-07-12 00:00:00.000 UTC,1.0002482140778284,1.0004518909084499,160591.52195784886,
2025-07-11 23:00:00.000 UTC,1.00024765993266,1.0004508865148367,287081.68432372453,
2025-07-11 22:00:00.000 UTC,1.0002294208013287,1.0004461357367145,473008.6561806049,
2025-07-11 21:00:00.000 UTC,1.0001921838232921,1.0004294625732586,1115471.7481633653,
2025-07-11 20:00:00.000 UTC,1.000188141588433,1.0003961698496813,401514.9597583637,
2025-07-11 19:00:00.000 UTC,1.000190192099799,1.000450024949787,1787262.8656575368,
2025-07-11 18:00:00.000 UTC,1.0002390693929548,1.0004443060049155,219849.3515529093,
2025-07-11 17:00:00.000 UTC,1.0002387313432837,1.000439925359381,223460.2966726271,
2025-07-11 16:00:00.000 UTC,1.0002267407407406,1.0004395335840166,836305.6665814179,
2025-07-11 15:00:00.000 UTC,1.0002094220737188,1.000431527544318,784489.8535147916,
2025-07-11 14:00:00.000 UTC,1.0002093930607774,1.000416860815715,438639.50365006446,
2025-07-11 13:00:00.000 UTC,1.0002145146926271,1.000422977421401,834435.8481886458,
2025-07-11 12:00:00.000 UTC,1.00022,1.0004763247557142,2777837.8245845702,
2025-07-11 11:00:00.000 UTC,1.0002583402297038,1.0004732368213205,423002.9168478458,
2025-07-11 10:00:00.000 UTC,1.0002385142442798,1.0004599857575027,603338.8147134652,
2025-07-11 09:00:00.000 UTC,1.0002287801724137,1.0004390377070893,385738.48248476174,
2025-07-11 08:00:00.000 UTC,0.9995814148179154,1.0004315318851829,183238.55536492675,
2025-07-11 07:00:00.000 UTC,1.0002224653116167,1.000435215910688,751331.272276009,
2025-07-11 06:00:00.000 UTC,1.0002049531013615,1.0004338507292574,1202464.9500590481,
2025-07-11 05:00:00.000 UTC,1.000177900581456,1.0004087997142859,1164610.4854779074,
2025-07-11 04:00:00.000 UTC,1.0001743474913198,1.0003895169688968,781308.6968458734,
2025-07-11 03:00:00.000 UTC,1.0001764816584033,1.0004182952419391,1326722.9953473294,
2025-07-11 02:00:00.000 UTC,1.0002132952696683,1.0004584166750827,4168770.2485907003,
2025-07-11 01:00:00.000 UTC,1.0002229934678988,1.0004464953639922,1335319.6468223142,
2025-07-11 00:00:00.000 UTC,1.000247116463066,1.0004718633952379,1131967.8496884292,
2025-07-10 23:00:00.000 UTC,1.0002564133735794,1.0005209955583696,3420619.3847923907,
2025-07-10 22:00:00.000 UTC,1.0002893547795437,1.000516896274293,1514974.8741417122,
2025-07-10 21:00:00.000 UTC,1.0003508492513633,1.0007640031019267,3713020.0429121475,
2025-07-10 20:00:00.000 UTC,1.0004650915651445,1.0007488032237675,1193500.9128034129,
2025-07-10 19:00:00.000 UTC,1.0004602494045116,1.0006653434157544,226090.44022926383,
2025-07-10 18:00:00.000 UTC,1.0004532605,1.0006627537647317,458406.4848220824,
2025-07-10 17:00:00.000 UTC,1.000449296273237,1.000674210022676,626480.3043708061,
2025-07-10 16:00:00.000 UTC,1.0003217441413754,1.0006872953218087,3616139.6053777547,
2025-07-10 15:00:00.000 UTC,1.0002438852550133,1.0005232841128522,1568404.0454481996,
2025-07-10 14:00:00.000 UTC,1.0001922693925867,1.0004442141568917,1198439.13450853,
2025-07-10 13:00:00.000 UTC,1.00018649594479,1.0003987795742617,559603.8010931106,
2025-07-10 12:00:00.000 UTC,1.0001810525052266,1.0003865744772424,212618.27607178342,
2025-07-10 11:00:00.000 UTC,1.0001679555121457,1.0003812097815188,449448.722077355,
2025-07-10 10:00:00.000 UTC,1.0001632466792951,1.0003682289405307,209890.3342683,
2025-07-10 09:00:00.000 UTC,1.0001605170944923,1.0003668803694978,290781.35841112316,
2025-07-10 08:00:00.000 UTC,1.0001576872888898,1.0003631314649162,279704.73412471893,
2025-07-10 07:00:00.000 UTC,1.0001401460604815,1.0003630779585941,665687.1454281436,
2025-07-10 06:00:00.000 UTC,1.0001399133606566,1.0003738286784771,1186836.8014548044,
2025-07-10 05:00:00.000 UTC,1.0001670911859144,1.0003720837843744,149896.94676434604,
2025-07-10 04:00:00.000 UTC,1.0001670307430712,1.000369044704071,87864.67523309196,
2025-07-10 03:00:00.000 UTC,1.0001608076722934,1.0003693594521847,269266.75247440673,
2025-07-10 02:00:00.000 UTC,1.0001575828931635,1.000361840111522,259878.7929992689,
2025-07-10 01:00:00.000 UTC,1.0001318424589587,1.0003579324264091,780401.5414292017,
2025-07-10 00:00:00.000 UTC,1.0001222496089364,1.0003314664156926,286424.96268072125,
2025-07-09 23:00:00.000 UTC,1.0000785092168663,1.0003278949086334,3261517.747072366,
2025-07-09 22:00:00.000 UTC,1.0000680328,1.0002958231655703,1393255.7115428955,
2025-07-09 21:00:00.000 UTC,1.0000246636363637,1.0002526469502653,933437.9279808729,
2025-07-09 20:00:00.000 UTC,0.9999983724031108,1.0002248132385994,1397542.9332836592,
2025-07-09 19:00:00.000 UTC,0.9999917981795887,1.000211583020141,1479592.2949884958,
2025-07-09 18:00:00.000 UTC,0.9999724370394434,1.0002508340332936,3930724.6034585554,
2025-07-09 17:00:00.000 UTC,1.0000337286545802,1.0002572238020817,782802.7782578891,
2025-07-09 16:00:00.000 UTC,1.000036196998545,1.0002575828600007,934117.8730156395,
2025-07-09 15:00:00.000 UTC,1.0000382480930374,1.0002456864575433,640340.0770195199,
2025-07-09 14:00:00.000 UTC,1.000037543888345,1.0002533755625937,512994.2198357917,
2025-07-09 13:00:00.000 UTC,1.000040415459206,1.0002849513445782,1457116.333988672,
2025-07-09 12:00:00.000 UTC,1.0000837785142167,1.000289652266811,243128.31495459465,
2025-07-09 11:00:00.000 UTC,1.0000808344532826,1.0002847097229335,220637.137869208,
2025-07-09 10:00:00.000 UTC,1.0000718133329383,1.0002816613568155,319689.1298775134,
2025-07-09 09:00:00.000 UTC,1.0000708241670409,1.0002736672189243,94994.69898442886,
2025-07-09 08:00:00.000 UTC,1.0000676680122733,1.000285598920633,356383.8921759745,
2025-07-09 07:00:00.000 UTC,1.0000585353699973,1.000261970426836,121739.67122794551,
2025-07-09 06:00:00.000 UTC,1.000058361729201,1.0002592130261203,22360.102436912814,
2025-07-09 05:00:00.000 UTC,1.00005575741806,1.000259234030702,98350.99905930474,
2025-07-09 04:00:00.000 UTC,1.0000396455686167,1.0002602263969653,18910.536599385756,
2025-07-09 03:00:00.000 UTC,1.000057,1.0002585643652993,77195.80302000973,
2025-07-09 02:00:00.000 UTC,1.000049097877532,1.0002575661887996,410619.6231833806,
2025-07-09 01:00:00.000 UTC,1.0000509593514366,1.0002533638412041,119915.88457914852,
2025-07-09 00:00:00.000 UTC,1.0000459733124922,1.0002518679574646,145081.9038083781,
2025-07-08 23:00:00.000 UTC,1.000044947976592,1.0002471128771886,54306.90870123154,
2025-07-08 22:00:00.000 UTC,1.0000423106866023,1.0002447596926478,245521.6322941942,
2025-07-08 21:00:00.000 UTC,1.000007952226761,1.0002350272448264,995575.4951286771,
2025-07-08 20:00:00.000 UTC,1.0000072833400333,1.0002114100124755,168651.9541719121,
2025-07-08 19:00:00.000 UTC,0.9999981464464841,1.0002060181475207,372431.343963498,
2025-07-08 18:00:00.000 UTC,0.9999919627909368,1.000199190591827,288677.08386034117,
2025-07-08 17:00:00.000 UTC,0.999985009257597,1.0001932960530655,533501.0447694773,
2025-07-08 16:00:00.000 UTC,0.9999859315206377,1.0001923588515766,232876.91862264936,
2025-07-08 15:00:00.000 UTC,0.9999861734456232,1.0001935607513448,316624.83551236254,
2025-07-08 14:00:00.000 UTC,0.9999870985,1.0001925730133536,251987.71054036578,
2025-07-08 13:00:00.000 UTC,0.9999865503782295,1.0001921992927212,373087.304812964,
2025-07-08 12:00:00.000 UTC,0.9999881912442397,1.0001890100318982,71240.06690807635,
2025-07-08 11:00:00.000 UTC,0.9999576209682972,1.0001887033803754,972474.6870026927,
2025-07-08 10:00:00.000 UTC,0.9999583453341014,1.000167152727378,347656.3088696381,
2025-07-08 09:00:00.000 UTC,0.9998999999999999,1.0001825675977447,652580.7012179911,
2025-07-08 08:00:00.000 UTC,0.9999704996244123,1.0001766920845818,230613.50719952927,
2025-07-08 07:00:00.000 UTC,0.9999653225806452,1.000170974330316,225545.42790708365,
2025-07-08 06:00:00.000 UTC,0.999959458673792,1.0001653842484646,464404.40020049096,
2025-07-08 05:00:00.000 UTC,0.9999543562821646,1.0001584049053442,167972.13818936574,
2025-07-08 04:00:00.000 UTC,0.999953538021233,1.0002000400080016,93730.37726874114,
2025-07-08 03:00:00.000 UTC,0.999945564516129,1.0001542375006358,263011.7832042506,
2025-07-08 02:00:00.000 UTC,0.9999431459767657,1.0001472679178522,194401.7859994416,
2025-07-08 01:00:00.000 UTC,0.9999450261144913,1.000147218685808,67293.39998799552,
2025-07-08 00:00:00.000 UTC,0.9999445145018915,1.0002307447752463,3407233.9701206516,
2025-07-07 23:00:00.000 UTC,0.9999958158138574,1.0001990314469686,53738.47405590648,
2025-07-07 22:00:00.000 UTC,0.999993810974792,1.0001960137667696,55017.3735043218,
2025-07-07 21:00:00.000 UTC,0.9999926024952915,1.0001951220988194,108356.37445574126,
2025-07-07 20:00:00.000 UTC,0.9999743489294348,1.000192243096399,507497.3863528061,
2025-07-07 19:00:00.000 UTC,0.9999723343653251,1.0001749862631557,120001.32592164578,
2025-07-07 18:00:00.000 UTC,0.9999598198852782,1.000171341410542,377727.6216078589,
2025-07-07 17:00:00.000 UTC,0.9999467045780152,1.0001593365841024,576347.8297946955,
2025-07-07 16:00:00.000 UTC,0.9999407683809131,1.000252392662623,2549637.261627192,
2025-07-07 15:00:00.000 UTC,1.0000482675133855,1.00026972552946,967785.0467322716,
2025-07-07 14:00:00.000 UTC,1.0000582927123638,1.0002668059927546,412323.7833456195,
2025-07-07 13:00:00.000 UTC,1.000056288803091,1.0002593473285,213664.60278325225,
2025-07-07 12:00:00.000 UTC,1,1.0002687369540526,493061.55665874557,
2025-07-07 11:00:00.000 UTC,1.0000664596666453,1.0002686371465352,110808.86749959378,
2025-07-07 10:00:00.000 UTC,1.0000651172690997,1.000305468251975,964456.105433853,
2025-07-07 09:00:00.000 UTC,1.0001030586927655,1.0003110547249552,387389.85455849295,
2025-07-07 08:00:00.000 UTC,1.0001018226249871,1.000311529504757,98383.43438599352,
2025-07-07 07:00:00.000 UTC,1.0000997576885744,1.0204081632653061,294461.4877629841,0.00010204081632653062
2025-07-07 06:00:00.000 UTC,1.0000993178913509,1.0003009340548803,294043.3736860329,
2025-07-07 05:00:00.000 UTC,1.0001077059692913,1.000357021673247,1494703.211242418,
2025-07-07 04:00:00.000 UTC,1.0001529921386125,1.0003559830100055,175383.84182355087,
2025-07-07 03:00:00.000 UTC,1.0001541701398275,1.0003728651979922,652150.8530757983,
2025-07-07 02:00:00.000 UTC,1.0001725318389025,1.0003748148753675,98193.47769664397,
2025-07-07 01:00:00.000 UTC,1.000172812105927,1.0003738054862843,47564.457464983316,
2025-07-07 00:00:00.000 UTC,1.000171475186641,1.000373430844661,64847.95443079277,
2025-07-06 23:00:00.000 UTC,1.0001706002094437,1.0003716341932642,74082.17093903087,
2025-07-06 22:00:00.000 UTC,1.0001702191454374,1.0003774364044908,240160.23465702526,
2025-07-06 21:00:00.000 UTC,1.000176682514001,1.0003791931930457,241840.6953384246,
2025-07-06 20:00:00.000 UTC,1.000177,1.0003780920541137,42367.00881917484,
2025-07-06 19:00:00.000 UTC,1.000177930338213,1.0003892883130767,446902.24634029024,
2025-07-06 18:00:00.000 UTC,1.0001862,1.000388176538254,124354.25115615009,
2025-07-06 17:00:00.000 UTC,1.0001861428837346,1.0004363793063478,1507621.1858113182,
2025-07-06 16:00:00.000 UTC,1.000233741453331,1.0004409046654132,262996.6788646794,
2025-07-06 15:00:00.000 UTC,1.000234722957717,1.0004413382429467,387115.3136757004,
2025-07-06 14:00:00.000 UTC,1.000234968730556,1.0004378865083314,192680.07842640794,
2025-07-06 13:00:00.000 UTC,1.0002346384523115,1.000438078328586,300021.0118881956,
2025-07-06 12:00:00.000 UTC,1.000234106334579,1.0004376258093992,137930.90145630742,
2025-07-06 11:00:00.000 UTC,1.0002320453784013,1.0004344922239101,78308.81683344599,
2025-07-06 10:00:00.000 UTC,1.0002319690553154,1.0004333893926987,39909.84353787538,
2025-07-06 09:00:00.000 UTC,1.0002284678924829,1.0004329758718042,166237.90909906547,
2025-07-06 08:00:00.000 UTC,1.000215094891712,1.000430179567935,477537.38343855547,
2025-07-06 07:00:00.000 UTC,1.0002141162113571,1.0004427875154212,1170184.5014531023,
2025-07-06 06:00:00.000 UTC,1.0002167338709678,1.0004427812091712,1045138.448192991,
2025-07-06 05:00:00.000 UTC,1.0002178447493086,1.0004222081486172,11976.958957114859,
2025-07-06 04:00:00.000 UTC,1.0002179368624542,1.0004187421978208,14670.234094319349,
2025-07-06 03:00:00.000 UTC,1.0002177692545642,1.0004187003377765,21289.607906987978,
2025-07-06 02:00:00.000 UTC,1.000217950528209,1.000491378540159,21171.69891775262,
2025-07-06 01:00:00.000 UTC,1.0002089128833278,1.000419177984867,111205.4446504143,
2025-07-06 00:00:00.000 UTC,1.0002168765006703,1.0004173897216997,26573.360860121684,
2025-07-05 23:00:00.000 UTC,1.0002148969019937,1.0004174091651024,230184.03194520835,
2025-07-05 22:00:00.000 UTC,1.0002174902455512,1.0004207476645506,190686.56455175896,
2025-07-05 21:00:00.000 UTC,1.0002179705967367,1.0004188000079137,28265.48692698561,
2025-07-05 20:00:00.000 UTC,1.000218621684209,1.0004193427432757,32780.675096011175,
2025-07-05 19:00:00.000 UTC,1.000219019630306,1.0004211670554974,142846.01704660917,
2025-07-05 18:00:00.000 UTC,1.0002191435857148,1.000419944342305,36131.36962994496,
2025-07-05 17:00:00.000 UTC,1.000218814497985,1.0004193641448804,34527.453172128466,
2025-07-05 16:00:00.000 UTC,1.000219204852237,1.0004294796274664,588987.0769294926,
2025-07-05 15:00:00.000 UTC,1.0002196180225484,1.0004311407375144,331123.5522055786,
2025-07-05 14:00:00.000 UTC,1.0002016129032258,1.0004198804330653,6323.617849881796,
2025-07-05 13:00:00.000 UTC,1.000218528566806,1.0004196755377155,139904.15348528101,
2025-07-05 12:00:00.000 UTC,1.000212737341468,1.0004169553281326,210299.6048710459,
2025-07-05 11:00:00.000 UTC,1.0002120187240289,1.000413259333413,66640.41919918824,
2025-07-05 10:00:00.000 UTC,1.0002113413010836,1.000419693768271,27409.85401564162,
2025-07-05 09:00:00.000 UTC,1.000210035455928,1.0004115910597506,58862.77493756343,
2025-07-05 08:00:00.000 UTC,1.0002066267204335,1.0004108618748035,109028.91087860311,
2025-07-05 07:00:00.000 UTC,1.000205740661484,1.0004069522626424,31655.10097035149,
2025-07-05 06:00:00.000 UTC,1.0001976492733229,1.0004060260132912,315028.31227233,
2025-07-05 05:00:00.000 UTC,1.0001875999999998,1.0003938768534042,195588.9261714582,
2025-07-05 04:00:00.000 UTC,1.0001866130008847,1.0003887590999168,178592.49276347103,
2025-07-05 03:00:00.000 UTC,1.0001828460001099,1.0003890781756235,114986.66373803533,
2025-07-05 02:00:00.000 UTC,1.000183383923432,1.0003843476663734,27434.24555177288,
2025-07-05 01:00:00.000 UTC,1.0001819168077901,1.0003844865289304,73349.12731279588,
2025-07-05 00:00:00.000 UTC,1.0001833928647668,1.0003867580622599,94455.44907437118,
2025-07-04 23:00:00.000 UTC,1.0001842645842443,1.0003864891714063,58304.32633161709,
2025-07-04 22:00:00.000 UTC,1.0001718474314918,1.0003835366217213,379408.22148317687,
2025-07-04 21:00:00.000 UTC,1.0001709778240067,1.0003724835849115,47512.64125868954,
2025-07-04 20:00:00.000 UTC,1.0001703011571634,1.000375695262464,208969.62302410958,
2025-07-04 19:00:00.000 UTC,1.0001733528981767,1.0004365863709537,1986702.388034394,
2025-07-04 18:00:00.000 UTC,1.0002496575871245,1.0005147290487166,2125731.330994733,
2025-07-04 17:00:00.000 UTC,1.000299205566631,1.0005296523201845,2367592.538336054,
2025-07-04 16:00:00.000 UTC,1.0003186085213032,1.0005323735425116,793630.7199848078,
2025-07-04 15:00:00.000 UTC,1.000318184110971,1.0005197527500231,125410.43080343491,
2025-07-04 14:00:00.000 UTC,1.0003149389877288,1.0005298052481084,762722.0438669616,
2025-07-04 13:00:00.000 UTC,1.0003205630395005,1.0005227254361853,160164.91529645975,
2025-07-04 12:00:00.000 UTC,1.000318,1.0005247575010883,151233.80825105074,
2025-07-04 11:00:00.000 UTC,1.0002586318375792,1.0005239277318028,190085.56228463867,
2025-07-04 10:00:00.000 UTC,1.000316348064708,1.0005187974896839,89359.4111395524,
2025-07-04 09:00:00.000 UTC,1.0003148793392695,1.0005169727894363,90793.33591106877,
2025-07-04 08:00:00.000 UTC,1.000323557907,1.0005397558921376,806465.0018866102,
2025-07-04 07:00:00.000 UTC,1.000332356922452,1.0006040731791508,224500.66112321184,
2025-07-04 06:00:00.000 UTC,1.0003300197703433,1.0005542700724408,729902.3042698815,
2025-07-04 05:00:00.000 UTC,1.0003518115407455,1.0005563564279554,332899.56164144364,
2025-07-04 04:00:00.000 UTC,1.00035568,1.0005617613624007,293926.84802851547,
2025-07-04 03:00:00.000 UTC,1.0003515018986662,1.0005559054744717,130651.28215524077,
2025-07-04 02:00:00.000 UTC,1.0003498810094023,1.0005519297792285,127304.50135269204,
2025-07-04 01:00:00.000 UTC,1.0003501108967767,1.0005520897830908,88182.1955295317,
2025-07-04 00:00:00.000 UTC,1.000351742138225,1.0005549720884894,75843.5943503584,
2025-07-03 23:00:00.000 UTC,1.0003535806666668,1.000559992926405,62710.00907448739,
2025-07-03 22:00:00.000 UTC,1.0003535916978614,1.0005553500863944,54513.230178872094,
2025-07-03 21:00:00.000 UTC,1.000347763546798,1.0005545760682568,257023.41789950096,
2025-07-03 20:00:00.000 UTC,1.0003480155689073,1.0005496153626692,91191.76984211573,
2025-07-03 19:00:00.000 UTC,1.0003290322821692,1.0005493910014682,522507.19620055973,
2025-07-03 18:00:00.000 UTC,1.0003276209677419,1.0005322546306152,85875.32783989972,
2025-07-03 17:00:00.000 UTC,1.0003264237800473,1.0005289463029454,89539.45358952273,
2025-07-03 16:00:00.000 UTC,1.0003202306920762,1.0005264757642136,206038.0154025996,
2025-07-03 15:00:00.000 UTC,1.0003185483870967,1.0005204710204603,77521.36998423163,
2025-07-03 14:00:00.000 UTC,1.000305291085454,1.0005188130578404,491007.4204502165,
2025-07-03 13:00:00.000 UTC,1.0003055451367424,1.0005171729434963,383728.8013840737,
2025-07-03 12:00:00.000 UTC,1.000310290245083,1.0005167163158943,346382.6086052677,
2025-07-03 11:00:00.000 UTC,1.0003055714285713,1.0005106867329825,267909.51892796205,
2025-07-03 10:00:00.000 UTC,1.0003029844472469,1.0005055554571725,81666.33647103753,
2025-07-03 09:00:00.000 UTC,1.0002983386152549,1.000524154427732,910304.4022230856,
2025-07-03 08:00:00.000 UTC,1.00032093,1.0005216412264941,31330.344335031925,
2025-07-03 07:00:00.000 UTC,1.0003205938924322,1.0005294832208176,287329.36534628447,
2025-07-03 06:00:00.000 UTC,1.000324,1.000528857273185,156202.130768787,
2025-07-03 05:00:00.000 UTC,1.000323811509857,1.0005842875441922,2030726.6582508024,
2025-07-03 04:00:00.000 UTC,1.0003663665001505,1.000576292557211,411302.7966096487,
2025-07-03 03:00:00.000 UTC,1.000363344394088,1.0005653920124922,88145.41024277716,
2025-07-03 02:00:00.000 UTC,1.0003677926092365,1.0006186110209143,1752773.5063500348,
2025-07-03 01:00:00.000 UTC,1.0004081388507726,1.0006185179657807,315213.22309329576,
2025-07-03 00:00:00.000 UTC,1.0004057102048705,1.000609352249976,147752.9753047015,
2025-07-02 23:00:00.000 UTC,1.0004048362185372,1.0006233779841278,631507.225996639,
2025-07-02 22:00:00.000 UTC,1.0004146486666667,1.0006196775436187,206165.06553135332,
2025-07-02 21:00:00.000 UTC,1.000414989473228,1.0007099788181635,2834884.402377111,
2025-07-02 20:00:00.000 UTC,1.0004805141901083,1.0007377812395306,1237684.4712739973,
2025-07-02 19:00:00.000 UTC,1.0004404586834734,1.000680604452901,1022259.0614316616,
2025-07-02 18:00:00.000 UTC,1.000367649122807,1.0006406823885272,1690672.050593679,
2025-07-02 17:00:00.000 UTC,1.0002936566705325,1.0005696208527373,1757726.1891999862,
2025-07-02 16:00:00.000 UTC,1.0002345352,1.0004946420102034,1910965.2360922317,
2025-07-02 15:00:00.000 UTC,1.0002031149193549,1.0004354766729013,911464.0527286716,
2025-07-02 14:00:00.000 UTC,1.000177,1.000403324461251,746203.5250110673,
2025-07-02 13:00:00.000 UTC,1.000176,1.0003779555896157,66406.87145738165,
2025-07-02 12:00:00.000 UTC,1.000177,1.0003785702612082,110602.79869676281,
2025-07-02 11:00:00.000 UTC,1.000177234,1.0003790913963937,47832.7761588352,
2025-07-02 10:00:00.000 UTC,1.0001772008662866,1.0003778455341694,41814.156846379505,
2025-07-02 09:00:00.000 UTC,1.000170223037559,1.0003774066735422,258317.84510289214,
2025-07-02 08:00:00.000 UTC,1.0001694595343034,1.0003710984841803,61136.74046014914,
2025-07-02 07:00:00.000 UTC,1.0001547866911378,1.0003655313143198,544126.9292952337,
2025-07-02 06:00:00.000 UTC,1.000155,1.0003623998362798,239824.7674772456,
2025-07-02 05:00:00.000 UTC,1.000156068657321,1.0003625214997662,363533.5303817304,
2025-07-02 04:00:00.000 UTC,1.0001588499181115,1.000370828642105,547475.6467959167,
2025-07-02 03:00:00.000 UTC,1.0001637630526752,1.0003760520799143,802998.9392759508,
2025-07-02 02:00:00.000 UTC,1.0001642528299688,1.000373335545692,467725.36817187606,
2025-07-02 01:00:00.000 UTC,1.0001671282431737,1.0004202704499248,2674746.873548454,
2025-07-02 00:00:00.000 UTC,1.0001823080266212,1.0003888912646672,228630.3593550312,
2025-07-01 23:00:00.000 UTC,1.000163336807743,1.0003908479166665,974198.7221531179,
2025-07-01 22:00:00.000 UTC,1.0001652200000002,1.000374340723636,357018.92161526653,
2025-07-01 21:00:00.000 UTC,1.000157971458945,1.0003772971512295,832838.5115860949,
2025-07-01 20:00:00.000 UTC,1.0001579743333333,1.000384245185052,837741.07902994,
2025-07-01 19:00:00.000 UTC,1.0001801358,1.0004164318287552,1592765.8472292372,
2025-07-01 18:00:00.000 UTC,1.0001976428091397,1.000404507505641,379592.3289653409,
2025-07-01 17:00:00.000 UTC,1.0002002695300056,1.0004049281719514,276731.2094926899,
2025-07-01 16:00:00.000 UTC,1.000199070300752,1.000400978084048,193777.03504797543,
2025-07-01 15:00:00.000 UTC,1.0001985245627163,1.000399337765912,126586.8304952504,
2025-07-01 14:00:00.000 UTC,1.0001669835,1.000396808029925,827441.9284340695,
2025-07-01 13:00:00.000 UTC,1.0001599472222222,1.000367173381863,258755.57321865179,
2025-07-01 12:00:00.000 UTC,1.000157346258875,1.000359942283479,169546.09432089707,
2025-07-01 11:00:00.000 UTC,1.000151810589796,1.0003572730269998,204109.90324144892,
2025-07-01 10:00:00.000 UTC,1.0001444112791393,1.0003523694859222,225362.14291666582,
2025-07-01 09:00:00.000 UTC,1.0001327366666668,1.0003450586506177,348085.86921371793,
2025-07-01 08:00:00.000 UTC,1.0001256700664136,1.0003323518881448,192320.59351726878,
2025-07-01 07:00:00.000 UTC,1.000124,1.0003273945175513,134238.93972509739,
2025-07-01 06:00:00.000 UTC,1.0001138448130487,1.0003246717176264,297738.55120208015,
2025-07-01 05:00:00.000 UTC,1.0001002240285817,1.0003140743935037,370338.0666346005,
2025-07-01 04:00:00.000 UTC,1.000092906061916,1.0002997940090204,202936.52053725807,
2025-07-01 03:00:00.000 UTC,1.000066369107322,1.0002866558696257,783105.5956183096,
2025-07-01 02:00:00.000 UTC,1.0000438938322116,1.000372800758287,3975009.4548797137,
2025-07-01 01:00:00.000 UTC,1.000177635034593,1.0003788218670042,53235.165384708365,
2025-07-01 00:00:00.000 UTC,1.0001786116927605,1.000379188704617,61740.43907925461,
